"Accession_ID","Mg_blues","chr5_21392702","chr5_21405867","chr5_282011","Latitude","Longitude","bio1","bio2","bio3","bio4","bio5","bio6","bio7","bio8","bio9","bio10","bio11","bio12","bio13","bio14","bio15","bio16","bio17","bio18","bio19","awc","bulk_density","CaCO3","CEC","clay","CN","coarse_fragments","K","N","P","ph","sand","silt","srad_mean","ai","GRIDCODE","CLASSLIMIT"
88,4381.23768413198,"0","0","1",47.4,0.683333,11.8291664123535,8.82499980926514,37.8755378723145,557.541076660156,25.5,2.20000004768372,23.2999992370605,6.05000019073486,18.9166660308838,18.9166660308838,5.34999990463257,661,67,38,14.9270353317261,191,134,134,188,0.0810467451810837,1.35148394107819,56.8353385925293,14.530876159668,22.4017658233643,13.5959577560425,15.1497440338135,226.204864501953,1.24011218547821,36.844051361084,7.18678617477417,51.2259140014648,26.3723220825195,11783.8330078125,0.640399992465973,38,"44.8 - 48.2 mg/kg"
108,4249.45638181171,"0","0","1",48.5167,-4.06667,11.1000003814697,6.41666650772095,37.7450981140137,392.538360595703,20.7999992370605,3.79999995231628,17,7.56666660308838,15.9833335876465,16.1333332061768,6.70000028610229,1091,132,49,31.8049335479736,387,166,193,371,0.0912350118160248,1.40968084335327,38.288257598877,11.7757844924927,17.3300952911377,13.4825315475464,11.2800960540771,201.766662597656,2.7725236415863,44.490234375,6.17445659637451,22.3966979980469,60.2732086181641,11146.5830078125,1.27980005741119,31,"26.9 - 28.9 mg/kg"
139,4489.03874815149,"0","0","1",48.5167,-4.06667,11.1000003814697,6.41666650772095,37.7450981140137,392.538360595703,20.7999992370605,3.79999995231628,17,7.56666660308838,15.9833335876465,16.1333332061768,6.70000028610229,1091,132,49,31.8049335479736,387,166,193,371,0.0912350118160248,1.40968084335327,38.288257598877,11.7757844924927,17.3300952911377,13.4825315475464,11.2800960540771,201.766662597656,2.7725236415863,44.490234375,6.17445659637451,22.3966979980469,60.2732086181641,11146.5830078125,1.27980005741119,31,"26.9 - 28.9 mg/kg"
159,4812.73588566789,"0",".","1",47.35,3.93333,9.32499980926514,7.69999980926514,32.3529396057129,596.4306640625,22.7000007629395,-1.10000002384186,23.8000011444092,3.21666669845581,5.13333320617676,16.783332824707,2.13333344459534,859,81,60,10.7757472991943,235,188,213,221,0.102306298911572,1.01262748241425,25.1464767456055,11.5001211166382,24.2136363983154,13.3218364715576,25.5922241210938,143.398696899414,2.19525718688965,25.7374153137207,5.86264705657959,27.3403854370117,48.4459762573242,11838.9169921875,0.952400028705597,29,"23.2 - 25.0 mg/kg"
265,3798.74364867965,"0","1","1",44.65,-1.16667,12.9624996185303,9.55833339691162,42.2935104370117,483.411773681641,25.2000007629395,2.59999990463257,22.6000003814697,8,18.8999996185303,18.9833335876465,7.30000019073486,949,114,43,27.2301731109619,322,158,187,292,0.0714254155755043,1.13535761833191,0,5.86975383758545,11.7462406158447,15.62855052948,7.82342958450317,237.268997192383,2.04334878921509,10.124885559082,5.43571043014526,70.7523498535156,17.5014114379883,12972.3330078125,0.914699971675873,NA,""
350,5330.87050281458,"0","0","1",46.6667,4.11667,10.720832824707,9.17500019073486,35.5620155334473,621.583251953125,25.3999996185303,-0.400000005960464,25.7999992370605,16.6833324432373,6.66666650772095,18.5666656494141,3.28333330154419,774,79,47,16.0189647674561,217,152,217,174,0.103812992572784,1.23484444618225,0.782203376293182,11.0729188919067,24.9897804260254,10.5562372207642,12.934365272522,237.66960144043,1.74362909793854,36.6196212768555,6.27687788009644,31.8228454589844,43.1873741149902,12031.5830078125,0.775300025939941,36,"38.7 - 41.7 mg/kg"
351,5287.27535127083,"0","0",".",46.6667,4.11667,10.720832824707,9.17500019073486,35.5620155334473,621.583251953125,25.3999996185303,-0.400000005960464,25.7999992370605,16.6833324432373,6.66666650772095,18.5666656494141,3.28333330154419,774,79,47,16.0189647674561,217,152,217,174,0.103812992572784,1.23484444618225,0.782203376293182,11.0729188919067,24.9897804260254,10.5562372207642,12.934365272522,237.66960144043,1.74362909793854,36.6196212768555,6.27687788009644,31.8228454589844,43.1873741149902,12031.5830078125,0.775300025939941,36,"38.7 - 41.7 mg/kg"
403,6134.5235406981,"0","0","0",49.3667,16.2667,7.80416679382324,8.40833377838135,30.2458038330078,742.356384277344,23.1000003814697,-4.69999980926514,27.7999992370605,16.8500003814697,0.0166667196899652,16.8500003814697,-1.35000002384186,533,82,24,44.1012878417969,218,76,218,78,0.0836900621652603,1.44872999191284,0,10.3686933517456,12.8901376724243,14.6462278366089,16.0225124359131,180.961898803711,1.60809087753296,25.1844120025635,5.271644115448,44.2036018371582,42.9062614440918,10949.5830078125,0.620000004768372,47,"86.5 - 93.1 mg/kg"
410,5450.87404269689,"0","0","0",49.4211,16.3497,7.94166660308838,8.19999980926514,30.0366306304932,736.227600097656,22.8999996185303,-4.40000009536743,27.2999992370605,15.4166669845581,0.19999997317791,16.8999996185303,-1.14999997615814,522,80,23,44.3318901062012,213,74,213,75,0.0849984511733055,1.43715572357178,43.6279907226562,15.2467985153198,21.826000213623,10.8862571716309,16.3879547119141,189.445388793945,2.19767379760742,30.0511379241943,7.22724199295044,34.0240707397461,44.1499290466309,10954.8330078125,0.605700016021729,45,"74.8 - 80.4 mg/kg"
424,5413.65233237961,"0","0","0",49.4112,16.2815,7.39583349227905,8.24166679382324,30.0790748596191,733.808410644531,22.5,-4.90000009536743,27.3999996185303,16.3500003814697,-0.300000011920929,16.3500003814697,-1.63333332538605,560,85,26,42.7453155517578,226,82,226,85,0.0824049711227417,1.40004146099091,0,11.5314235687256,18.0525665283203,10.38245677948,16.1173229217529,205.518020629883,2.13411855697632,38.8841705322266,5.9546160697937,44.1395950317383,37.8078384399414,10930.9169921875,0.660000026226044,47,"86.5 - 93.1 mg/kg"
428,4840.90736512682,"0","1","0",49.403,16.232,7.34583330154419,8.35833358764648,30.2838172912598,733.653564453125,22.6000003814697,-5,27.6000003814697,16.2999992370605,-0.366666674613953,16.2999992370605,-1.68333339691162,560,84,26,42.5482940673828,226,82,226,85,0.0924156010150909,1.3678947687149,5.69974374771118,10.9767713546753,15.613712310791,10.5930194854736,11.8168039321899,112.260025024414,1.64219343662262,32.008674621582,5.58168601989746,50.209114074707,34.1771697998047,10929.4169921875,0.660099983215332,47,"86.5 - 93.1 mg/kg"
430,4348.43226778474,"0","0","1",47,15.5,9.04166698455811,9.73333358764648,32.0175437927246,778.532531738281,24.7999992370605,-5.59999990463257,30.3999996185303,18.4166660308838,-0.76666659116745,18.4166660308838,-0.76666659116745,841,122,25,47.6746673583984,355,97,355,97,0.095919132232666,1.2835955619812,9.01262092590332,12.8858766555786,17.7629528045654,9.77698707580566,13.6844635009766,255.162750244141,1.6289781332016,37.0959587097168,6.92973756790161,42.3321151733398,39.9049301147461,11590.5,0.949400007724762,51,"116 - 125 mg/kg"
630,4279.40101105758,"0","0","1",40.7777,-72.9069,11.1458330154419,9.00833320617676,27.8895778656006,860.685424804688,27.6000003814697,-4.69999980926514,32.2999992370605,3.03333353996277,19.1333332061768,21.716667175293,0.550000071525574,1065,102,73,11.0517997741699,289,236,247,273,NA,NA,NA,NA,NA,NA,NA,NA,NA,NA,NA,NA,NA,13727.8330078125,0.872099995613098,NA,""
763,4205.25545910277,"0","0","1",42.3,74.3667,-2.99583339691162,13.6750001907349,29.7282619476318,1198.78247070312,19.8999996185303,-26.1000003814697,46,8.01666641235352,-18.3333339691162,10.1166667938232,-18.3333339691162,451,72,16,48.3171539306641,193,56,153,56,NA,NA,NA,NA,NA,NA,NA,NA,NA,NA,NA,NA,NA,14876.75,0.448000013828278,NA,""
766,5465.65401726917,"0",".","1",42.5833,73.6333,-4.28333330154419,13.5166664123535,32.6489524841309,1032.25769042969,16.8999996185303,-24.5,41.4000015258789,0.5333331823349,-16.966667175293,7.34999990463257,-16.966667175293,639,93,25,40.8726043701172,253,87,197,87,NA,NA,NA,NA,NA,NA,NA,NA,NA,NA,NA,NA,NA,14493.8330078125,0.649600028991699,NA,""
768,4613.82387577273,"0",".",".",42.8,76.35,0.716666698455811,10.3999996185303,29.0502777099609,962.58251953125,18.7000007629395,-17.1000003814697,35.8000030517578,9.69999980926514,-11.5,11.716667175293,-11.5,356,60,7,65.9445648193359,173,25,165,25,NA,NA,NA,NA,NA,NA,NA,NA,NA,NA,NA,NA,NA,14747.5830078125,0.353399991989136,NA,""
772,5299.3169020413,"0","0","1",37.35,72.4667,1.625,12.5,31.0945262908936,1026.58190917969,22.1000003814697,-18.1000003814697,40.2000007629395,-0.0166666507720947,13.4000005722046,13.6166667938232,-11.1666669845581,155,27,2,58.0099868774414,74,14,21,41,NA,NA,NA,NA,NA,NA,NA,NA,NA,NA,NA,NA,NA,15208.6669921875,0.132499992847443,NA,""
801,5235.35864504923,"0","0","1",37.9169,-84.4639,12.5583333969116,11.8833332061768,33.6638336181641,882.346618652344,30.1000003814697,-5.19999980926514,35.2999992370605,21.1000003814697,13.6333332061768,23.1833324432373,1.33333337306976,1169,120,70,15.9864549636841,345,248,322,265,NA,NA,NA,NA,NA,NA,NA,NA,NA,NA,NA,NA,NA,14092.75,0.916299998760223,NA,""
870,5134.34448918769,"0","0","1",41.8266,-86.4366,9.58333301544189,10.0666666030884,27.5799083709717,974.041076660156,28,-8.5,36.5,21.2666664123535,-1.41666674613953,21.2666664123535,-2.86666679382324,985,100,46,20.1105403900146,286,174,286,183,NA,NA,NA,NA,NA,NA,NA,NA,NA,NA,NA,NA,NA,13051.25,0.873000025749207,NA,""
915,5694.1474799279,"0","0","1",41.8972,-71.4378,9.70833301544189,11.3499994277954,31.3535900115967,910.179382324219,27.8999996185303,-8.30000019073486,36.2000007629395,1.13333332538605,18.1333332061768,20.7666664123535,-1.64999997615814,1206,118,86,8.8769416809082,331,272,280,306,NA,NA,NA,NA,NA,NA,NA,NA,NA,NA,NA,NA,NA,13269.5830078125,1.04439997673035,NA,""
932,5550.32846168287,"0","0","1",42.3634,-71.1445,10.2083330154419,11.3666667938232,30.5555553436279,934.195861816406,29.2000007629395,-8,37.2000007629395,1.20000004768372,19.1333332061768,21.6666660308838,-1.44999992847443,1140,106,86,7.12055730819702,308,263,268,288,NA,NA,NA,NA,NA,NA,NA,NA,NA,NA,NA,NA,NA,12965.3330078125,0.916000008583069,NA,""
991,5370.42032745499,"0","0","0",55.3833,14.05,NA,NA,NA,NA,NA,NA,NA,NA,NA,NA,NA,NA,NA,NA,NA,NA,NA,NA,NA,NA,NA,NA,NA,NA,NA,NA,NA,NA,NA,NA,NA,NA,NA,NA,NA,""
992,5148.49360075432,"0","0","0",55.3833,14.05,NA,NA,NA,NA,NA,NA,NA,NA,NA,NA,NA,NA,NA,NA,NA,NA,NA,NA,NA,NA,NA,NA,NA,NA,NA,NA,NA,NA,NA,NA,NA,NA,NA,NA,NA,""
997,5990.77760330278,"0","0","1",55.3833,14.05,NA,NA,NA,NA,NA,NA,NA,NA,NA,NA,NA,NA,NA,NA,NA,NA,NA,NA,NA,NA,NA,NA,NA,NA,NA,NA,NA,NA,NA,NA,NA,NA,NA,NA,NA,""
1002,4522.99778925967,"0","0","1",55.3833,14.05,NA,NA,NA,NA,NA,NA,NA,NA,NA,NA,NA,NA,NA,NA,NA,NA,NA,NA,NA,NA,NA,NA,NA,NA,NA,NA,NA,NA,NA,NA,NA,NA,NA,NA,NA,""
1061,4817.26328014478,"1","0","1",55.7167,14.1333,7.57916688919067,6.85833311080933,29.1843967437744,620.701416015625,21.1000003814697,-2.40000009536743,23.5,8.30000019073486,2.53333330154419,15.5666666030884,0.466666638851166,679,70,39,18.8856353759766,206,132,171,167,0.0725464448332787,1.44589996337891,8.96608638763428,11.8902826309204,10.5954008102417,10.9064235687256,8.46881103515625,117.429801940918,1.61337089538574,50.6603050231934,6.24839019775391,66.5172119140625,22.8873901367188,9923.8330078125,0.930299997329712,40,"51.9 - 55.8 mg/kg"
1062,5363.20720722858,"1",".",".",55.7167,14.1333,7.57916688919067,6.85833311080933,29.1843967437744,620.701416015625,21.1000003814697,-2.40000009536743,23.5,8.30000019073486,2.53333330154419,15.5666666030884,0.466666638851166,679,70,39,18.8856353759766,206,132,171,167,0.0725464448332787,1.44589996337891,8.96608638763428,11.8902826309204,10.5954008102417,10.9064235687256,8.46881103515625,117.429801940918,1.61337089538574,50.6603050231934,6.24839019775391,66.5172119140625,22.8873901367188,9923.8330078125,0.930299997329712,40,"51.9 - 55.8 mg/kg"
1063,5731.58937209117,"0","0","1",55.7167,14.1333,7.57916688919067,6.85833311080933,29.1843967437744,620.701416015625,21.1000003814697,-2.40000009536743,23.5,8.30000019073486,2.53333330154419,15.5666666030884,0.466666638851166,679,70,39,18.8856353759766,206,132,171,167,0.0725464448332787,1.44589996337891,8.96608638763428,11.8902826309204,10.5954008102417,10.9064235687256,8.46881103515625,117.429801940918,1.61337089538574,50.6603050231934,6.24839019775391,66.5172119140625,22.8873901367188,9923.8330078125,0.930299997329712,40,"51.9 - 55.8 mg/kg"
1066,4919.08117785793,"0","0","1",55.7167,14.1333,7.57916688919067,6.85833311080933,29.1843967437744,620.701416015625,21.1000003814697,-2.40000009536743,23.5,8.30000019073486,2.53333330154419,15.5666666030884,0.466666638851166,679,70,39,18.8856353759766,206,132,171,167,0.0725464448332787,1.44589996337891,8.96608638763428,11.8902826309204,10.5954008102417,10.9064235687256,8.46881103515625,117.429801940918,1.61337089538574,50.6603050231934,6.24839019775391,66.5172119140625,22.8873901367188,9923.8330078125,0.930299997329712,40,"51.9 - 55.8 mg/kg"
1158,4506.01752417,"0","0","1",56.7,16.5167,7.07083320617676,7.55833339691162,29.4098567962646,665.057983398438,21.6000003814697,-4.09999990463257,25.7000007629395,14.9166669845581,1.61666667461395,15.6999998092651,-0.516666650772095,521,56,31,20.1018886566162,162,98,151,119,0.0762634202837944,1.13322687149048,13.193338394165,12.9136266708374,13.5254383087158,13.739109992981,8.33399391174316,96.1581878662109,2.72223281860352,27.9009761810303,6.05023384094238,61.5674781799316,24.9070816040039,10130,0.701499998569489,29,"23.2 - 25.0 mg/kg"
1254,4675.51571326485,"0","0",".",59.4333,17.0167,6.27916669845581,7.52500009536743,26.9713268280029,740.207153320312,21.6000003814697,-6.30000019073486,27.9000015258789,15.8166666030884,-1.90000009536743,15.8166666030884,-2.38333344459534,529,65,23,29.9457912445068,179,85,179,98,NA,NA,0,18.4256248474121,12.7626934051514,22.34348487854,NA,158.15495300293,2.78044033050537,17.2387676239014,4.61421585083008,73.6655883789062,13.5717163085938,9761,0.691399991512299,NA,""
1257,5080.70184239081,"0","0","1",59.4333,17.0167,6.27916669845581,7.52500009536743,26.9713268280029,740.207153320312,21.6000003814697,-6.30000019073486,27.9000015258789,15.8166666030884,-1.90000009536743,15.8166666030884,-2.38333344459534,529,65,23,29.9457912445068,179,85,179,98,NA,NA,0,18.4256248474121,12.7626934051514,22.34348487854,NA,158.15495300293,2.78044033050537,17.2387676239014,4.61421585083008,73.6655883789062,13.5717163085938,9761,0.691399991512299,NA,""
1317,4563.51415797272,".",".",".",59.5667,16.8667,6.20833349227905,7.76666641235352,27.3474178314209,749.73583984375,21.7999992370605,-6.59999990463257,28.3999996185303,15.8666667938232,-2.09999990463257,15.8666667938232,-2.58333325386047,534,70,24,30.7763652801514,184,88,184,98,NA,NA,1.64496552944183,17.7133502960205,31.4881324768066,14.2113094329834,NA,188.914993286133,2.15732550621033,26.3159847259521,6.10019636154175,32.3673400878906,36.1445274353027,9693.6669921875,0.707899987697601,NA,""
1552,5342.17037325732,"0",".","1",63.0833,18.3667,3.03333330154419,7.93333339691162,26.6219234466553,788.613098144531,19.5,-10.3000001907349,29.7999992370605,3.18333339691162,1.66666662693024,13.3500003814697,-6.06666660308838,718,86,36,28.8222217559814,239,123,204,152,0.0875597149133682,1.04644465446472,0,12.6206951141357,7.19732618331909,26.012020111084,11.260347366333,150.366928100586,2.23928070068359,25.728889465332,4.54514312744141,67.7862396240234,25.0164337158203,8956.6669921875,1.14199995994568,32,"28.9 - 31.1 mg/kg"
1829,5137.81813391994,"0","0","1",42.051,-86.509,9.54583358764648,9.49166679382324,26.6619853973389,962.131774902344,27.7000007629395,-7.90000009536743,35.6000022888184,20.466667175293,-1.35000002384186,21.216667175293,-2.56666660308838,949,98,42,21.1473255157471,279,162,274,175,NA,NA,NA,NA,NA,NA,NA,NA,NA,NA,NA,NA,NA,13089.75,0.846000015735626,NA,""
1853,5464.00741018242,".","0","1",43.595,-86.2657,7.59583330154419,10.8083333969116,29.2117118835449,979.690246582031,27,-10,37,15.0500001907349,-3.85000014305115,19.3166656494141,-4.66666698455811,863,107,38,25.4392910003662,283,152,229,163,NA,NA,NA,NA,NA,NA,NA,NA,NA,NA,NA,NA,NA,12754.8330078125,0.842100024223328,NA,""
1872,5027.54028378312,"0","0","1",43.595,-86.2657,7.59583330154419,10.8083333969116,29.2117118835449,979.690246582031,27,-10,37,15.0500001907349,-3.85000014305115,19.3166656494141,-4.66666698455811,863,107,38,25.4392910003662,283,152,229,163,NA,NA,NA,NA,NA,NA,NA,NA,NA,NA,NA,NA,NA,12754.8330078125,0.842100024223328,NA,""
1890,5241.01967197374,"0","1","1",43.5139,-86.1859,7.84999990463257,11.0500001907349,30.0271739959717,965.646301269531,27.1000003814697,-9.69999980926514,36.7999992370605,15.0666666030884,-3.36666655540466,19.4333343505859,-4.23333311080933,848,105,37,25.2241058349609,275,151,223,163,NA,NA,NA,NA,NA,NA,NA,NA,NA,NA,NA,NA,NA,12811.6669921875,0.821200013160706,NA,""
1925,4780.95149573913,"0","0","1",43.5251,-86.1843,7.80000019073486,11.0833330154419,29.9549541473389,969.927368164062,27.2000007629395,-9.80000019073486,37,15.0500001907349,-3.46666669845581,19.4500007629395,-4.33333301544189,849,106,37,25.2773208618164,275,151,223,163,NA,NA,NA,NA,NA,NA,NA,NA,NA,NA,NA,NA,NA,12799.25,0.824500024318695,NA,""
1954,4458.02373090532,"0","0","1",43.5187,-86.1739,7.78749990463257,11.0916662216187,30.0587158203125,966.408813476562,27.1000003814697,-9.80000019073486,36.9000015258789,15,-3.43333315849304,19.3833332061768,-4.31666660308838,848,104,37,25.0409965515137,275,150,225,163,NA,NA,NA,NA,NA,NA,NA,NA,NA,NA,NA,NA,NA,12828.5,0.824899971485138,NA,""
2016,4002.81741703396,"0","1","1",43.5356,-86.1788,7.77916669845581,11.1083335876465,29.8611125946045,974.633850097656,27.2999992370605,-9.89999961853027,37.1999969482422,15.0500001907349,-3.53333330154419,19.4833335876465,-4.43333339691162,852,105,37,25.2234687805176,277,151,226,163,NA,NA,NA,NA,NA,NA,NA,NA,NA,NA,NA,NA,NA,12791.75,0.829699993133545,NA,""
2171,5238.50252974773,"0","0","0",42.148,-86.431,9.50833320617676,9.63333320617676,27.1361484527588,961.021789550781,27.7000007629395,-7.80000019073486,35.5,20.3833332061768,-1.36666667461395,21.1833343505859,-2.59999990463257,934,100,41,21.7087135314941,279,158,268,172,NA,NA,NA,NA,NA,NA,NA,NA,NA,NA,NA,NA,NA,13044.6669921875,0.82480001449585,NA,""
2202,4497.0515904225,"0","1","1",43.7623,-86.3929,7.74166679382324,10.216667175293,28.3796291351318,956.779235839844,26.6000003814697,-9.39999961853027,36,15.2833337783813,-3.54999995231628,19.216667175293,-4.11666679382324,846,103,37,26.0189075469971,281,146,229,158,NA,NA,NA,NA,NA,NA,NA,NA,NA,NA,NA,NA,NA,12802.9169921875,0.830600023269653,NA,""
2276,4783.60906897075,"0","0","1",43.665,-86.496,7.84166669845581,9.90000057220459,27.6536312103271,959.135131835938,26.6000003814697,-9.19999980926514,35.7999992370605,15.4333333969116,-3.41666674613953,19.3999996185303,-3.98333334922791,852,103,37,25.2720890045166,278,149,228,157,NA,NA,NA,NA,NA,NA,NA,NA,NA,NA,NA,NA,NA,12729.5830078125,0.830900013446808,NA,""
2278,5067.72587336177,"0","0","1",43.665,-86.496,7.84166669845581,9.90000057220459,27.6536312103271,959.135131835938,26.6000003814697,-9.19999980926514,35.7999992370605,15.4333333969116,-3.41666674613953,19.3999996185303,-3.98333334922791,852,103,37,25.2720890045166,278,149,228,157,NA,NA,NA,NA,NA,NA,NA,NA,NA,NA,NA,NA,NA,12729.5830078125,0.830900013446808,NA,""
2317,4259.38973079205,"0","0",".",42.03,-86.514,9.60000038146973,9.61666679382324,26.7873725891113,965.683898925781,27.8999996185303,-8,35.9000015258789,20.5166664123535,-1.29999995231628,21.3166656494141,-2.58333325386047,952,99,42,21.2139053344727,280,163,275,175,NA,NA,NA,NA,NA,NA,NA,NA,NA,NA,NA,NA,NA,13062.8330078125,0.842000007629395,NA,""
4779,4412.41994454494,"0","0",".",50.4,-4.9,10.3916664123535,5.75,36.8589744567871,371.188720703125,19,3.40000009536743,15.6000003814697,7.23333311080933,13.5,15.1666660308838,6.33333301544189,1056,123,60,27.8415985107422,366,188,222,289,0.096738800406456,1.04292619228363,7.4797477722168,14.9848413467407,21.6012668609619,14.1437406539917,11.5532875061035,193.933990478516,2.76147866249084,45.4502334594727,5.61194849014282,39.5508346557617,38.847900390625,10587.8330078125,1.33949995040894,36,"38.7 - 41.7 mg/kg"
4807,5507.20133992818,"0","0","1",50.4,-4.9,10.3916664123535,5.75,36.8589744567871,371.188720703125,19,3.40000009536743,15.6000003814697,7.23333311080933,13.5,15.1666660308838,6.33333301544189,1056,123,60,27.8415985107422,366,188,222,289,0.096738800406456,1.04292619228363,7.4797477722168,14.9848413467407,21.6012668609619,14.1437406539917,11.5532875061035,193.933990478516,2.76147866249084,45.4502334594727,5.61194849014282,39.5508346557617,38.847900390625,10587.8330078125,1.33949995040894,36,"38.7 - 41.7 mg/kg"
4884,5304.42547332064,"0","0","1",50.3,-4.9,10.7708330154419,5.82500028610229,37.8246726989746,363.9833984375,19.2000007629395,3.79999995231628,15.4000005722046,7.69999980926514,13.8166666030884,15.4499998092651,6.76666641235352,991,119,56,28.4244384765625,346,176,203,273,0.0989462360739708,1.01089191436768,0.106538370251656,16.2950077056885,25.106388092041,11.424614906311,23.2696952819824,251.965530395508,2.08175182342529,63.0859756469727,6.23713827133179,34.6385192871094,40.2550926208496,10635.8330078125,1.26579999923706,37,"41.7 - 44.8 mg/kg"
4900,5286.40794527684,"0","0","1",50.3,-4.8,10.7833337783813,5.59999990463257,36.8421058654785,361.363159179688,19.1000003814697,3.90000009536743,15.2000007629395,7.76666641235352,13.8000001907349,15.4333333969116,6.81666660308838,975,121,57,29.4138355255127,345,177,193,264,0.0985031947493553,1.02657544612885,33.1759262084961,15.0716876983643,21.6883449554443,10.9543190002441,13.385594367981,170.066711425781,2.30349159240723,50.8363151550293,5.98215246200562,34.9935531616211,43.3180999755859,10688.8330078125,1.26760005950928,37,"41.7 - 44.8 mg/kg"
4958,3835.84328726784,"0","0","1",50.5,-4.5,9.65833377838135,6.15000009536743,37.5,383.013397216797,18.7000007629395,2.29999995231628,16.4000015258789,6.40000009536743,12.9500007629395,14.5500001907349,5.44999980926514,1152,139,67,28.2809925079346,403,208,234,366,0.105993129312992,0.963584721088409,11.4318361282349,11.1566963195801,26.7467098236084,9.80183506011963,24.7490005493164,204.885375976562,2.55812335014343,44.4625625610352,5.99843835830688,26.2087707519531,47.0445175170898,10566.8330078125,1.47979998588562,34,"33.5 - 36.0 mg/kg"
5104,4683.61554229591,"0","0","1",51.3,0.5,10.3291664123535,7.75833320617676,37.6618118286133,485.683502197266,22.2000007629395,1.60000002384186,20.6000003814697,5.69999980926514,6.55000019073486,16.5499992370605,4.80000019073486,613,65,38,18.8024291992188,191,124,138,164,0.0914997234940529,1.34329116344452,141.529769897461,24.2157421112061,27.5525894165039,11.1314678192139,18.419605255127,220.961822509766,2.32668948173523,39.2133674621582,7.60949182510376,38.6939926147461,33.75341796875,9928,0.767000019550323,34,"33.5 - 36.0 mg/kg"
5151,4137.36182454661,"0",".","1",52.2,-1.7,9.49583339691162,8.54166698455811,39.3625183105469,476.375793457031,22.1000003814697,0.400000005960464,21.7000007629395,4.98333311080933,5.78333330154419,15.6166667938232,4.05000019073486,621,59,41,11.8836183547974,172,132,160,158,0.117844216525555,1.35030293464661,11.6826133728027,11.9751501083374,25.8808250427246,11.9920663833618,16.7305469512939,231.845581054688,1.8334584236145,37.3591384887695,6.34275579452515,47.6146774291992,26.5045013427734,9706.0830078125,0.813099980354309,55,"155 - 167 mg/kg"
5165,4558.79895585167,"0","0","1",51.3,0.4,10.0749998092651,7.73333311080933,37.9084968566895,477.890716552734,21.7999992370605,1.39999997615814,20.3999996185303,5.53333330154419,6.33333349227905,16.1833324432373,4.63333320617676,635,68,41,19.0044784545898,200,132,140,174,0.101499110460281,1.35881888866425,70.5258636474609,25.2957878112793,24.2378520965576,10.3283405303955,13.0657005310059,261.971435546875,2.91869235038757,52.0334510803223,7.0192699432373,26.0390396118164,49.7231063842773,9942.75,0.810599982738495,34,"33.5 - 36.0 mg/kg"
5210,4465.9339592378,"0","0","1",51.2,0.3,10.1416664123535,7.75,37.9901962280273,473.203948974609,21.7999992370605,1.39999997615814,20.3999996185303,5.68333339691162,6.38333320617676,16.1666660308838,4.75,686,75,43,21.9900150299072,221,141,144,192,0.0995189025998116,1.15502381324768,23.5274810791016,20.0246410369873,27.303150177002,11.0457305908203,23.9709243774414,271.662658691406,2.48882007598877,54.3448944091797,6.88061141967773,34.5247421264648,38.1721076965332,9939.0830078125,0.876500010490417,34,"33.5 - 36.0 mg/kg"
5236,4586.63697062387,"0",".","1",51.2,0.4,10.1958332061768,7.90833330154419,38.2045097351074,477.957092285156,22.1000003814697,1.39999997615814,20.7000007629395,5.66666650772095,6.44999980926514,16.283332824707,4.71666669845581,669,73,42,21.6744003295898,215,138,141,186,0.0961631685495377,1.24372971057892,32.6071243286133,17.5660648345947,21.6047630310059,9.52398872375488,16.9950313568115,236.647171020508,1.80328869819641,44.5043869018555,6.90551280975342,34.8557815551758,43.5394554138184,9968.0830078125,0.862500011920929,34,"33.5 - 36.0 mg/kg"
5253,4432.03096058619,"0","0","1",51.1,0.6,9.89166641235352,7.36666631698608,36.8333320617676,475.613616943359,21.2999992370605,1.29999995231628,20,7.58333349227905,11.3166666030884,15.9166660308838,4.44999980926514,739,82,46,24.7771282196045,243,146,151,207,0.0971227437257767,1.06981539726257,0,16.9469146728516,19.838659286499,18.1104850769043,13.689751625061,214.755737304688,1.58737635612488,13.3299350738525,5.13781404495239,27.5862579345703,52.575080871582,10063,0.969099998474121,34,"33.5 - 36.0 mg/kg"
5276,5924.87374034347,"0","0","1",51.3,1.1,10.2833337783813,7.20000028610229,36.1809043884277,479.674774169922,21.6000003814697,1.70000004768372,19.8999996185303,11.0500001907349,6.48333311080933,16.3500003814697,4.84999990463257,597,66,35,20.3238945007324,189,119,135,148,0.0887960270047188,1.18093049526215,51.1062545776367,17.7488460540771,20.8799209594727,10.4569721221924,12.0662174224854,234.92204284668,1.94135630130768,50.4535903930664,7.28240585327148,43.6974220275879,35.4226531982422,10072.0830078125,0.75629997253418,39,"48.2 - 51.9 mg/kg"
5349,5658.32946357303,"0","0","1",51.1,0.4,9.91666698455811,7.56666660308838,37.6451072692871,468.795989990234,21.3999996185303,1.29999995231628,20.1000003814697,5.51666688919067,14.1833333969116,15.8833332061768,4.56666660308838,777,87,46,25.7465019226074,257,150,153,223,0.0926966220140457,1.15585136413574,15.2138195037842,16.9563617706299,17.0548152923584,12.393214225769,13.3708801269531,250.406784057617,1.56042265892029,36.2747535705566,6.07094478607178,32.1735458374023,50.7716369628906,9997.5830078125,0.990599989891052,34,"33.5 - 36.0 mg/kg"
5353,4944.82671333422,"0","0","1",54.5,-3,5.23750019073486,6.35833311080933,35.7209739685059,431.846588134766,15.6000003814697,-2.20000004768372,17.8000011444092,1.11666667461395,6.80000019073486,10.8833332061768,0.433333337306976,2324,267,124,28.5396747589111,788,392,423,723,0.0847025066614151,1.17365860939026,33.5749588012695,22.6038131713867,8.57411098480225,16.6763343811035,16.9726448059082,151.997192382812,5.22136402130127,17.0106563568115,5.22922849655151,76.2233428955078,15.2025451660156,8753.8330078125,3.96239995956421,41,"55.8 - 60.0 mg/kg"
5486,4568.13438074039,"0","0","1",54.6,-3.3,7.92083358764648,6.55833339691162,37.2632598876953,425.26171875,17.8999996185303,0.300000011920929,17.6000003814697,3.68333339691162,9.51666641235352,13.3333330154419,2.96666669845581,1400,156,80,25.3959770202637,458,244,277,423,0.110663138329983,1.06891906261444,37.9822387695312,10.8347053527832,19.374828338623,10.7212209701538,18.6863269805908,179.652359008789,3.87316370010376,47.5857429504395,5.4816107749939,53.9725799560547,26.652587890625,8871.9169921875,2.12700009346008,43,"64.6 - 69.5 mg/kg"
5577,5393.2387456568,"0","0","1",54.7,-3.4,8.57916641235352,6.625,37.6420440673828,423.370971679688,18.6000003814697,1,17.6000003814697,4.40000009536743,10.0500001907349,14,3.70000004768372,1148,129,63,26.2534637451172,378,194,230,350,0.0963245928287506,1.03974199295044,0,16.8768920898438,20.2586116790771,10.8829469680786,21.7698631286621,233.977066040039,3.21924090385437,49.2500801086426,5.71532917022705,40.5636978149414,39.1776885986328,9053.4169921875,1.68299996852875,44,"69.5 - 74.8 mg/kg"
5644,5150.91297734241,"0","0","1",54.4,-2.9,7.95000028610229,6.65000009536743,37.3595504760742,432.434967041016,18,0.200000002980232,17.7999992370605,5.68333339691162,9.48333358764648,13.4500007629395,2.91666674613953,1688,189,96,26.2367572784424,558,289,335,496,0.103684365749359,1.04711008071899,0,12.643048286438,22.2796268463135,11.8750505447388,24.9880180358887,222.219009399414,4.54861974716187,73.4349746704102,5.28956699371338,37.1521301269531,40.568244934082,8970.75,2.62409996986389,37,"41.7 - 44.8 mg/kg"
5720,5434.78704604949,"0","0",".",53.3,-1.6,7.82916641235352,6.69166660308838,35.9766998291016,447.038024902344,18.5,-0.100000001490116,18.6000003814697,3.73333334922791,12.0166664123535,13.6000003814697,2.81666660308838,1161,127,74,18.8085880279541,367,234,247,338,0.0835262164473534,1.13479650020599,0,19.3146362304688,9.117919921875,22.5771980285645,18.3639163970947,156.024032592773,2.84304165840149,18.641357421875,4.72896242141724,79.0485610961914,11.8335189819336,9333.4169921875,1.61640000343323,49,"100 - 108 mg/kg"
5726,4953.30542593544,"0",".","1",51.3,1.1,10.2833337783813,7.20000028610229,36.1809043884277,479.674774169922,21.6000003814697,1.70000004768372,19.8999996185303,11.0500001907349,6.48333311080933,16.3500003814697,4.84999990463257,597,66,35,20.3238945007324,189,119,135,148,0.0887960270047188,1.18093049526215,51.1062545776367,17.7488460540771,20.8799209594727,10.4569721221924,12.0662174224854,234.92204284668,1.94135630130768,50.4535903930664,7.28240585327148,43.6974220275879,35.4226531982422,10072.0830078125,0.75629997253418,39,"48.2 - 51.9 mg/kg"
5741,5467.93771194045,"0","0","1",56.6,-4.1,6.64166688919067,6.21666669845581,36.5686264038086,414.009399414062,16.2000007629395,-0.800000011920929,17,2.71666669845581,8.08333301544189,11.9333333969116,2.01666665077209,1555,201,76,31.7134399414062,539,247,276,499,0.0952630043029785,1.07433521747589,49.5441741943359,18.2636585235596,21.7443065643311,15.1277513504028,14.5438976287842,155.162292480469,4.57404470443726,23.504035949707,5.73956060409546,34.298225402832,43.9574661254883,8425.9169921875,2.5353000164032,26,"18.6 - 20.1 mg/kg"
5748,5149.93351303835,"0","0","1",56,-4.4,7.32916688919067,6.10833311080933,37.9399604797363,392.7783203125,16.3999996185303,0.300000011920929,16.1000003814697,3.64999985694885,8.56666660308838,12.3000001907349,2.91666674613953,1669,205,83,31.9849300384521,571,258,292,526,0.0857520699501038,1.15998637676239,0,17.2109718322754,17.0477142333984,15.5314340591431,13.934401512146,149.151794433594,4.00533533096313,18.3733444213867,4.83744144439697,54.3449783325195,28.607307434082,8579.5,2.30450010299683,41,"55.8 - 60.0 mg/kg"
5757,3889.9078064312,".","0","1",54.6,-2.3,6.07083320617676,6.59166669845581,35.6306304931641,438.978454589844,16.8999996185303,-1.60000002384186,18.5,1.96666669845581,7.5,11.7666664123535,1.13333332538605,1719,193,100,24.6362228393555,566,304,342,516,0.0783694162964821,1.17009997367859,0,22.5031185150146,6.27272272109985,18.8729553222656,23.4693164825439,234.792846679688,4.78550243377686,24.1642608642578,5.25473928451538,82.1975173950195,11.5297622680664,8948.8330078125,2.78609991073608,43,"64.6 - 69.5 mg/kg"
5768,4013.22429266368,"0","0","1",54.1,-1.5,9.10416698455811,7.25833320617676,37.6079444885254,451.187622070312,20.2000007629395,0.899999976158142,19.3000011444092,4.78333330154419,5.65000009536743,14.8833332061768,3.93333315849304,637,64,42,13.1090145111084,184,136,158,168,0.0945519283413887,1.01775801181793,0,16.1943759918213,23.6648826599121,12.7927894592285,6.34359741210938,244.482849121094,4.15018320083618,42.9101333618164,5.81785726547241,44.745059967041,31.5900573730469,9316.1669921875,0.832499980926514,51,"116 - 125 mg/kg"
5772,5310.09344139904,"0","0","1",54.1,-2.3,7.90000009536743,6.65000009536743,35.9459457397461,441.495391845703,18.5,0,18.5,3.70000004768372,9.39999961853027,13.5666666030884,2.86666679382324,1454,160,83,23.7978610992432,472,262,308,414,0.114178247749805,0.997674643993378,0,13.8004236221313,24.5793800354004,12.1485214233398,23.9119319915771,242.019302368164,3.35549330711365,40.8871002197266,5.52067470550537,34.0738220214844,41.3467979431152,9142.6669921875,2.13089990615845,38,"44.8 - 48.2 mg/kg"
5779,4140.71117435757,"0","0","1",51,-3.1,10.5749998092651,7.43333339691162,38.7152786254883,436.580200195312,21.6000003814697,2.40000009536743,19.2000007629395,6.59999990463257,11.8000001907349,16.2333335876465,5.69999980926514,910,99,53,21.4137153625488,292,170,195,265,0.0962984040379524,1.37055337429047,64.0508499145508,23.2538433074951,21.3720798492432,11.245530128479,13.9560060501099,241.607986450195,2.58577442169189,49.9805183410645,6.87196683883667,48.8105697631836,29.8173522949219,10324.6669921875,1.08840000629425,39,"48.2 - 51.9 mg/kg"
5784,4351.78750000496,"0","0","1",56.4,-5.2,8.39583301544189,5.89166688919067,37.2890281677246,389.121734619141,17.2000007629395,1.39999997615814,15.8000011444092,4.63333320617676,9.80000019073486,13.3000001907349,3.93333339691162,1621,188,78,30.5363712310791,547,250,309,490,0.0803874284029007,1.14147901535034,0,15.2209968566895,12.8750238418579,14.5196733474731,12.8244638442993,173.414749145508,4.48327112197876,19.9310035705566,5.45489025115967,63.2964973449707,23.8284759521484,8384.1669921875,2.34299993515015,43,"64.6 - 69.5 mg/kg"
5800,4575.60433485213,"0","0","1",57.4,-5.5,NA,NA,NA,NA,NA,NA,NA,NA,NA,NA,NA,NA,NA,NA,NA,NA,NA,NA,NA,NA,NA,0,26.7450313568115,9.86368274688721,20.2123985290527,10.6210784912109,194.021850585938,3.4319760799408,23.6133804321289,4.91817760467529,71.8991775512695,18.2371368408203,NA,NA,NA,""
5811,4595.83702474253,"0","0","1",52.9,-3.1,8.28333377838135,7.44999980926514,39.2105255126953,424.704895019531,19.1000003814697,0.100000001490116,19,4.43333339691162,12.25,13.8000001907349,3.56666660308838,1013,111,64,19.2011566162109,319,203,216,283,0.113744348287582,1.02258706092834,3.14576768875122,15.98854637146,21.3857402801514,12.0995378494263,22.2389602661133,186.800964355469,3.00532341003418,38.1203155517578,5.67823171615601,38.1108169555664,40.5034408569336,9621.9169921875,1.44869995117188,45,"74.8 - 80.4 mg/kg"
5822,4511.86269632162,"0","0","1",56.7333,-5.98333,8.91666698455811,3.85000014305115,29.8449611663818,351.518341064453,16.2000007629395,3.29999995231628,12.9000005722046,5.61666679382324,9.96666717529297,13.3500003814697,4.91666650772095,2215,267,97,34.2966346740723,775,322,388,680,0.0762065723538399,1.19282817840576,6.27057361602783,17.6834831237793,3.66424655914307,18.9757976531982,10.7627630233765,95.3690338134766,3.04408240318298,16.6157379150391,5.17007637023926,85.7542037963867,10.5815505981445,8496.6669921875,2.87719988822937,44,"69.5 - 74.8 mg/kg"
5830,5504.77262629183,"0","0","0",56.3333,15.9667,7.22916650772095,6.55833339691162,27.7895488739014,637.1865234375,20.6000003814697,-3,23.6000003814697,8.10000038146973,5.30000019073486,15.466667175293,0.0499999709427357,595,62,35,18.1866035461426,175,114,159,147,0.0770648717880249,1.1253969669342,5.77259635925293,29.259708404541,9.56462287902832,19.7891483306885,13.0626516342163,95.0040969848633,6.65675687789917,25.6318416595459,5.3895115852356,74.0525436401367,16.3828353881836,10027.75,0.820299983024597,40,"51.9 - 55.8 mg/kg"
5831,5807.75099586896,"0","0","0",56.3333,15.9667,7.22916650772095,6.55833339691162,27.7895488739014,637.1865234375,20.6000003814697,-3,23.6000003814697,8.10000038146973,5.30000019073486,15.466667175293,0.0499999709427357,595,62,35,18.1866035461426,175,114,159,147,0.0770648717880249,1.1253969669342,5.77259635925293,29.259708404541,9.56462287902832,19.7891483306885,13.0626516342163,95.0040969848633,6.65675687789917,25.6318416595459,5.3895115852356,74.0525436401367,16.3828353881836,10027.75,0.820299983024597,40,"51.9 - 55.8 mg/kg"
5832,4414.30530829007,"0","0","1",56.3333,15.9667,7.22916650772095,6.55833339691162,27.7895488739014,637.1865234375,20.6000003814697,-3,23.6000003814697,8.10000038146973,5.30000019073486,15.466667175293,0.0499999709427357,595,62,35,18.1866035461426,175,114,159,147,0.0770648717880249,1.1253969669342,5.77259635925293,29.259708404541,9.56462287902832,19.7891483306885,13.0626516342163,95.0040969848633,6.65675687789917,25.6318416595459,5.3895115852356,74.0525436401367,16.3828353881836,10027.75,0.820299983024597,40,"51.9 - 55.8 mg/kg"
5837,4878.81557858411,"0","0","0",49.4013,16.2326,7.34583330154419,8.35833358764648,30.2838172912598,733.653564453125,22.6000003814697,-5,27.6000003814697,16.2999992370605,-0.366666674613953,16.2999992370605,-1.68333339691162,560,84,26,42.5482940673828,226,82,226,85,0.0924156010150909,1.36770856380463,2.04831624031067,9.66368675231934,15.613712310791,11.1138315200806,15.995361328125,187.036575317383,1.52415120601654,33.9636459350586,5.67660236358643,50.209114074707,34.1771697998047,10929.4169921875,0.660099983215332,47,"86.5 - 93.1 mg/kg"
5865,5255.42006049794,".","0",".",55.76,14.12,7.41666698455811,6.96666669845581,29.5197734832764,621.542541503906,21.1000003814697,-2.5,23.6000003814697,8.10000038146973,2.40000009536743,15.4166669845581,0.283333331346512,696,71,40,19.0116443634033,210,135,178,171,0.0691945105791092,1.32939410209656,14.6920652389526,11.52854347229,9.2806978225708,14.7601566314697,13.5801229476929,119.39404296875,2.39578485488892,56.5995101928711,5.90877676010132,70.6790542602539,20.0402450561523,9910.4169921875,0.945900022983551,40,"51.9 - 55.8 mg/kg"
5867,5784.60257686498,"1","0","1",55.76,14.12,7.41666698455811,6.96666669845581,29.5197734832764,621.542541503906,21.1000003814697,-2.5,23.6000003814697,8.10000038146973,2.40000009536743,15.4166669845581,0.283333331346512,696,71,40,19.0116443634033,210,135,178,171,0.0691945105791092,1.32939410209656,14.6920652389526,11.52854347229,9.2806978225708,14.7601566314697,13.5801229476929,119.39404296875,2.39578485488892,56.5995101928711,5.90877676010132,70.6790542602539,20.0402450561523,9910.4169921875,0.945900022983551,40,"51.9 - 55.8 mg/kg"
5874,5001.32774776265,"0","0","0",49.4112,16.2815,7.39583349227905,8.24166679382324,30.0790748596191,733.808410644531,22.5,-4.90000009536743,27.3999996185303,16.3500003814697,-0.300000011920929,16.3500003814697,-1.63333332538605,560,85,26,42.7453155517578,226,82,226,85,0.0824049711227417,1.40004146099091,0,11.5314235687256,18.0525665283203,10.38245677948,16.1173229217529,205.518020629883,2.13411855697632,38.8841705322266,5.9546160697937,44.1395950317383,37.8078384399414,10930.9169921875,0.660000026226044,47,"86.5 - 93.1 mg/kg"
5890,5097.6704306193,"0",".","1",49.4112,16.2815,7.39583349227905,8.24166679382324,30.0790748596191,733.808410644531,22.5,-4.90000009536743,27.3999996185303,16.3500003814697,-0.300000011920929,16.3500003814697,-1.63333332538605,560,85,26,42.7453155517578,226,82,226,85,0.0824049711227417,1.40004146099091,0,11.5314235687256,18.0525665283203,10.38245677948,16.1173229217529,205.518020629883,2.13411855697632,38.8841705322266,5.9546160697937,44.1395950317383,37.8078384399414,10930.9169921875,0.660000026226044,47,"86.5 - 93.1 mg/kg"
5893,5497.84871738968,"0","0","0",49.4112,16.2815,7.39583349227905,8.24166679382324,30.0790748596191,733.808410644531,22.5,-4.90000009536743,27.3999996185303,16.3500003814697,-0.300000011920929,16.3500003814697,-1.63333332538605,560,85,26,42.7453155517578,226,82,226,85,0.0824049711227417,1.40004146099091,0,11.5314235687256,18.0525665283203,10.38245677948,16.1173229217529,205.518020629883,2.13411855697632,38.8841705322266,5.9546160697937,44.1395950317383,37.8078384399414,10930.9169921875,0.660000026226044,47,"86.5 - 93.1 mg/kg"
5907,6020.16433059102,"1","0","0",49.4112,16.2815,7.39583349227905,8.24166679382324,30.0790748596191,733.808410644531,22.5,-4.90000009536743,27.3999996185303,16.3500003814697,-0.300000011920929,16.3500003814697,-1.63333332538605,560,85,26,42.7453155517578,226,82,226,85,0.0824049711227417,1.40004146099091,0,11.5314235687256,18.0525665283203,10.38245677948,16.1173229217529,205.518020629883,2.13411855697632,38.8841705322266,5.9546160697937,44.1395950317383,37.8078384399414,10930.9169921875,0.660000026226044,47,"86.5 - 93.1 mg/kg"
5921,4680.21435453116,"0","0","1",49.4112,16.2815,7.39583349227905,8.24166679382324,30.0790748596191,733.808410644531,22.5,-4.90000009536743,27.3999996185303,16.3500003814697,-0.300000011920929,16.3500003814697,-1.63333332538605,560,85,26,42.7453155517578,226,82,226,85,0.0824049711227417,1.40004146099091,0,11.5314235687256,18.0525665283203,10.38245677948,16.1173229217529,205.518020629883,2.13411855697632,38.8841705322266,5.9546160697937,44.1395950317383,37.8078384399414,10930.9169921875,0.660000026226044,47,"86.5 - 93.1 mg/kg"
5950,5212.38770359394,"0","0","1",49.4112,16.2815,7.39583349227905,8.24166679382324,30.0790748596191,733.808410644531,22.5,-4.90000009536743,27.3999996185303,16.3500003814697,-0.300000011920929,16.3500003814697,-1.63333332538605,560,85,26,42.7453155517578,226,82,226,85,0.0824049711227417,1.40004146099091,0,11.5314235687256,18.0525665283203,10.38245677948,16.1173229217529,205.518020629883,2.13411855697632,38.8841705322266,5.9546160697937,44.1395950317383,37.8078384399414,10930.9169921875,0.660000026226044,47,"86.5 - 93.1 mg/kg"
5984,6477.0829106148,"1","0","1",49.4112,16.2815,7.39583349227905,8.24166679382324,30.0790748596191,733.808410644531,22.5,-4.90000009536743,27.3999996185303,16.3500003814697,-0.300000011920929,16.3500003814697,-1.63333332538605,560,85,26,42.7453155517578,226,82,226,85,0.0824049711227417,1.40004146099091,0,11.5314235687256,18.0525665283203,10.38245677948,16.1173229217529,205.518020629883,2.13411855697632,38.8841705322266,5.9546160697937,44.1395950317383,37.8078384399414,10930.9169921875,0.660000026226044,47,"86.5 - 93.1 mg/kg"
5993,5538.64641567366,"0","0","0",49.4112,16.2815,7.39583349227905,8.24166679382324,30.0790748596191,733.808410644531,22.5,-4.90000009536743,27.3999996185303,16.3500003814697,-0.300000011920929,16.3500003814697,-1.63333332538605,560,85,26,42.7453155517578,226,82,226,85,0.0824049711227417,1.40004146099091,0,11.5314235687256,18.0525665283203,10.38245677948,16.1173229217529,205.518020629883,2.13411855697632,38.8841705322266,5.9546160697937,44.1395950317383,37.8078384399414,10930.9169921875,0.660000026226044,47,"86.5 - 93.1 mg/kg"
6008,5893.33451295677,"0","0","0",49.1,16.2,8.84583377838135,8.64166641235352,30.4284038543701,756.707763671875,24.5,-3.90000009536743,28.3999996185303,16.5166664123535,0.98333328962326,18.1000003814697,-0.5,512,78,23,43.124397277832,208,75,206,76,0.0854905247688293,1.40821874141693,0.114053428173065,15.6284227371216,13.7531051635742,10.6767902374268,15.7811479568481,309.253784179688,1.44684398174286,38.3434944152832,6.22630453109741,40.4862899780273,45.7606048583984,11115.8330078125,0.548600018024445,48,"93.1 - 100 mg/kg"
6009,4254.43935420579,"0","0","1",62.877,18.177,3.50833320617676,7.94999980926514,26.5,791.215515136719,19.8999996185303,-10.1000003814697,30,3.78333330154419,2.13333320617676,13.8333330154419,-5.71666669845581,715,88,38,28.148286819458,242,126,195,152,0.0777834057807922,1.15984106063843,0,9.00030422210693,9.33875751495361,24.9496803283691,16.8044166564941,170.284484863281,2.88514637947083,24.9245567321777,4.2652153968811,71.1141510009766,19.5470886230469,9013.9169921875,1.07920002937317,36,"38.7 - 41.7 mg/kg"
6011,5020.47879825214,".","0",".",62.877,18.177,3.50833320617676,7.94999980926514,26.5,791.215515136719,19.8999996185303,-10.1000003814697,30,3.78333330154419,2.13333320617676,13.8333330154419,-5.71666669845581,715,88,38,28.148286819458,242,126,195,152,0.0777834057807922,1.15984106063843,0,9.00030422210693,9.33875751495361,24.9496803283691,16.8044166564941,170.284484863281,2.88514637947083,24.9245567321777,4.2652153968811,71.1141510009766,19.5470886230469,9013.9169921875,1.07920002937317,36,"38.7 - 41.7 mg/kg"
6012,5542.89273730234,"0","0","1",62.877,18.177,3.50833320617676,7.94999980926514,26.5,791.215515136719,19.8999996185303,-10.1000003814697,30,3.78333330154419,2.13333320617676,13.8333330154419,-5.71666669845581,715,88,38,28.148286819458,242,126,195,152,0.0777834057807922,1.15984106063843,0,9.00030422210693,9.33875751495361,24.9496803283691,16.8044166564941,170.284484863281,2.88514637947083,24.9245567321777,4.2652153968811,71.1141510009766,19.5470886230469,9013.9169921875,1.07920002937317,36,"38.7 - 41.7 mg/kg"
6013,4798.73865381322,"0","0",".",62.877,18.177,3.50833320617676,7.94999980926514,26.5,791.215515136719,19.8999996185303,-10.1000003814697,30,3.78333330154419,2.13333320617676,13.8333330154419,-5.71666669845581,715,88,38,28.148286819458,242,126,195,152,0.0777834057807922,1.15984106063843,0,9.00030422210693,9.33875751495361,24.9496803283691,16.8044166564941,170.284484863281,2.88514637947083,24.9245567321777,4.2652153968811,71.1141510009766,19.5470886230469,9013.9169921875,1.07920002937317,36,"38.7 - 41.7 mg/kg"
6019,5570.30970026361,"0","0",".",56.06,14.29,7.42500019073486,7.60000038146973,31.2757205963135,637.578857421875,21.5,-2.79999995231628,24.2999992370605,14.7833337783813,2.41666650772095,15.6000003814697,0.0499999932944775,575,60,32,20.4885654449463,173,104,167,125,0.0716363713145256,1.52217221260071,26.3939666748047,10.5512008666992,6.88486099243164,12.102071762085,8.38256454467773,104.621757507324,1.71412575244904,40.8102760314941,6.06019926071167,74.2249908447266,18.8901519775391,9883.0830078125,0.785399973392487,36,"38.7 - 41.7 mg/kg"
6020,5744.52655826738,"0","0",".",56.06,14.29,7.42500019073486,7.60000038146973,31.2757205963135,637.578857421875,21.5,-2.79999995231628,24.2999992370605,14.7833337783813,2.41666650772095,15.6000003814697,0.0499999932944775,575,60,32,20.4885654449463,173,104,167,125,0.0716363713145256,1.52217221260071,26.3939666748047,10.5512008666992,6.88486099243164,12.102071762085,8.38256454467773,104.621757507324,1.71412575244904,40.8102760314941,6.06019926071167,74.2249908447266,18.8901519775391,9883.0830078125,0.785399973392487,36,"38.7 - 41.7 mg/kg"
6021,6168.60113789112,"1","0","0",56.06,14.29,7.42500019073486,7.60000038146973,31.2757205963135,637.578857421875,21.5,-2.79999995231628,24.2999992370605,14.7833337783813,2.41666650772095,15.6000003814697,0.0499999932944775,575,60,32,20.4885654449463,173,104,167,125,0.0716363713145256,1.52217221260071,26.3939666748047,10.5512008666992,6.88486099243164,12.102071762085,8.38256454467773,104.621757507324,1.71412575244904,40.8102760314941,6.06019926071167,74.2249908447266,18.8901519775391,9883.0830078125,0.785399973392487,36,"38.7 - 41.7 mg/kg"
6023,5577.21180122988,"0","0","1",55.7509,13.3712,7.94166660308838,6.81666660308838,28.8841819763184,643.395935058594,21.2999992370605,-2.29999995231628,23.5999984741211,8.58333301544189,2.81666660308838,16.1000003814697,0.466666668653488,677,71,37,20.9059009552002,207,125,180,160,0.0765813663601875,1.18685126304626,0,8.63216590881348,10.7256441116333,12.2212772369385,6.74111413955688,123.129096984863,1.65166032314301,48.2569732666016,5.82631301879883,67.6279220581055,21.6464309692383,9822.6669921875,0.893599987030029,36,"38.7 - 41.7 mg/kg"
6024,4716.0550769285,"0","0","1",55.7509,13.3712,7.94166660308838,6.81666660308838,28.8841819763184,643.395935058594,21.2999992370605,-2.29999995231628,23.5999984741211,8.58333301544189,2.81666660308838,16.1000003814697,0.466666668653488,677,71,37,20.9059009552002,207,125,180,160,0.0765813663601875,1.18685126304626,0,8.63216590881348,10.7256441116333,12.2212772369385,6.74111413955688,123.129096984863,1.65166032314301,48.2569732666016,5.82631301879883,67.6279220581055,21.6464309692383,9822.6669921875,0.893599987030029,36,"38.7 - 41.7 mg/kg"
6025,5274.90879010999,"0","0","1",62.6437,17.7339,3.19166660308838,7.94999980926514,26.411958694458,801.920532226562,19.5,-10.6000003814697,30.1000003814697,8.61666679382324,-2.70000004768372,13.5500001907349,-6.30000019073486,729,82,38,25.9396686553955,236,130,208,152,0.0723658576607704,1.16002249717712,0,14.7832565307617,2.90623474121094,27.1113758087158,13.4021501541138,201.741119384766,2.20477294921875,22.6769104003906,4.23474931716919,85.4758605957031,11.6179046630859,9028.75,1.14999997615814,28,"21.6 - 23.2 mg/kg"
6034,4598.28786240183,"0","0","1",56.1,13.74,7.09999990463257,7.34999990463257,30.2469139099121,640.631774902344,20.8999996185303,-3.40000009536743,24.2999992370605,3.91666674613953,5.93333339691162,15.25,-0.400000005960464,767,79,44,20.2501850128174,232,145,193,198,0.0753607749938965,1.10908496379852,21.0470085144043,12.8677616119385,11.7497940063477,13.6350011825562,14.6847076416016,93.5325469970703,1.97411811351776,32.9503974914551,5.62619590759277,52.8726043701172,35.3776016235352,9784.4169921875,1.06309998035431,33,"31.1 - 33.5 mg/kg"
6038,5447.61139779218,"0","0","1",56.1,13.74,7.09999990463257,7.34999990463257,30.2469139099121,640.631774902344,20.8999996185303,-3.40000009536743,24.2999992370605,3.91666674613953,5.93333339691162,15.25,-0.400000005960464,767,79,44,20.2501850128174,232,145,193,198,0.0753607749938965,1.10908496379852,21.0470085144043,12.8677616119385,11.7497940063477,13.6350011825562,14.6847076416016,93.5325469970703,1.97411811351776,32.9503974914551,5.62619590759277,52.8726043701172,35.3776016235352,9784.4169921875,1.06309998035431,33,"31.1 - 33.5 mg/kg"
6039,4498.85363433539,"0",".",".",56.1,13.74,7.09999990463257,7.34999990463257,30.2469139099121,640.631774902344,20.8999996185303,-3.40000009536743,24.2999992370605,3.91666674613953,5.93333339691162,15.25,-0.400000005960464,767,79,44,20.2501850128174,232,145,193,198,0.0753607749938965,1.10908496379852,21.0470085144043,12.8677616119385,11.7497940063477,13.6350011825562,14.6847076416016,93.5325469970703,1.97411811351776,32.9503974914551,5.62619590759277,52.8726043701172,35.3776016235352,9784.4169921875,1.06309998035431,33,"31.1 - 33.5 mg/kg"
6040,4834.68089711595,"0","0","1",55.66,13.4,7.63749980926514,6.54166650772095,28.0758228302002,637.873352050781,20.7999992370605,-2.5,23.2999992370605,8.28333377838135,2.5,15.783332824707,0.283333301544189,706,73,39,21.2583618164062,216,130,187,169,0.0771502107381821,1.37041628360748,0,9.43819618225098,12.1177177429199,14.4748830795288,8.32194519042969,97.8410720825195,2.22913360595703,37.8876342773438,5.29727172851562,59.2326431274414,28.6496429443359,9857.5,0.940599977970123,34,"33.5 - 36.0 mg/kg"
6041,5357.4364793916,"0","0","1",56.0328,14.775,NA,NA,NA,NA,NA,NA,NA,NA,NA,NA,NA,NA,NA,NA,NA,NA,NA,NA,NA,NA,NA,NA,NA,11.0690402984619,NA,NA,NA,NA,NA,NA,69.1686248779297,19.762336730957,NA,NA,NA,""
6042,4496.75397600132,"0","0","1",56.09,13.9,7.15833330154419,7.40000009536743,30.5785121917725,634.148803710938,21,-3.20000004768372,24.2000007629395,7.69999980926514,2.20000004768372,15.25,-0.25,686,70,39,19.8583507537842,204,128,185,167,0.0686479210853577,1.37334358692169,9.33803081512451,14.3385314941406,9.64270114898682,14.354531288147,11.3738031387329,112.167289733887,1.99637496471405,37.652961730957,5.41785144805908,68.9822845458984,21.3750152587891,9813.1669921875,0.943400025367737,34,"33.5 - 36.0 mg/kg"
6043,5684.65595534906,"1",".","1",62.801,18.079,3.71666669845581,7.68333339691162,25.6967678070068,800.003784179688,19.7999992370605,-10.1000003814697,29.8999996185303,4.21666669845581,-2.35000014305115,14.1000003814697,-5.70000028610229,686,84,38,26.8730640411377,231,124,185,145,NA,NA,NA,NA,5.87508630752563,NA,NA,NA,NA,NA,NA,79.4512710571289,14.6736450195312,9073.5,1.10940003395081,NA,""
6069,4609.72228572243,"0","0","1",62.9513,18.2763,3.40416669845581,7.99166631698608,26.4624729156494,798.155395507812,20,-10.1999998092651,30.2000007629395,3.66666674613953,2.04999995231628,13.8166666030884,-5.91666650772095,714,88,37,28.6592864990234,241,124,198,151,0.076114147901535,1.16061568260193,3.9406886100769,7.69286441802979,5.77393198013306,25.1354675292969,12.8575706481934,161.718612670898,1.638143658638,28.1932220458984,4.28416967391968,75.8123474121094,18.4137191772461,8986.6669921875,1.06980001926422,36,"38.7 - 41.7 mg/kg"
6070,4744.70872701703,"0","0","1",62.9308,18.3448,3.51250004768372,7.77500009536743,26.1784515380859,787.660888671875,19.7999992370605,-9.89999961853027,29.6999988555908,3.76666665077209,2.08333325386047,13.8166666030884,-5.61666679382324,706,87,36,28.9113502502441,240,121,194,151,0.0700538009405136,1.09390497207642,3.34380507469177,12.9991760253906,3.73174405097961,22.5912761688232,19.927318572998,180.262680053711,2.91119432449341,25.2772903442383,4.58192682266235,84.6295928955078,11.6386642456055,9007.5830078125,1.09109997749329,38,"44.8 - 48.2 mg/kg"
6071,5219.47028257263,"0","0","1",62.9308,18.3448,3.51250004768372,7.77500009536743,26.1784515380859,787.660888671875,19.7999992370605,-9.89999961853027,29.6999988555908,3.76666665077209,2.08333325386047,13.8166666030884,-5.61666679382324,706,87,36,28.9113502502441,240,121,194,151,0.0700538009405136,1.09390497207642,3.34380507469177,12.9991760253906,3.73174405097961,22.5912761688232,19.927318572998,180.262680053711,2.91119432449341,25.2772903442383,4.58192682266235,84.6295928955078,11.6386642456055,9007.5830078125,1.09109997749329,38,"44.8 - 48.2 mg/kg"
6073,4924.75471974854,"0","0","1",56.1481,15.8155,7.57083320617676,6.32500028610229,27.1459217071533,638.52978515625,20.7000007629395,-2.59999990463257,23.3000011444092,8.5,5.59999990463257,15.8000001907349,0.383333325386047,531,59,29,22.6378421783447,168,95,135,133,NA,NA,NA,NA,NA,NA,NA,NA,NA,NA,NA,NA,NA,10158.6669921875,0.714800000190735,40,"51.9 - 55.8 mg/kg"
6074,4380.37180387139,"0",".","1",56.4573,16.1308,7.32499980926514,6.63333320617676,27.6388893127441,642.606567382812,20.7999992370605,-3.20000004768372,24,15.0166664123535,1.86666667461395,15.6333332061768,0.116666652262211,540,55,31,18.469539642334,158,102,151,127,0.0733460113406181,NA,0,16.4779491424561,NA,16.9136810302734,13.7544784545898,110.576942443848,2.67190480232239,29.301736831665,5.14813852310181,NA,NA,10098.6669921875,0.731599986553192,NA,""
6076,5377.40232783035,"0",".","1",55.6942,13.4504,7.80000019073486,6.86666679382324,29.0960445404053,639.758483886719,21.2000007629395,-2.40000009536743,23.6000003814697,8.41666698455811,2.71666669845581,15.966667175293,0.383333295583725,669,69,36,21.0533981323242,204,123,180,157,0.0689199268817902,1.17268204689026,3.64314770698547,16.2209510803223,6.79479312896729,21.161548614502,8.98757934570312,115.088302612305,3.01045536994934,23.1366271972656,4.56897735595703,71.6030960083008,21.6021118164062,9887.8330078125,0.887899994850159,35,"36.0 - 38.7 mg/kg"
6085,4770.77234658528,"0","0","1",55.7097,13.2145,8.16250038146973,6.30833339691162,26.9586906433105,652.871704101562,21.3999996185303,-2,23.3999996185303,8.76666641235352,2.95000004768372,16.4833335876465,0.600000023841858,664,68,35,20.7614822387695,201,122,175,157,0.0795179381966591,1.48432683944702,NA,NA,8.55655193328857,NA,7.00829887390137,NA,NA,NA,NA,70.0261077880859,21.4173431396484,9828.25,0.83380001783371,34,"33.5 - 36.0 mg/kg"
6086,4395.05590793303,"0","0","1",58.9,11.2,7.40833330154419,5.63333320617676,23.5704326629639,667.174621582031,20.2999992370605,-3.59999990463257,23.8999996185303,8.18333339691162,1.69999992847443,15.8999996185303,-0.233333304524422,756,87,44,22.6917343139648,248,144,187,175,0.0765974894165993,NA,7.32237768173218,16.1021766662598,8.80756664276123,20.4835739135742,13.2960395812988,91.1938247680664,1.98518753051758,21.5948715209961,4.84727907180786,68.9799194335938,22.212516784668,9520.3330078125,0.906199991703033,NA,""
6088,4914.38461415609,"0","0",".",56.4666,16.1284,7.29166650772095,6.71666669845581,27.9861106872559,642.682006835938,20.7999992370605,-3.20000004768372,24,14.9833335876465,1.86666655540466,15.6000003814697,0.0666666626930237,538,55,31,18.7186851501465,158,101,151,127,0.0724658146500587,1.13923859596252,0.297214537858963,24.1406269073486,NA,20.7026672363281,11.9046649932861,96.3746871948242,2.64396667480469,23.53928565979,4.66255474090576,NA,NA,10093,0.72979998588562,NA,""
6090,4031.68450786975,"1","0","1",55.6525,13.2197,8.33333301544189,6.51666688919067,27.7304954528809,649.5849609375,21.6000003814697,-1.89999997615814,23.5,8.96666717529297,3.11666679382324,16.6000003814697,0.816666662693024,579,63,29,21.3329772949219,178,105,157,130,0.0779710188508034,1.43934047222137,3.43745875358582,13.6567468643188,13.8788080215454,12.9498109817505,6.69753217697144,121.512512207031,2.35838937759399,58.213939666748,6.40602970123291,71.0345153808594,15.0866775512695,9912.9169921875,0.729300022125244,33,"31.1 - 33.5 mg/kg"
6092,4969.91660096485,"0",".","1",55.6514,13.2233,8.33333301544189,6.51666688919067,27.7304954528809,649.5849609375,21.6000003814697,-1.89999997615814,23.5,8.96666717529297,3.11666679382324,16.6000003814697,0.816666662693024,579,63,29,21.3329772949219,178,105,157,130,0.0795425698161125,1.43934047222137,NA,NA,13.8788080215454,NA,6.69753217697144,NA,NA,NA,NA,71.0345153808594,15.0866775512695,9912.9169921875,0.729300022125244,33,"31.1 - 33.5 mg/kg"
6094,4470.01774642209,"0","0","1",55.6494,13.2147,8.31666660308838,6.48333358764648,27.7065525054932,647.608642578125,21.5,-1.89999997615814,23.3999996185303,8.96666717529297,3.11666679382324,16.5499992370605,0.816666662693024,579,62,29,21.5253677368164,178,104,158,130,0.0779710188508034,1.45440316200256,0,8.03335857391357,14.1034030914307,14.0051593780518,6.7546124458313,145.220367431641,1.90237843990326,45.5203247070312,5.98715591430664,68.7451095581055,17.1514892578125,9901.8330078125,0.721199989318848,33,"31.1 - 33.5 mg/kg"
6097,5278.84719557596,"0","0","1",55.6481,13.2264,8.30416679382324,6.50833320617676,27.8133907318115,647.373901367188,21.5,-1.89999997615814,23.3999996185303,8.94999980926514,3.11666679382324,16.533332824707,0.800000011920929,589,63,30,20.8625240325928,180,107,160,133,0.0803352519869804,1.4200918674469,0,7.52178192138672,16.2136821746826,14.1555671691895,6.69753217697144,148.454055786133,2.57964777946472,46.1748504638672,5.78197574615479,64.2106018066406,19.5757141113281,9874.25,0.740899980068207,33,"31.1 - 33.5 mg/kg"
6098,5251.48542150575,"0","0","1",55.6561,13.2178,8.33333301544189,6.51666688919067,27.7304954528809,649.5849609375,21.6000003814697,-1.89999997615814,23.5,8.96666717529297,3.11666679382324,16.6000003814697,0.816666662693024,579,63,29,21.3329772949219,178,105,157,130,0.0840032175183296,1.46865153312683,3.43745875358582,13.6567468643188,11.5130853652954,12.9498109817505,8.69485473632812,121.512512207031,2.35838937759399,58.213939666748,6.40602970123291,73.8282623291016,14.6586532592773,9912.9169921875,0.729300022125244,33,"31.1 - 33.5 mg/kg"
6099,5461.65473738811,"0","0","1",55.6575,13.2386,8.28333377838135,6.5,27.7777786254883,648.355712890625,21.5,-1.89999997615814,23.3999996185303,8.91666698455811,3.11666679382324,16.533332824707,0.766666650772095,591,64,30,21.0115013122559,181,108,160,133,0.0888537988066673,1.41859304904938,0,12.3491687774658,17.2861576080322,9.62558555603027,7.92323112487793,149.067199707031,1.78851532936096,51.4869079589844,6.74849414825439,64.4661865234375,18.2476577758789,9887.1669921875,0.745999991893768,34,"33.5 - 36.0 mg/kg"
6100,4709.14585261898,"0","0","1",55.6,13.2,8.12916660308838,6.30833339691162,27.308801651001,641.062561035156,21.1000003814697,-2,23.1000003814697,8.86666679382324,2.91666674613953,16.25,0.716666638851166,604,64,32,20.6719493865967,184,112,162,140,0.0833764895796776,1.40586686134338,15.1615085601807,13.742413520813,15.5533618927002,10.8163385391235,8.56459045410156,142.151306152344,1.4352719783783,50.2719841003418,6.45535278320312,53.549072265625,30.8975677490234,9918.6669921875,0.79009997844696,33,"31.1 - 33.5 mg/kg"
6102,4594.38499489373,"1","0","1",55.6,13.2,8.12916660308838,6.30833339691162,27.308801651001,641.062561035156,21.1000003814697,-2,23.1000003814697,8.86666679382324,2.91666674613953,16.25,0.716666638851166,604,64,32,20.6719493865967,184,112,162,140,0.0833764895796776,1.40586686134338,15.1615085601807,13.742413520813,15.5533618927002,10.8163385391235,8.56459045410156,142.151306152344,1.4352719783783,50.2719841003418,6.45535278320312,53.549072265625,30.8975677490234,9918.6669921875,0.79009997844696,33,"31.1 - 33.5 mg/kg"
6104,5080.2243743494,"0","0","1",55.7,13.2,8.31666660308838,6.40000009536743,27.2340412139893,650.598815917969,21.6000003814697,-1.89999997615814,23.5,8.93333339691162,3.13333344459534,16.6000003814697,0.76666671037674,615,64,31,20.8080215454102,187,112,166,140,0.068300798535347,1.50748717784882,6.83952522277832,9.8039436340332,9.14315223693848,15.4549531936646,8.6870584487915,156.426300048828,2.14769458770752,33.3406410217285,5.91031122207642,69.3973922729492,21.4594573974609,9849.5,0.772899985313416,34,"33.5 - 36.0 mg/kg"
6105,4845.81758303215,"0","0","1",55.7967,13.1211,8.125,6.59999990463257,28.2051296234131,644.196105957031,21.2999992370605,-2.09999990463257,23.3999996185303,8.85000038146973,2.96666669845581,16.2666664123535,0.600000023841858,631,66,32,20.7886848449707,192,116,170,143,0.0750022679567337,1.51018524169922,NA,NA,8.33965301513672,NA,5.79576635360718,NA,NA,NA,NA,76.3483734130859,15.3119735717773,9889.6669921875,0.830600023269653,34,"33.5 - 36.0 mg/kg"
6106,3965.16693857876,"0","0","1",55.7931,13.1186,8.125,6.59999990463257,28.2051296234131,644.196105957031,21.2999992370605,-2.09999990463257,23.3999996185303,8.85000038146973,2.96666669845581,16.2666664123535,0.600000023841858,631,66,32,20.7886848449707,192,116,170,143,0.0713474750518799,1.49374711513519,NA,NA,9.92151546478271,NA,6.71705484390259,NA,NA,NA,NA,73.9722747802734,16.1062088012695,9889.6669921875,0.830600023269653,34,"33.5 - 36.0 mg/kg"
6107,5125.66347853251,"0","0","1",55.7942,13.1222,8.125,6.59999990463257,28.2051296234131,644.196105957031,21.2999992370605,-2.09999990463257,23.3999996185303,8.85000038146973,2.96666669845581,16.2666664123535,0.600000023841858,631,66,32,20.7886848449707,192,116,170,143,0.0750022679567337,1.51018524169922,0.917062699794769,7.11958694458008,8.33965301513672,13.1242904663086,6.71705484390259,148.12336730957,1.83018147945404,49.7642822265625,6.04268026351929,76.3483734130859,15.3119735717773,9889.6669921875,0.830600023269653,34,"33.5 - 36.0 mg/kg"
6108,5173.89700829384,"0","0","1",55.7989,13.1206,8.125,6.59999990463257,28.2051296234131,644.196105957031,21.2999992370605,-2.09999990463257,23.3999996185303,8.85000038146973,2.96666669845581,16.2666664123535,0.600000023841858,631,66,32,20.7886848449707,192,116,170,143,0.0750022679567337,1.46154356002808,NA,NA,10.4788131713867,NA,5.79576635360718,NA,NA,NA,NA,70.3535614013672,19.1676254272461,9889.6669921875,0.830600023269653,34,"33.5 - 36.0 mg/kg"
6109,5071.25943990882,"0","0","1",55.7936,13.1233,8.125,6.59999990463257,28.2051296234131,644.196105957031,21.2999992370605,-2.09999990463257,23.3999996185303,8.85000038146973,2.96666669845581,16.2666664123535,0.600000023841858,631,66,32,20.7886848449707,192,116,170,143,0.0750022679567337,1.51018524169922,0.917062699794769,7.11958694458008,8.33965301513672,13.1242904663086,6.71705484390259,148.12336730957,1.83018147945404,49.7642822265625,6.04268026351929,76.3483734130859,15.3119735717773,9889.6669921875,0.830600023269653,34,"33.5 - 36.0 mg/kg"
6111,6099.59091059317,"1","0","1",55.7989,13.1219,8.125,6.59999990463257,28.2051296234131,644.196105957031,21.2999992370605,-2.09999990463257,23.3999996185303,8.85000038146973,2.96666669845581,16.2666664123535,0.600000023841858,631,66,32,20.7886848449707,192,116,170,143,0.0750022679567337,1.46154356002808,NA,NA,10.4788131713867,NA,5.79576635360718,NA,NA,NA,NA,70.3535614013672,19.1676254272461,9889.6669921875,0.830600023269653,34,"33.5 - 36.0 mg/kg"
6112,5748.55971711833,"0","0","0",55.7967,13.1044,8.11666679382324,6.59999990463257,28.2051296234131,644.262573242188,21.2999992370605,-2.09999990463257,23.3999996185303,8.83333301544189,2.94999980926514,16.2666664123535,0.600000023841858,632,66,32,21.071460723877,193,115,171,143,0.075687438249588,1.49672496318817,0,15.0326194763184,9.05699729919434,14.8522968292236,6.17564296722412,131.162200927734,1.78501403331757,43.7015647888184,6.01742935180664,74.2982635498047,16.6447372436523,9897.3330078125,0.838199973106384,34,"33.5 - 36.0 mg/kg"
6113,5434.82101754508,"0","0","1",55.8078,13.1028,8.12083339691162,6.625,28.3119659423828,644.629760742188,21.2999992370605,-2.09999990463257,23.3999996185303,8.81666660308838,2.96666669845581,16.2666664123535,0.600000023841858,628,65,32,20.9453430175781,191,114,170,143,0.0851049423217773,1.45107936859131,0,15.0216798782349,14.8229207992554,11.4038696289062,7.65456438064575,138.84245300293,1.74955606460571,53.7197265625,6.61656045913696,57.2157249450684,27.9613571166992,9913.4169921875,0.820699989795685,35,"36.0 - 38.7 mg/kg"
6114,5896.89875366196,"0","0","1",55.8097,13.1342,8.04166698455811,6.63333320617676,28.2269496917725,644.870788574219,21.2999992370605,-2.20000004768372,23.5,8.78333282470703,2.86666655540466,16.1833324432373,0.5,651,68,33,21.2498950958252,199,118,175,149,0.0910253375768661,1.43546187877655,0,13.812216758728,16.4182949066162,11.6956329345703,6.01235914230347,130.06867980957,1.61041224002838,53.691764831543,6.47752618789673,51.9907455444336,31.5909576416016,9879.75,0.864600002765656,36,"38.7 - 41.7 mg/kg"
6115,5704.72686134104,"0","0","1",55.8,13.1367,8.11666679382324,6.61666679382324,28.2763538360596,643.097351074219,21.2999992370605,-2.09999990463257,23.3999996185303,8.85000038146973,2.96666669845581,16.2333335876465,0.600000023841858,633,66,32,21.1103363037109,193,116,172,143,0.0718723088502884,1.4608952999115,0,13.0407962799072,12.195855140686,11.8679122924805,6.13730525970459,134.288238525391,1.68482100963593,47.232982635498,6.39420747756958,64.3855361938477,23.4186096191406,9889.75,0.842499971389771,35,"36.0 - 38.7 mg/kg"
6118,5102.84094236255,"0","0","0",55.7,13.2,8.31666660308838,6.40000009536743,27.2340412139893,650.598815917969,21.6000003814697,-1.89999997615814,23.5,8.93333339691162,3.13333344459534,16.6000003814697,0.76666671037674,615,64,31,20.8080215454102,187,112,166,140,0.068300798535347,1.50748717784882,6.83952522277832,9.8039436340332,9.14315223693848,15.4549531936646,8.6870584487915,156.426300048828,2.14769458770752,33.3406410217285,5.91031122207642,69.3973922729492,21.4594573974609,9849.5,0.772899985313416,34,"33.5 - 36.0 mg/kg"
6122,5436.68436137379,"0","0","1",55.8364,13.3075,7.84166669845581,6.83333301544189,28.9548015594482,645.015258789062,21.1000003814697,-2.5,23.6000003814697,4.71666669845581,2.70000004768372,16.0166664123535,0.349999994039536,728,75,41,20.5276050567627,221,136,192,176,0.0689077079296112,1.19995653629303,10.0717649459839,9.83572292327881,9.35978031158447,14.7611713409424,7.19132661819458,125.140899658203,1.80963099002838,31.4410705566406,5.87867593765259,70.1805725097656,20.4596481323242,9796.6669921875,0.964900016784668,37,"41.7 - 44.8 mg/kg"
6124,4925.54981334973,"0","0","1",55.8378,13.3092,7.82083320617676,6.84166669845581,28.9901123046875,644.50634765625,21.1000003814697,-2.5,23.6000003814697,4.68333339691162,2.70000004768372,16.0166664123535,0.333333343267441,732,75,42,20.1216621398926,222,138,192,178,0.0689077079296112,1.17561089992523,10.0717649459839,9.83572292327881,9.93007469177246,14.7611713409424,7.19132661819458,125.140899658203,1.80963099002838,31.4410705566406,5.87867593765259,68.7396697998047,21.3302536010742,9801.6669921875,0.966499984264374,37,"41.7 - 44.8 mg/kg"
6125,5034.01759004046,"0","0","1",55.8403,13.3106,7.82083320617676,6.84166669845581,28.9901123046875,644.50634765625,21.1000003814697,-2.5,23.6000003814697,4.68333339691162,2.70000004768372,16.0166664123535,0.333333343267441,732,75,42,20.1216621398926,222,138,192,178,0.0739695802330971,1.17561089992523,10.0717649459839,9.83572292327881,9.93007469177246,14.7611713409424,7.19132661819458,125.140899658203,1.80963099002838,31.4410705566406,5.87867593765259,68.7396697998047,21.3302536010742,9801.6669921875,0.966499984264374,37,"41.7 - 44.8 mg/kg"
6126,4877.39866127691,"0","0","1",55.8411,13.3047,7.84166669845581,6.83333301544189,28.9548015594482,645.015258789062,21.1000003814697,-2.5,23.6000003814697,4.71666669845581,2.70000004768372,16.0166664123535,0.349999994039536,728,75,41,20.5276050567627,221,136,192,176,0.0689077079296112,1.17561089992523,12.6897239685059,10.5269536972046,9.93007469177246,15.9493789672852,7.8694486618042,126.452728271484,2.05779242515564,33.3231735229492,5.73443078994751,68.7396697998047,21.3302536010742,9796.6669921875,0.964900016784668,37,"41.7 - 44.8 mg/kg"
6128,5243.68762264382,"0","0","1",55.8397,13.2881,7.82083320617676,6.75833320617676,28.7588653564453,642.6806640625,21,-2.5,23.5,4.75,2.66666674613953,15.9666662216187,0.349999964237213,725,75,41,20.483606338501,221,137,189,176,0.0754259005188942,1.29481112957001,2.89789795875549,9.68576812744141,10.2960815429688,14.544075012207,6.67329788208008,89.8239212036133,2.49577021598816,38.4831314086914,5.71398115158081,66.7397308349609,22.9641876220703,9838.0830078125,0.965200006961823,36,"38.7 - 41.7 mg/kg"
6131,5135.24992791381,"0","0","0",55.8369,13.3181,7.78333330154419,6.83333349227905,28.9548015594482,643.835571289062,21.1000003814697,-2.5,23.6000003814697,4.65000009536743,2.66666674613953,15.966667175293,0.316666662693024,734,75,42,20.368278503418,224,138,192,179,0.075310118496418,1.16532564163208,6.89350843429565,9.42040824890137,9.97179698944092,14.9696435928345,6.34986162185669,112.461730957031,1.76719427108765,34.1579933166504,5.98817682266235,70.5233459472656,19.5048599243164,9816.9169921875,0.965900003910065,37,"41.7 - 44.8 mg/kg"
6132,4907.86087319132,"0","0","1",55.8386,13.3186,7.78333330154419,6.83333349227905,28.9548015594482,643.835571289062,21.1000003814697,-2.5,23.6000003814697,4.65000009536743,2.66666674613953,15.966667175293,0.316666662693024,734,75,42,20.368278503418,224,138,192,179,0.075310118496418,1.15100061893463,6.89350843429565,9.42040824890137,12.141170501709,14.9696435928345,6.34986162185669,112.461730957031,1.76719427108765,34.1579933166504,5.98817682266235,63.8166198730469,24.0422058105469,9816.9169921875,0.965900003910065,37,"41.7 - 44.8 mg/kg"
6133,5335.8136243785,"0","0","1",55.8364,13.2906,7.82083320617676,6.75833320617676,28.7588653564453,642.6806640625,21,-2.5,23.5,4.75,2.66666674613953,15.9666662216187,0.349999964237213,725,75,41,20.483606338501,221,137,189,176,0.0702654793858528,1.32773542404175,2.89789795875549,9.68576812744141,8.7583703994751,14.544075012207,7.4710431098938,89.8239212036133,2.49577021598816,38.4831314086914,5.71398115158081,72.0432891845703,19.1983413696289,9838.0830078125,0.965200006961823,36,"38.7 - 41.7 mg/kg"
6134,5820.96145901105,"0","0","1",55.8383,13.2906,7.82083320617676,6.75833320617676,28.7588653564453,642.6806640625,21,-2.5,23.5,4.75,2.66666674613953,15.9666662216187,0.349999964237213,725,75,41,20.483606338501,221,137,189,176,0.0702654793858528,1.29481112957001,2.89789795875549,9.68576812744141,10.2960815429688,14.544075012207,7.4710431098938,89.8239212036133,2.49577021598816,38.4831314086914,5.71398115158081,66.7397308349609,22.9641876220703,9838.0830078125,0.965200006961823,36,"38.7 - 41.7 mg/kg"
6136,5187.38955623026,"0","0","1",55.9336,13.5519,7.34583330154419,7.07500028610229,29.4791660308838,640.729187011719,21,-3,24,4.16666650772095,6.08333349227905,15.5166664123535,-0.116666674613953,772,81,45,20.2358207702637,236,147,196,197,0.0730141624808311,1.13771414756775,5.64270830154419,8.21448516845703,8.75554180145264,13.7515239715576,8.40670394897461,102.324401855469,1.99735534191132,45.2210464477539,5.69608163833618,74.9696655273438,16.2747955322266,9798.75,1.04799997806549,36,"38.7 - 41.7 mg/kg"
6137,5082.67947903398,"1","0","1",55.9419,13.5603,7.25416660308838,7.05833339691162,29.5327758789062,638.743286132812,20.7999992370605,-3.09999990463257,23.8999996185303,4.06666660308838,6.01666641235352,15.3999996185303,-0.199999988079071,784,82,45,20.0753612518311,240,150,197,201,0.0704790502786636,1.15469861030579,2.36349058151245,9.76688575744629,8.76498889923096,13.6673431396484,11.3215637207031,63.3204040527344,2.80517625808716,38.5083847045898,5.53643989562988,68.9369964599609,22.2980117797852,9801.0830078125,1.07290005683899,36,"38.7 - 41.7 mg/kg"
6138,4186.10458949067,"0","0","1",55.9403,13.5511,7.34583330154419,7.07500028610229,29.4791660308838,640.729187011719,21,-3,24,4.16666650772095,6.08333349227905,15.5166664123535,-0.116666674613953,772,81,45,20.2358207702637,236,147,196,197,0.0766524001955986,1.12304747104645,5.054283618927,11.4052991867065,9.36695766448975,15.0732383728027,7.41605234146118,125.569641113281,1.93566513061523,40.2180290222168,5.69129943847656,71.985107421875,18.6479339599609,9798.75,1.04799997806549,36,"38.7 - 41.7 mg/kg"
6140,5052.36024797922,"0","0","1",55.9392,13.5539,7.34583330154419,7.07500028610229,29.4791660308838,640.729187011719,21,-3,24,4.16666650772095,6.08333349227905,15.5166664123535,-0.116666674613953,772,81,45,20.2358207702637,236,147,196,197,0.0766524001955986,1.15469861030579,6.29148054122925,11.4007024765015,9.36695766448975,15.7715845108032,7.41605234146118,96.1514282226562,1.82880520820618,40.2753677368164,5.77919864654541,71.985107421875,18.6479339599609,9798.75,1.04799997806549,36,"38.7 - 41.7 mg/kg"
6142,4869.28219962597,"0","0","1",55.9428,13.5558,7.30000019073486,7.09999990463257,29.5833339691162,641.004211425781,20.8999996185303,-3.09999990463257,24,4.11666679382324,6.06666660308838,15.466667175293,-0.183333337306976,781,82,45,20.5818786621094,240,148,197,200,0.0766524001955986,1.16556346416473,2.36349058151245,9.76688575744629,8.76498889923096,13.6673431396484,11.3349905014038,63.3204040527344,2.80517625808716,38.5083847045898,5.53643989562988,68.9369964599609,22.2980117797852,9804.8330078125,1.06200003623962,36,"38.7 - 41.7 mg/kg"
6145,5214.83208071786,"1","0","1",55.9497,13.5533,7.30000019073486,7.09999990463257,29.5833339691162,641.004211425781,20.8999996185303,-3.09999990463257,24,4.11666679382324,6.06666660308838,15.466667175293,-0.183333337306976,781,82,45,20.5818786621094,240,148,197,200,0.0851831287145615,1.0838497877121,11.8069868087769,13.8644046783447,15.9527435302734,12.9933862686157,6.88747930526733,95.3522644042969,2.3464207649231,38.7230491638184,6.12234783172607,60.9338531494141,23.1134033203125,9804.8330078125,1.06200003623962,36,"38.7 - 41.7 mg/kg"
6148,5044.61878775203,"0","0","1",55.9319,13.5508,7.39166688919067,7,29.1666660308838,640.670227050781,21,-3,24,4.25,6.11666679382324,15.5666666030884,-0.0666666626930237,767,80,45,19.7977104187012,234,147,195,195,0.0730141624808311,1.13771414756775,5.64270830154419,8.21448516845703,8.75554180145264,13.7515239715576,8.40670394897461,102.324401855469,1.99735534191132,45.2210464477539,5.69608163833618,74.9696655273438,16.2747955322266,9795.6669921875,1.04190003871918,36,"38.7 - 41.7 mg/kg"
6149,4794.00551257815,"0","0","1",55.9281,13.5481,7.41249990463257,7.02500009536743,29.2708339691162,642.304504394531,21,-3,24,4.25,6.13333320617676,15.6000003814697,-0.0666666626930237,766,80,44,20.0334281921387,234,146,195,195,0.0805376395583153,1.10690307617188,5.97100687026978,8.81339550018311,13.8850011825562,14.5682687759399,7.74851989746094,98.6933135986328,1.87520217895508,41.8512649536133,5.57937669754028,63.6421661376953,22.4728317260742,9785.6669921875,1.03489995002747,36,"38.7 - 41.7 mg/kg"
6150,4951.1976906744,"0","0","1",55.9261,13.5319,7.38749980926514,6.94166660308838,29.1666679382324,639.435546875,20.8999996185303,-2.90000009536743,23.7999992370605,4.25,6.08333301544189,15.5500001907349,-0.0333333425223827,774,81,45,20.028003692627,237,148,196,197,0.076031319797039,1.13663077354431,0,9.62519836425781,11.9600849151611,15.4251670837402,10.8096342086792,88.3258972167969,2.97171783447266,27.7951164245605,5.18013763427734,58.7269897460938,29.3129272460938,9804.75,1.04840004444122,37,"41.7 - 44.8 mg/kg"
6151,4853.31979503843,"0","0","1",55.6528,13.2244,8.33333301544189,6.51666688919067,27.7304954528809,649.5849609375,21.6000003814697,-1.89999997615814,23.5,8.96666717529297,3.11666679382324,16.6000003814697,0.816666662693024,579,63,29,21.3329772949219,178,105,157,130,0.0795425698161125,1.43934047222137,NA,NA,13.8788080215454,NA,6.69753217697144,NA,NA,NA,NA,71.0345153808594,15.0866775512695,9912.9169921875,0.729300022125244,33,"31.1 - 33.5 mg/kg"
6153,5239.92809369968,"0","0","1",62.6425,17.7422,3.25416660308838,7.97499990463257,26.4950160980225,803.496520996094,19.5,-10.6000003814697,30.1000003814697,8.71666622161865,-2.66666674613953,13.6333332061768,-6.23333358764648,720,80,37,25.9014511108398,232,128,205,149,0.07150749117136,1.16272616386414,10.9638061523438,13.2045879364014,5.46844959259033,21.6254501342773,12.1658630371094,175.875122070312,3.85798048973083,32.5826301574707,4.78488159179688,78.9901733398438,15.541374206543,9029.8330078125,1.14690005779266,28,"21.6 - 23.2 mg/kg"
6154,5155.74347338343,"0","0","1",62.6422,17.7406,3.19166660308838,7.94999980926514,26.411958694458,801.920532226562,19.5,-10.6000003814697,30.1000003814697,8.61666679382324,-2.70000004768372,13.5500001907349,-6.30000019073486,729,82,38,25.9396686553955,236,130,208,152,0.07150749117136,1.16272616386414,10.9638061523438,13.2045879364014,5.46844959259033,21.6254501342773,12.1658630371094,175.875122070312,3.85798048973083,32.5826301574707,4.78488159179688,78.9901733398438,15.541374206543,9028.75,1.14999997615814,28,"21.6 - 23.2 mg/kg"
6163,4708.62884659814,"0","0","1",62.6425,17.7356,3.19166660308838,7.94999980926514,26.411958694458,801.920532226562,19.5,-10.6000003814697,30.1000003814697,8.61666679382324,-2.70000004768372,13.5500001907349,-6.30000019073486,729,82,38,25.9396686553955,236,130,208,152,0.07150749117136,1.16002249717712,10.9638061523438,13.2045879364014,5.46844959259033,21.6254501342773,13.4021501541138,175.875122070312,3.85798048973083,32.5826301574707,4.78488159179688,78.9901733398438,15.541374206543,9028.75,1.14999997615814,28,"21.6 - 23.2 mg/kg"
6166,4908.10072990873,"0","0","1",62.6425,17.7372,3.19166660308838,7.94999980926514,26.411958694458,801.920532226562,19.5,-10.6000003814697,30.1000003814697,8.61666679382324,-2.70000004768372,13.5500001907349,-6.30000019073486,729,82,38,25.9396686553955,236,130,208,152,0.07150749117136,1.16002249717712,10.9638061523438,13.2045879364014,5.46844959259033,21.6254501342773,12.1658630371094,175.875122070312,3.85798048973083,32.5826301574707,4.78488159179688,78.9901733398438,15.541374206543,9028.75,1.14999997615814,28,"21.6 - 23.2 mg/kg"
6169,4599.22042753741,"0","0","1",62.8714,18.3447,3.49166655540466,7.5,25.9515571594238,764.602783203125,19.2999992370605,-9.60000038146973,28.8999996185303,3.84999990463257,1.83333325386047,13.5333337783813,-5.25,737,91,37,28.6880264282227,251,127,200,159,0.0762930065393448,1.17158985137939,4.85988616943359,11.0989017486572,7.87157821655273,24.0417976379395,21.2849884033203,165.351165771484,3.57973527908325,28.2671966552734,4.47775030136108,71.9090881347656,20.2193298339844,9029.75,1.15910005569458,37,"41.7 - 44.8 mg/kg"
6172,4322.13439569407,"0","0","1",62.8717,18.3436,3.49166655540466,7.5,25.9515571594238,764.602783203125,19.2999992370605,-9.60000038146973,28.8999996185303,3.84999990463257,1.83333325386047,13.5333337783813,-5.25,737,91,37,28.6880264282227,251,127,200,159,0.0762930065393448,1.17158985137939,4.85988616943359,11.0989017486572,7.87157821655273,24.0417976379395,21.2849884033203,165.351165771484,3.57973527908325,28.2671966552734,4.47775030136108,71.9090881347656,20.2193298339844,9029.75,1.15910005569458,37,"41.7 - 44.8 mg/kg"
6173,4616.30049785968,"0","0","1",62.8717,18.3419,3.49166655540466,7.5,25.9515571594238,764.602783203125,19.2999992370605,-9.60000038146973,28.8999996185303,3.84999990463257,1.83333325386047,13.5333337783813,-5.25,737,91,37,28.6880264282227,251,127,200,159,0.0762930065393448,1.17158985137939,4.85988616943359,11.0989017486572,7.87157821655273,24.0417976379395,21.2849884033203,165.351165771484,3.57973527908325,28.2671966552734,4.47775030136108,71.9090881347656,20.2193298339844,9029.75,1.15910005569458,37,"41.7 - 44.8 mg/kg"
6174,4395.14249708989,"0","0","1",62.8719,18.3422,3.49166655540466,7.5,25.9515571594238,764.602783203125,19.2999992370605,-9.60000038146973,28.8999996185303,3.84999990463257,1.83333325386047,13.5333337783813,-5.25,737,91,37,28.6880264282227,251,127,200,159,0.0762930065393448,1.17158985137939,4.85988616943359,11.0989017486572,7.87157821655273,24.0417976379395,21.2849884033203,165.351165771484,3.57973527908325,28.2671966552734,4.47775030136108,71.9090881347656,20.2193298339844,9029.75,1.15910005569458,37,"41.7 - 44.8 mg/kg"
6177,5541.13315960952,"0","0","1",62.6322,17.69,3.27083325386047,8.10833358764648,26.5846996307373,812.771545410156,19.7000007629395,-10.8000001907349,30.5,8.80000019073486,-2.68333339691162,13.7333335876465,-6.38333320617676,693,79,35,26.4900798797607,225,121,201,143,0.0716190561652184,1.13977372646332,0,13.5395765304565,4.66387796401978,24.4942245483398,8.62162685394287,199.179992675781,1.76178228855133,24.6400661468506,4.29470205307007,80.6589431762695,14.6771774291992,9059.3330078125,1.09720003604889,27,"20.1 - 21.6 mg/kg"
6180,5181.99972993226,"0","0","0",62.6322,17.6906,3.27083325386047,8.10833358764648,26.5846996307373,812.771545410156,19.7000007629395,-10.8000001907349,30.5,8.80000019073486,-2.68333339691162,13.7333335876465,-6.38333320617676,693,79,35,26.4900798797607,225,121,201,143,0.0716190561652184,1.13977372646332,0,13.5395765304565,4.66387796401978,24.4942245483398,8.62162685394287,199.179992675781,1.76178228855133,24.6400661468506,4.29470205307007,80.6589431762695,14.6771774291992,9059.3330078125,1.09720003604889,27,"20.1 - 21.6 mg/kg"
6184,3764.99034975696,"0","0","1",62.8892,18.4522,NA,NA,NA,NA,NA,NA,NA,NA,NA,NA,NA,NA,NA,NA,NA,NA,NA,NA,NA,NA,NA,NA,NA,7.48660802841187,NA,NA,NA,NA,NA,NA,72.6592178344727,19.8541717529297,NA,NA,37,"41.7 - 44.8 mg/kg"
6188,4290.55269740787,"0","0","1",55.7683,14.1386,7.42916679382324,6.94166660308838,29.6652431488037,617.971252441406,21,-2.40000009536743,23.3999996185303,8.10000038146973,2.41666674613953,15.4000005722046,0.383333325386047,692,71,39,19.0550880432129,209,133,178,170,0.0632492005825043,1.23864185810089,0,15.5108661651611,1.25124680995941,17.4200038909912,13.8880729675293,113.173950195312,2.26923084259033,32.8505744934082,4.78140878677368,91.4861221313477,7.26263427734375,9924.8330078125,0.927799999713898,40,"51.9 - 55.8 mg/kg"
6189,5812.77263025404,".","0","1",55.7686,14.1383,7.42916679382324,6.94166660308838,29.6652431488037,617.971252441406,21,-2.40000009536743,23.3999996185303,8.10000038146973,2.41666674613953,15.4000005722046,0.383333325386047,692,71,39,19.0550880432129,209,133,178,170,0.0632492005825043,1.23864185810089,0,15.5108661651611,1.25124680995941,17.4200038909912,13.8880729675293,113.173950195312,2.26923084259033,32.8505744934082,4.78140878677368,91.4861221313477,7.26263427734375,9924.8330078125,0.927799999713898,40,"51.9 - 55.8 mg/kg"
6191,5405.89581700981,"1","0","1",55.7689,14.1375,7.42916679382324,6.94166660308838,29.6652431488037,617.971252441406,21,-2.40000009536743,23.3999996185303,8.10000038146973,2.41666674613953,15.4000005722046,0.383333325386047,692,71,39,19.0550880432129,209,133,178,170,0.0632492005825043,1.23864185810089,0,15.5108661651611,1.25124680995941,17.4200038909912,13.8880729675293,113.173950195312,2.26923084259033,32.8505744934082,4.78140878677368,91.4861221313477,7.26263427734375,9924.8330078125,0.927799999713898,40,"51.9 - 55.8 mg/kg"
6192,4908.85812517544,"1","0","1",55.7692,14.1369,7.42916679382324,6.94166660308838,29.6652431488037,617.971252441406,21,-2.40000009536743,23.3999996185303,8.10000038146973,2.41666674613953,15.4000005722046,0.383333325386047,692,71,39,19.0550880432129,209,133,178,170,0.0632492005825043,1.23864185810089,0,15.5108661651611,1.25124680995941,17.4200038909912,13.8880729675293,113.173950195312,2.26923084259033,32.8505744934082,4.78140878677368,91.4861221313477,7.26263427734375,9924.8330078125,0.927799999713898,40,"51.9 - 55.8 mg/kg"
6193,4923.5022589283,"0","0","1",55.7694,14.1347,7.42916679382324,6.94166660308838,29.6652431488037,617.971252441406,21,-2.40000009536743,23.3999996185303,8.10000038146973,2.41666674613953,15.4000005722046,0.383333325386047,692,71,39,19.0550880432129,209,133,178,170,0.0632492005825043,1.26929152011871,0,15.5108661651611,1.25124680995941,17.4200038909912,10.3164892196655,113.173950195312,2.26923084259033,32.8505744934082,4.78140878677368,91.4861221313477,7.26263427734375,9924.8330078125,0.927799999713898,40,"51.9 - 55.8 mg/kg"
6194,4565.55608864042,"1","0","1",55.7706,14.1342,7.42916679382324,6.94166660308838,29.6652431488037,617.971252441406,21,-2.40000009536743,23.3999996185303,8.10000038146973,2.41666674613953,15.4000005722046,0.383333325386047,692,71,39,19.0550880432129,209,133,178,170,0.0632492005825043,1.26929152011871,0,17.6209411621094,1.25124680995941,22.1896438598633,10.3164892196655,130.535354614258,2.31689548492432,27.6073093414307,4.27926111221313,91.4861221313477,7.26263427734375,9924.8330078125,0.927799999713898,40,"51.9 - 55.8 mg/kg"
6195,4431.14592645333,"0","0","1",55.7708,14.1342,7.42916679382324,6.94166660308838,29.6652431488037,617.971252441406,21,-2.40000009536743,23.3999996185303,8.10000038146973,2.41666674613953,15.4000005722046,0.383333325386047,692,71,39,19.0550880432129,209,133,178,170,0.0632492005825043,1.26929152011871,0,17.6209411621094,1.25124680995941,22.1896438598633,10.3164892196655,130.535354614258,2.31689548492432,27.6073093414307,4.27926111221313,91.4861221313477,7.26263427734375,9924.8330078125,0.927799999713898,40,"51.9 - 55.8 mg/kg"
6198,4164.6554446511,"0","0","1",55.7708,14.1331,7.40833330154419,6.95000028610229,29.5744686126709,621.006652832031,21,-2.5,23.5,4.40000009536743,2.38333344459534,15.4000005722046,0.300000041723251,696,71,40,18.859935760498,210,135,179,171,0.0677734687924385,1.26929152011871,0,17.6209411621094,1.25124680995941,22.1896438598633,10.3164892196655,130.535354614258,2.31689548492432,27.6073093414307,4.27926111221313,91.4861221313477,7.26263427734375,9921.5830078125,0.933300018310547,40,"51.9 - 55.8 mg/kg"
6201,4764.13748944042,"0","0","1",55.7719,14.1211,7.40000009536743,6.96666669845581,29.6453914642334,620.901123046875,21,-2.5,23.5,4.40000009536743,2.38333344459534,15.3833332061768,0.283333331346512,697,72,40,19.0185222625732,211,135,179,171,0.0677734687924385,1.16708087921143,11.3391571044922,11.273796081543,10.3411340713501,16.933012008667,6.16223621368408,128.464050292969,2.77503895759583,43.9168510437012,5.30298662185669,66.6528244018555,23.0060424804688,9921.9169921875,0.940699994564056,40,"51.9 - 55.8 mg/kg"
6202,4952.73443872849,"0","0","1",55.7717,14.1206,7.40000009536743,6.96666669845581,29.6453914642334,620.901123046875,21,-2.5,23.5,4.40000009536743,2.38333344459534,15.3833332061768,0.283333331346512,697,72,40,19.0185222625732,211,135,179,171,0.0677734687924385,1.16708087921143,12.0335807800293,10.0377645492554,6.50404262542725,13.8223056793213,6.16223621368408,140.564224243164,3.06016802787781,44.1443977355957,6.01978158950806,74.0288696289062,19.4670867919922,9921.9169921875,0.940699994564056,40,"51.9 - 55.8 mg/kg"
6203,6715.41528420502,"1","0","0",55.7714,14.1208,7.40000009536743,6.96666669845581,29.6453914642334,620.901123046875,21,-2.5,23.5,4.40000009536743,2.38333344459534,15.3833332061768,0.283333331346512,697,72,40,19.0185222625732,211,135,179,171,0.0677734687924385,1.26520657539368,11.3391571044922,11.273796081543,5.83579730987549,16.933012008667,6.16223621368408,128.464050292969,2.77503895759583,43.9168510437012,5.30298662185669,76.0087890625,18.1554107666016,9921.9169921875,0.940699994564056,40,"51.9 - 55.8 mg/kg"
6209,4867.07579039625,"0","0","1",62.8836,18.1842,3.64166665077209,8,26.5780715942383,792.85400390625,20.1000003814697,-10,30.1000003814697,3.91666674613953,2.28333330154419,13.9833335876465,-5.61666679382324,696,86,37,28.4257411956787,236,122,191,147,0.09917102009058,1.13167607784271,3.96751189231873,9.16465282440186,10.1609048843384,21.5816421508789,15.3129739761353,172.269989013672,2.69630551338196,30.5441398620605,4.76194858551025,68.0064697265625,21.8326263427734,9007.9169921875,1.04560005664825,36,"38.7 - 41.7 mg/kg"
6210,5509.13021625702,"0","0","1",62.8839,18.1836,3.64166665077209,8,26.5780715942383,792.85400390625,20.1000003814697,-10,30.1000003814697,3.91666674613953,2.28333330154419,13.9833335876465,-5.61666679382324,696,86,37,28.4257411956787,236,122,191,147,0.09917102009058,1.13167607784271,3.96751189231873,9.16465282440186,10.1609048843384,21.5816421508789,13.5853576660156,172.269989013672,2.69630551338196,30.5441398620605,4.76194858551025,68.0064697265625,21.8326263427734,9007.9169921875,1.04560005664825,36,"38.7 - 41.7 mg/kg"
6216,5069.99798956906,".","0","0",63.0167,18.3283,3.625,7.98333311080933,26.7001113891602,786.668762207031,20,-9.89999961853027,29.8999996185303,3.86666655540466,2.23333334922791,13.8999996185303,-5.5,674,82,34,29.2598152160645,226,113,192,143,NA,NA,NA,NA,NA,NA,NA,NA,NA,NA,NA,NA,NA,8978.25,1.02470004558563,NA,""
6217,4499.54529027785,"0","0","0",63.0169,18.3283,3.625,7.98333311080933,26.7001113891602,786.668762207031,20,-9.89999961853027,29.8999996185303,3.86666655540466,2.23333334922791,13.8999996185303,-5.5,674,82,34,29.2598152160645,226,113,192,143,NA,NA,NA,NA,NA,NA,NA,NA,NA,NA,NA,NA,NA,8978.25,1.02470004558563,NA,""
6218,5297.38613998295,".","0","0",63.0172,18.3283,3.625,7.98333311080933,26.7001113891602,786.668762207031,20,-9.89999961853027,29.8999996185303,3.86666655540466,2.23333334922791,13.8999996185303,-5.5,674,82,34,29.2598152160645,226,113,192,143,NA,NA,NA,NA,NA,NA,NA,NA,NA,NA,NA,NA,NA,8978.25,1.02470004558563,NA,""
6220,5179.63548254844,"0","0","1",62.806,18.1896,3.9375,7.59166669845581,26.1781616210938,765.990539550781,19.7000007629395,-9.30000019073486,29,4.34999990463257,2.33333325386047,13.966667175293,-4.90000009536743,688,87,37,28.557918548584,236,121,185,146,NA,NA,NA,NA,6.17722272872925,NA,NA,NA,NA,NA,NA,77.8895721435547,15.9332046508789,9055.25,1.06659996509552,35,"36.0 - 38.7 mg/kg"
6221,5080.49566192781,"0","0","1",62.806,18.1896,3.9375,7.59166669845581,26.1781616210938,765.990539550781,19.7000007629395,-9.30000019073486,29,4.34999990463257,2.33333325386047,13.966667175293,-4.90000009536743,688,87,37,28.557918548584,236,121,185,146,NA,NA,NA,NA,6.17722272872925,NA,NA,NA,NA,NA,NA,77.8895721435547,15.9332046508789,9055.25,1.06659996509552,35,"36.0 - 38.7 mg/kg"
6235,4986.00149571112,"0","0","1",62.9611,18.3589,3.36666655540466,7.71666669845581,26.1581916809082,783.657897949219,19.6000003814697,-9.89999961853027,29.5,3.63333344459534,1.91666662693024,13.6166667938232,-5.69999980926514,721,88,37,28.2561912536621,243,125,199,154,0.0734807252883911,1.18002772331238,0,9.97231101989746,5.52714920043945,29.3043785095215,9.05081748962402,169.067367553711,1.57072842121124,29.5699138641357,4.37357807159424,80.6869735717773,13.7858734130859,8997.5,1.11880004405975,37,"41.7 - 44.8 mg/kg"
6237,5510.395934199,"0","0","1",62.9619,18.35,3.32500004768372,7.75,26.2711868286133,783.858459472656,19.6000003814697,-9.89999961853027,29.5,3.56666684150696,1.88333332538605,13.5833330154419,-5.73333311080933,726,89,37,28.48166847229,244,125,201,156,0.0727151781320572,1.18088114261627,0,11.6788806915283,7.30297422409058,27.8637256622314,11.063346862793,183.428604125977,1.8089485168457,26.5671463012695,4.39449071884155,72.8737106323242,19.8233184814453,8998,1.12650001049042,37,"41.7 - 44.8 mg/kg"
6238,4151.48625006925,"0","0","1",62.9619,18.35,3.32500004768372,7.75,26.2711868286133,783.858459472656,19.6000003814697,-9.89999961853027,29.5,3.56666684150696,1.88333332538605,13.5833330154419,-5.73333311080933,726,89,37,28.48166847229,244,125,201,156,0.0727151781320572,1.18088114261627,0,11.6788806915283,7.30297422409058,27.8637256622314,11.063346862793,183.428604125977,1.8089485168457,26.5671463012695,4.39449071884155,72.8737106323242,19.8233184814453,8998,1.12650001049042,37,"41.7 - 44.8 mg/kg"
6240,4426.9292652608,"0","0",".",62.9622,18.35,3.32500004768372,7.75,26.2711868286133,783.858459472656,19.6000003814697,-9.89999961853027,29.5,3.56666684150696,1.88333332538605,13.5833330154419,-5.73333311080933,726,89,37,28.48166847229,244,125,201,156,0.0727151781320572,1.18088114261627,0,11.6788806915283,7.30297422409058,27.8637256622314,11.063346862793,183.428604125977,1.8089485168457,26.5671463012695,4.39449071884155,72.8737106323242,19.8233184814453,8998,1.12650001049042,37,"41.7 - 44.8 mg/kg"
6242,5060.64094949496,"1","0","1",55.7,13.2,8.31666660308838,6.40000009536743,27.2340412139893,650.598815917969,21.6000003814697,-1.89999997615814,23.5,8.93333339691162,3.13333344459534,16.6000003814697,0.76666671037674,615,64,31,20.8080215454102,187,112,166,140,0.068300798535347,1.50748717784882,6.83952522277832,9.8039436340332,9.14315223693848,15.4549531936646,8.6870584487915,156.426300048828,2.14769458770752,33.3406410217285,5.91031122207642,69.3973922729492,21.4594573974609,9849.5,0.772899985313416,34,"33.5 - 36.0 mg/kg"
6243,5262.26227662922,"0",".","0",56.27373,13.90045,6.84583330154419,7.57499980926514,30.1792831420898,655.256591796875,21,-4.09999990463257,25.1000003814697,7.30000019073486,1.78333330154419,15.1666669845581,-0.883333325386047,749,76,44,19.3531017303467,222,142,202,183,0.0752994939684868,1.46195125579834,8.75934505462646,10.2787199020386,4.94774580001831,17.7412929534912,16.3368549346924,123.21524810791,3.10396146774292,30.4419059753418,4.60726404190063,74.4025115966797,20.6497421264648,9787.9169921875,1.0456999540329,28,"21.6 - 23.2 mg/kg"
6244,5014.13879212712,"0","0","1",62.9169,18.4728,3.64166665077209,7.09999990463257,25.4480285644531,743.837829589844,18.8999996185303,-9,27.8999996185303,4.05000019073486,1.76666676998138,13.4666662216187,-4.71666669845581,725,89,36,28.7807369232178,246,124,197,158,NA,NA,NA,NA,7.76543617248535,NA,NA,NA,NA,NA,NA,72.1117553710938,20.1228103637695,9052.75,1.15750002861023,38,"44.8 - 48.2 mg/kg"
6252,4396.61681455349,"0","0","1",55.5796,14.3336,NA,NA,NA,NA,NA,NA,NA,NA,NA,NA,NA,NA,NA,NA,NA,NA,NA,NA,NA,NA,NA,NA,NA,12.9391946792603,NA,NA,NA,NA,NA,NA,64.1008605957031,22.9599456787109,NA,NA,41,"55.8 - 60.0 mg/kg"
6258,5024.33103709112,"1","0","1",55.5796,14.3336,NA,NA,NA,NA,NA,NA,NA,NA,NA,NA,NA,NA,NA,NA,NA,NA,NA,NA,NA,NA,NA,NA,NA,12.9391946792603,NA,NA,NA,NA,NA,NA,64.1008605957031,22.9599456787109,NA,NA,41,"55.8 - 60.0 mg/kg"
6268,3957.96822133427,".","0","1",55.5796,14.3336,NA,NA,NA,NA,NA,NA,NA,NA,NA,NA,NA,NA,NA,NA,NA,NA,NA,NA,NA,NA,NA,NA,NA,12.9391946792603,NA,NA,NA,NA,NA,NA,64.1008605957031,22.9599456787109,NA,NA,41,"55.8 - 60.0 mg/kg"
6276,4041.20102717367,".","0","1",55.5796,14.3336,NA,NA,NA,NA,NA,NA,NA,NA,NA,NA,NA,NA,NA,NA,NA,NA,NA,NA,NA,NA,NA,NA,NA,12.9391946792603,NA,NA,NA,NA,NA,NA,64.1008605957031,22.9599456787109,NA,NA,41,"55.8 - 60.0 mg/kg"
6284,6879.39006420337,".","0","1",55.5796,14.3336,NA,NA,NA,NA,NA,NA,NA,NA,NA,NA,NA,NA,NA,NA,NA,NA,NA,NA,NA,NA,NA,NA,NA,12.9391946792603,NA,NA,NA,NA,NA,NA,64.1008605957031,22.9599456787109,NA,NA,41,"55.8 - 60.0 mg/kg"
6296,4972.41284365778,"0",".","1",49.2771,16.6314,7.83333349227905,7.71666669845581,28.7935333251953,732.090209960938,22.5,-4.30000019073486,26.7999992370605,15.3000001907349,0.149999991059303,16.7999992370605,-1.16666674613953,550,84,26,41.5818099975586,219,82,219,87,0.0939624309539795,1.4337170124054,0,8.51160430908203,18.0591201782227,12.8150987625122,11.7288675308228,166.837677001953,1.81957602500916,21.0288219451904,4.88314294815063,24.5090637207031,57.4318161010742,11083.4169921875,0.615100026130676,50,"108 - 116 mg/kg"
6390,4846.3871095336,"0","0","1",49.2771,16.6314,7.83333349227905,7.71666669845581,28.7935333251953,732.090209960938,22.5,-4.30000019073486,26.7999992370605,15.3000001907349,0.149999991059303,16.7999992370605,-1.16666674613953,550,84,26,41.5818099975586,219,82,219,87,0.0939624309539795,1.4337170124054,0,8.51160430908203,18.0591201782227,12.8150987625122,11.7288675308228,166.837677001953,1.81957602500916,21.0288219451904,4.88314294815063,24.5090637207031,57.4318161010742,11083.4169921875,0.615100026130676,50,"108 - 116 mg/kg"
6396,5682.08353396058,"0","0",".",49.2771,16.6314,7.83333349227905,7.71666669845581,28.7935333251953,732.090209960938,22.5,-4.30000019073486,26.7999992370605,15.3000001907349,0.149999991059303,16.7999992370605,-1.16666674613953,550,84,26,41.5818099975586,219,82,219,87,0.0939624309539795,1.4337170124054,0,8.51160430908203,18.0591201782227,12.8150987625122,11.7288675308228,166.837677001953,1.81957602500916,21.0288219451904,4.88314294815063,24.5090637207031,57.4318161010742,11083.4169921875,0.615100026130676,50,"108 - 116 mg/kg"
6413,4994.37776790718,"0","0","1",56.06,13.97,7.21250009536743,7.40833330154419,30.8680553436279,627.401306152344,21.1000003814697,-2.90000009536743,24,7.80000019073486,2.28333330154419,15.2333335876465,-0.0833333730697632,679,67,40,18.6224918365479,199,128,187,162,0.0699645429849625,1.39286291599274,9.82632350921631,14.8881778717041,7.91086196899414,14.095118522644,13.5797481536865,113.077186584473,2.44936609268188,44.6160163879395,5.35584688186646,74.94384765625,17.1452941894531,9863.5,0.927200019359589,35,"36.0 - 38.7 mg/kg"
6424,4959.43269485436,"0","0",".",49.3853,16.2544,7.38750028610229,8.375,30.3442039489746,734.776184082031,22.6000003814697,-5,27.6000003814697,16.3500003814697,-0.333333343267441,16.3500003814697,-1.66666662693024,560,84,26,42.10400390625,225,82,225,85,0.082091711461544,1.44122612476349,0,10.016396522522,20.0726566314697,10.4224634170532,18.3221702575684,178.394073486328,1.62834107875824,37.9529418945312,5.97489500045776,41.8339385986328,38.0934066772461,10941.25,0.657999992370605,47,"86.5 - 93.1 mg/kg"
6434,4357.69171151136,"0","0","1",49.3853,16.2544,7.38750028610229,8.375,30.3442039489746,734.776184082031,22.6000003814697,-5,27.6000003814697,16.3500003814697,-0.333333343267441,16.3500003814697,-1.66666662693024,560,84,26,42.10400390625,225,82,225,85,0.082091711461544,1.44122612476349,0,10.016396522522,20.0726566314697,10.4224634170532,18.3221702575684,178.394073486328,1.62834107875824,37.9529418945312,5.97489500045776,41.8339385986328,38.0934066772461,10941.25,0.657999992370605,47,"86.5 - 93.1 mg/kg"
6445,5845.06789603371,"1","0",".",49.3853,16.2544,7.38750028610229,8.375,30.3442039489746,734.776184082031,22.6000003814697,-5,27.6000003814697,16.3500003814697,-0.333333343267441,16.3500003814697,-1.66666662693024,560,84,26,42.10400390625,225,82,225,85,0.082091711461544,1.44122612476349,0,10.016396522522,20.0726566314697,10.4224634170532,18.3221702575684,178.394073486328,1.62834107875824,37.9529418945312,5.97489500045776,41.8339385986328,38.0934066772461,10941.25,0.657999992370605,47,"86.5 - 93.1 mg/kg"
6744,3817.81904559496,"0",".",".",40.8585,-73.4675,11.1208333969116,9.05833339691162,27.7013263702393,867.783142089844,27.7999992370605,-4.90000009536743,32.7000007629395,9.48333358764648,0.383333295583725,21.7333335876465,0.383333295583725,1108,106,77,10.1986303329468,302,261,270,261,NA,NA,NA,NA,NA,NA,NA,NA,NA,NA,NA,NA,NA,13652.75,0.887799978256226,NA,""
6830,4753.14191742132,".","0","1",49.5,73.1,3.09583330154419,11.4583330154419,24.8553867340088,1322.94519042969,27.2000007629395,-18.8999996185303,46.0999984741211,17.1499996185303,-11.9833335876465,18.9333343505859,-13.0500001907349,290,36,13,27.7284297943115,101,49,93,58,NA,NA,NA,NA,NA,NA,NA,NA,NA,NA,NA,NA,NA,12957.0830078125,0.251599997282028,NA,""
6897,4424.17577719148,".","0","1",45,1.3,12.0291662216187,9.47499942779541,38.991771697998,552.870422363281,25.7999992370605,1.5,24.2999992370605,8.86666679382324,18.9833335876465,18.9833335876465,5.58333349227905,932,92,57,13.1808700561523,257,199,199,242,0.0957288071513176,1.2825026512146,45.2768592834473,14.1636381149292,22.6368274688721,14.3385772705078,16.1885280609131,194.824951171875,2.17918658256531,6.70509195327759,5.9400782585144,43.4442367553711,33.9189376831055,12758.1669921875,0.869700014591217,31,"26.9 - 28.9 mg/kg"
6898,5245.40278352969,"0",".","0",51.2167,4.4,10.6875,7.49166679382324,33.4449424743652,559.850280761719,23.2999992370605,0.899999976158142,22.3999996185303,7.55000019073486,6.63333320617676,17.716667175293,4.06666660308838,819,80,51,13.7149562835693,231,171,211,196,0.072121262550354,1.45272958278656,NA,NA,16.3946857452393,NA,11.6896562576294,NA,NA,NA,NA,39.1877899169922,44.4175262451172,9720.1669921875,0.971700012683868,38,"44.8 - 48.2 mg/kg"
6903,5189.15831651867,"0","0","0",49.4013,16.2326,7.34583330154419,8.35833358764648,30.2838172912598,733.653564453125,22.6000003814697,-5,27.6000003814697,16.2999992370605,-0.366666674613953,16.2999992370605,-1.68333339691162,560,84,26,42.5482940673828,226,82,226,85,0.0924156010150909,1.36770856380463,2.04831624031067,9.66368675231934,15.613712310791,11.1138315200806,15.995361328125,187.036575317383,1.52415120601654,33.9636459350586,5.67660236358643,50.209114074707,34.1771697998047,10929.4169921875,0.660099983215332,47,"86.5 - 93.1 mg/kg"
6904,5248.36882190373,".",".",".",49.2,16.6166,9.43333339691162,8.85000038146973,30.308219909668,774.879272460938,25.5,-3.70000004768372,29.2000007629395,17.4500007629395,1.36666667461395,18.9500007629395,-0.11666663736105,502,80,22,44.9828453063965,209,72,203,73,0.0848117992281914,1.3932820558548,NA,NA,19.5744743347168,NA,7.21908569335938,NA,NA,NA,NA,46.1555404663086,34.2699890136719,10924.1669921875,0.507799983024597,53,"134 - 144 mg/kg"
6907,4835.03439431414,"0","0","1",51.4083,-0.6383,10.1708335876465,7.79166698455811,38.008129119873,472.076934814453,22,1.5,20.5,7.75,6.48333311080933,16.2666664123535,4.81666660308838,677,69,42,16.6633548736572,204,146,148,181,0.0809170603752136,1.04637503623962,0,13.9494895935059,11.811131477356,13.715874671936,13.7132005691528,188.694763183594,2.61506986618042,26.4932327270508,5.77210426330566,62.6086463928223,25.5802230834961,9823.5,0.817099988460541,31,"26.9 - 28.9 mg/kg"
6908,5088.96383389546,"0","0","1",51.4083,-0.6383,10.1708335876465,7.79166698455811,38.008129119873,472.076934814453,22,1.5,20.5,7.75,6.48333311080933,16.2666664123535,4.81666660308838,677,69,42,16.6633548736572,204,146,148,181,0.0809170603752136,1.04637503623962,0,13.9494895935059,11.811131477356,13.715874671936,13.7132005691528,188.694763183594,2.61506986618042,26.4932327270508,5.77210426330566,62.6086463928223,25.5802230834961,9823.5,0.817099988460541,31,"26.9 - 28.9 mg/kg"
6909,5861.60216883497,"0","0","0",38.3,-92.3,13.1208333969116,12.7083330154419,32.6692390441895,954.638122558594,32.2999992370605,-6.59999990463257,38.8999977111816,18.1499996185303,0.849999964237213,24.6166667938232,0.849999964237213,1023,125,41,26.8931217193604,326,159,279,159,NA,NA,NA,NA,NA,NA,NA,NA,NA,NA,NA,NA,NA,14842.1669921875,0.720899999141693,NA,""
6911,3169.71277164496,"0","0","1",15.1111,-23.6167,22.7000007629395,6.41666698455811,62.2977294921875,152.479522705078,27.6000003814697,17.2999992370605,10.3000011444092,24.4166679382324,22.4833335876465,24.4166679382324,20.7999992370605,281,116,0,155.792572021484,244,0,210,6,NA,NA,NA,NA,NA,NA,NA,NA,NA,NA,NA,NA,NA,19807.666015625,0.138099998235703,NA,""
6913,4807.79988379004,"0","0","1",62.877,18.177,3.50833320617676,7.94999980926514,26.5,791.215515136719,19.8999996185303,-10.1000003814697,30,3.78333330154419,2.13333320617676,13.8333330154419,-5.71666669845581,715,88,38,28.148286819458,242,126,195,152,0.0777834057807922,1.15984106063843,0,9.00030422210693,9.33875751495361,24.9496803283691,16.8044166564941,170.284484863281,2.88514637947083,24.9245567321777,4.2652153968811,71.1141510009766,19.5470886230469,9013.9169921875,1.07920002937317,36,"38.7 - 41.7 mg/kg"
6915,4884.56695969553,"1","0","1",50.3,6.3,7.52500009536743,7.23333311080933,31.5866088867188,595.752014160156,20.3999996185303,-2.5,22.8999996185303,1.46666669845581,10.1999998092651,14.9833335876465,0.433333307504654,1109,117,72,14.9758987426758,335,241,247,316,0.102051101624966,1.0362241268158,13.9874753952026,15.4802274703979,20.9672966003418,10.7809610366821,17.4485206604004,217.731704711914,2.9607253074646,34.7039031982422,5.50337266921997,21.0339050292969,57.9987983703613,10288.3330078125,1.45580005645752,56,"167 - 180 mg/kg"
6918,4895.90872913857,"0","0","0",63.0165,18.3174,NA,NA,NA,NA,NA,NA,NA,NA,NA,NA,NA,NA,NA,NA,NA,NA,NA,NA,NA,NA,NA,NA,NA,8.96028232574463,NA,NA,NA,NA,NA,NA,72.0012817382812,19.0384368896484,NA,NA,35,"36.0 - 38.7 mg/kg"
6919,4864.06087980726,"0","0","1",50.3,8,8.35000038146973,7.83333349227905,31.9727897644043,630.987670898438,22.1000003814697,-2.40000009536743,24.5,4.55000019073486,4.09999990463257,16.3166675567627,0.816666662693024,801,81,55,11.5559282302856,222,179,201,206,0.0989043563604355,1.35570812225342,5.91082954406738,9.55725383758545,18.0991878509521,16.2995090484619,16.0076751708984,195.299865722656,2.14516377449036,10.790057182312,4.57719612121582,36.7840423583984,45.1167678833008,10287.8330078125,0.98580002784729,38,"44.8 - 48.2 mg/kg"
6920,5088.00263230957,"0","0","1",51.5338,9.9355,9.15416717529297,8.32499980926514,33.4337348937988,627.275695800781,23.2000007629395,-1.70000004768372,24.9000015258789,15.5833339691162,4.84999990463257,17.033332824707,1.63333332538605,646,72,40,15.6463174819946,193,135,190,150,0.0727188587188721,1.44397640228271,NA,NA,13.1234884262085,NA,11.185715675354,NA,NA,NA,NA,52.9086799621582,33.9678344726562,9821.75,0.779900014400482,41,"55.8 - 60.0 mg/kg"
6923,4911.98792323703,"0","0","1",51.4083,-0.6383,10.1708335876465,7.79166698455811,38.008129119873,472.076934814453,22,1.5,20.5,7.75,6.48333311080933,16.2666664123535,4.81666660308838,677,69,42,16.6633548736572,204,146,148,181,0.0809170603752136,1.04637503623962,0,13.9494895935059,11.811131477356,13.715874671936,13.7132005691528,188.694763183594,2.61506986618042,26.4932327270508,5.77210426330566,62.6086463928223,25.5802230834961,9823.5,0.817099988460541,31,"26.9 - 28.9 mg/kg"
6924,4743.0537824935,"0","0","1",51.4083,-0.6383,10.1708335876465,7.79166698455811,38.008129119873,472.076934814453,22,1.5,20.5,7.75,6.48333311080933,16.2666664123535,4.81666660308838,677,69,42,16.6633548736572,204,146,148,181,0.0809170603752136,1.04637503623962,0,13.9494895935059,11.811131477356,13.715874671936,13.7132005691528,188.694763183594,2.61506986618042,26.4932327270508,5.77210426330566,62.6086463928223,25.5802230834961,9823.5,0.817099988460541,31,"26.9 - 28.9 mg/kg"
6926,4905.45486257519,"0","0","1",44.46,-85.37,6.64166641235352,11.4333333969116,29.8520450592041,996.575561523438,26.7000007629395,-11.6000003814697,38.3000030517578,14.0833330154419,-5.13333320617676,18.533332824707,-5.83333349227905,784,106,32,30.200963973999,265,121,230,127,NA,NA,NA,NA,NA,NA,NA,NA,NA,NA,NA,NA,NA,12466.4169921875,0.797599971294403,NA,""
6927,4686.79539716917,"0","0","1",41.2816,-86.621,9.85000038146973,11.1500005722046,28.8113689422607,1011.27282714844,29.1000003814697,-9.60000038146973,38.7000007629395,19.8500003814697,-3.26666665077209,21.8500003814697,-3.26666665077209,974,109,43,24.4447345733643,303,163,302,163,NA,NA,NA,NA,NA,NA,NA,NA,NA,NA,NA,NA,NA,13191.5,0.857699990272522,NA,""
6929,5031.60139443854,"0",".",".",38.48,68.49,14.2124996185303,12.2916669845581,33.131175994873,904.795593261719,34.2999992370605,-2.79999995231628,37.0999984741211,8.61666679382324,24.0833339691162,25.5166664123535,2.91666674613953,493,103,1,81.8804779052734,255,8,13,178,NA,NA,NA,NA,NA,NA,NA,NA,NA,NA,NA,NA,NA,16001.1669921875,0.30469998717308,NA,""
6931,4468.197893416,"0","0","1",49.5,73.1,3.09583330154419,11.4583330154419,24.8553867340088,1322.94519042969,27.2000007629395,-18.8999996185303,46.0999984741211,17.1499996185303,-11.9833335876465,18.9333343505859,-13.0500001907349,290,36,13,27.7284297943115,101,49,93,58,NA,NA,NA,NA,NA,NA,NA,NA,NA,NA,NA,NA,NA,12957.0830078125,0.251599997282028,NA,""
6932,4494.76777172234,"0","0","1",47.984,10.8719,7.80833339691162,8.5,32.319393157959,681.261657714844,22,-4.30000019073486,26.2999992370605,16.25,0.683333277702332,16.25,-0.466666728258133,1011,129,52,31.8237400054932,369,167,369,173,0.102342419326305,1.34853792190552,29.2614879608154,24.7512435913086,22.5058269500732,9.34200572967529,14.2598905563354,106.628158569336,3.28355574607849,40.1504135131836,6.79838418960571,37.0601959228516,40.4339752197266,11379.0830078125,1.1793999671936,50,"108 - 116 mg/kg"
6933,4940.18734159786,".",".",".",41.59,2.49,14.3208332061768,9.35833358764648,38.1972770690918,553.4990234375,27.5,3,24.5,15.3333330154419,21.3500003814697,21.5499992370605,8.16666698455811,768,95,33,25.1343879699707,254,144,180,176,0.115621663630009,0.957051336765289,107.332397460938,11.1526288986206,22.9166316986084,13.7677116394043,23.8973941802979,500.215850830078,3.37269902229309,20.1968631744385,6.33873176574707,33.2810287475586,43.8023376464844,14789.0830078125,0.583100020885468,45,"74.8 - 80.4 mg/kg"
6938,5140.67506403964,"0","0","1",55.7522,37.6322,5.375,7.54999971389771,22.4702377319336,980.7939453125,23.2999992370605,-10.3000001907349,33.5999984741211,17.4166660308838,-0.616666555404663,17.4166660308838,-6.61666679382324,721,94,35,31.7788982391357,259,115,259,133,NA,NA,NA,NA,NA,NA,NA,NA,NA,NA,NA,NA,NA,9333.8330078125,0.919200003147125,NA,""
6940,4621.34068693089,"0","0","1",50.3,8.3,8.75,7.91666698455811,31.9220428466797,641.312561035156,22.7000007629395,-2.09999990463257,24.8000011444092,15.216667175293,4.51666688919067,16.7999992370605,1.05000007152557,743,74,51,12.3758125305176,206,162,193,186,0.113839954137802,1.34489011764526,9.36408424377441,11.1716833114624,24.7525596618652,14.5779132843018,18.2794227600098,178.179611206055,2.32317423820496,25.4044876098633,4.80519485473633,21.0116882324219,54.2357521057129,10266.5830078125,0.888800024986267,44,"69.5 - 74.8 mg/kg"
6943,4858.60167612075,"0","0","1",51.4083,-0.6383,10.1708335876465,7.79166698455811,38.008129119873,472.076934814453,22,1.5,20.5,7.75,6.48333311080933,16.2666664123535,4.81666660308838,677,69,42,16.6633548736572,204,146,148,181,0.0809170603752136,1.04637503623962,0,13.9494895935059,11.811131477356,13.715874671936,13.7132005691528,188.694763183594,2.61506986618042,26.4932327270508,5.77210426330566,62.6086463928223,25.5802230834961,9823.5,0.817099988460541,31,"26.9 - 28.9 mg/kg"
6944,5465.54698464211,"0","0","1",51.4083,-0.6383,10.1708335876465,7.79166698455811,38.008129119873,472.076934814453,22,1.5,20.5,7.75,6.48333311080933,16.2666664123535,4.81666660308838,677,69,42,16.6633548736572,204,146,148,181,0.0809170603752136,1.04637503623962,0,13.9494895935059,11.811131477356,13.715874671936,13.7132005691528,188.694763183594,2.61506986618042,26.4932327270508,5.77210426330566,62.6086463928223,25.5802230834961,9823.5,0.817099988460541,31,"26.9 - 28.9 mg/kg"
6945,4760.89977776202,"0","0","1",52.24,4.45,9.69166660308838,6.58333349227905,32.1138191223145,509.794219970703,21,0.5,20.5,10.7666664123535,8.33333301544189,15.9666662216187,3.71666669845581,811,94,44,24.9114837646484,272,151,216,194,0.0589249022305012,1.35359966754913,44.9506072998047,6.95058393478394,17.7565326690674,14.5143404006958,8.20734882354736,141.384078979492,2.04710340499878,43.8161468505859,6.37562704086304,55.3302307128906,26.9132385253906,9990.0830078125,1.07739996910095,46,"80.4 - 86.5 mg/kg"
6951,3699.08890022971,"0","1","1",49.42,16.36,7.70833349227905,8.13333320617676,30.012300491333,732.172485351562,22.6000003814697,-4.5,27.1000003814697,15.1666660308838,0.0166666600853205,16.6499996185303,-1.29999995231628,538,82,24,43.3760833740234,218,78,218,80,0.0847650393843651,1.43178641796112,25.9582271575928,11.1573877334595,17.2257709503174,16.0581722259521,29.8393535614014,147.622985839844,3.30170559883118,34.5234375,5.70526885986328,26.5095520019531,56.2646789550781,10971.8330078125,0.620999991893768,45,"74.8 - 80.4 mg/kg"
6956,5540.57601301235,"0","0","0",49.42,16.36,7.70833349227905,8.13333320617676,30.012300491333,732.172485351562,22.6000003814697,-4.5,27.1000003814697,15.1666660308838,0.0166666600853205,16.6499996185303,-1.29999995231628,538,82,24,43.3760833740234,218,78,218,80,0.0847650393843651,1.43178641796112,25.9582271575928,11.1573877334595,17.2257709503174,16.0581722259521,29.8393535614014,147.622985839844,3.30170559883118,34.5234375,5.70526885986328,26.5095520019531,56.2646789550781,10971.8330078125,0.620999991893768,45,"74.8 - 80.4 mg/kg"
6957,5276.67261630798,"0","0","0",49.42,16.36,7.70833349227905,8.13333320617676,30.012300491333,732.172485351562,22.6000003814697,-4.5,27.1000003814697,15.1666660308838,0.0166666600853205,16.6499996185303,-1.29999995231628,538,82,24,43.3760833740234,218,78,218,80,0.0847650393843651,1.43178641796112,25.9582271575928,11.1573877334595,17.2257709503174,16.0581722259521,29.8393535614014,147.622985839844,3.30170559883118,34.5234375,5.70526885986328,26.5095520019531,56.2646789550781,10971.8330078125,0.620999991893768,45,"74.8 - 80.4 mg/kg"
6958,4905.91198971323,"0","0","0",46,3.3,10.8791666030884,10.7583332061768,40.9062080383301,586.404541015625,25.7000007629395,-0.600000023841858,26.3000011444092,16.3999996185303,4.96666669845581,18.25,3.96666669845581,677,87,38,28.9960250854492,213,118,207,125,0.122515313327312,1.23354148864746,63.2960510253906,18.1954803466797,39.6535682678223,9.64480400085449,6.5009970664978,329.517883300781,2.25921678543091,36.7018623352051,7.16509342193604,29.0022430419922,31.3441925048828,12360.8330078125,0.649600028991699,57,"180 - 193 mg/kg"
6959,3935.79722054773,"0","1","1",48.5,-1.41,11.3874998092651,7.67500019073486,37.8078842163086,475.294769287109,22.8999996185303,2.59999990463257,20.2999992370605,9.03333377838135,17.2999992370605,17.2999992370605,5.83333349227905,721,81,44,20.1650009155273,229,137,137,200,0.0966604351997375,1.36922180652618,21.9539279937744,9.12700271606445,25.5189571380615,10.1868190765381,14.6619634628296,208.550033569336,2.59086179733276,42.6915512084961,6.03983545303345,17.5952835083008,56.8857574462891,11453.75,0.768599987030029,36,"38.7 - 41.7 mg/kg"
6960,4278.24602402223,"0",".",".",48.5,-1.41,11.3874998092651,7.67500019073486,37.8078842163086,475.294769287109,22.8999996185303,2.59999990463257,20.2999992370605,9.03333377838135,17.2999992370605,17.2999992370605,5.83333349227905,721,81,44,20.1650009155273,229,137,137,200,0.0966604351997375,1.36922180652618,21.9539279937744,9.12700271606445,25.5189571380615,10.1868190765381,14.6619634628296,208.550033569336,2.59086179733276,42.6915512084961,6.03983545303345,17.5952835083008,56.8857574462891,11453.75,0.768599987030029,36,"38.7 - 41.7 mg/kg"
6961,3778.06853468706,".","0","1",38.3333,-3.53333,14.7291669845581,13.0749998092651,39.2642631530762,718.614379882812,34.2999992370605,1,33.2999992370605,10.4499998092651,24.0166664123535,24.1833343505859,6.73333358764648,433,61,5,49.1814308166504,163,32,35,152,0.0926954001188278,1.18227887153625,78.3040390014648,13.4450988769531,25.8868293762207,9.84901714324951,19.1927299499512,334.122711181641,1.674072265625,25.5158996582031,6.88155508041382,36.9691123962402,37.1440582275391,16759.166015625,0.252799987792969,45,"74.8 - 80.4 mg/kg"
6963,4547.92677673616,"0","0","1",38.35,68.48,15.8208332061768,12.625,33.2236862182617,926.153991699219,36.5,-1.5,38,10.1499996185303,25.8000011444092,27.3500003814697,4.21666669845581,421,91,1,83.4632263183594,220,6,10,163,NA,NA,NA,NA,NA,NA,NA,NA,NA,NA,NA,NA,NA,16059.0830078125,0.242799997329712,NA,""
6966,4994.05375949784,"0","0","1",51.4083,-0.6383,10.1708335876465,7.79166698455811,38.008129119873,472.076934814453,22,1.5,20.5,7.75,6.48333311080933,16.2666664123535,4.81666660308838,677,69,42,16.6633548736572,204,146,148,181,0.0809170603752136,1.04637503623962,0,13.9494895935059,11.811131477356,13.715874671936,13.7132005691528,188.694763183594,2.61506986618042,26.4932327270508,5.77210426330566,62.6086463928223,25.5802230834961,9823.5,0.817099988460541,31,"26.9 - 28.9 mg/kg"
6967,4840.37944032682,"0","0","1",51.4083,-0.6383,10.1708335876465,7.79166698455811,38.008129119873,472.076934814453,22,1.5,20.5,7.75,6.48333311080933,16.2666664123535,4.81666660308838,677,69,42,16.6633548736572,204,146,148,181,0.0809170603752136,1.04637503623962,0,13.9494895935059,11.811131477356,13.715874671936,13.7132005691528,188.694763183594,2.61506986618042,26.4932327270508,5.77210426330566,62.6086463928223,25.5802230834961,9823.5,0.817099988460541,31,"26.9 - 28.9 mg/kg"
6969,4051.24026248448,"0","0","1",60,23.5,5.27916669845581,6.25833320617676,21.4326496124268,808.327270507812,20.7999992370605,-8.39999961853027,29.1999988555908,6.15000009536743,3.48333334922791,15.6166667938232,-4.13333320617676,705,84,34,30.7125511169434,230,115,196,164,0.0883049741387367,1.08542788028717,5.94996023178101,15.4738311767578,20.7175846099854,18.7487812042236,14.9308376312256,131.84358215332,2.38018274307251,25.978946685791,5.11204481124878,56.8597297668457,22.4226837158203,9426.6669921875,1.0132999420166,18,"10.4 - 11.2 mg/kg"
6971,4043.96136293203,"0","0","1",41.7194,2.93056,15.0625,9.09166717529297,38.3614616394043,533.658569335938,27.6000003814697,3.90000009536743,23.7000007629395,16.1333332061768,21.8000011444092,21.966667175293,9.06666660308838,642,84,23,27.8105621337891,212,116,142,150,NA,1.03293085098267,NA,NA,22.5102462768555,NA,NA,NA,NA,NA,NA,37.518123626709,39.9716300964355,14697.0830078125,0.481299996376038,48,"93.1 - 100 mg/kg"
6973,4732.18542230117,"0","0","1",56.0648,13.9707,7.21250009536743,7.40833330154419,30.8680553436279,627.401306152344,21.1000003814697,-2.90000009536743,24,7.80000019073486,2.28333330154419,15.2333335876465,-0.0833333730697632,679,67,40,18.6224918365479,199,128,187,162,0.0730265229940414,1.39286291599274,9.82632350921631,14.8881778717041,8.80435085296631,14.095118522644,12.6232328414917,113.077186584473,2.44936609268188,44.6160163879395,5.35584688186646,65.1997528076172,25.9958953857422,9863.5,0.927200019359589,35,"36.0 - 38.7 mg/kg"
6974,5655.83778862244,"0","0","0",56.0648,13.9707,7.21250009536743,7.40833330154419,30.8680553436279,627.401306152344,21.1000003814697,-2.90000009536743,24,7.80000019073486,2.28333330154419,15.2333335876465,-0.0833333730697632,679,67,40,18.6224918365479,199,128,187,162,0.0730265229940414,1.39286291599274,9.82632350921631,14.8881778717041,8.80435085296631,14.095118522644,12.6232328414917,113.077186584473,2.44936609268188,44.6160163879395,5.35584688186646,65.1997528076172,25.9958953857422,9863.5,0.927200019359589,35,"36.0 - 38.7 mg/kg"
6975,4635.68286390883,"0","0","0",48.3,14.45,8.44166660308838,9.26666641235352,32.4009323120117,737.498352050781,23.7000007629395,-4.90000009536743,28.6000003814697,17.3666667938232,0.799999952316284,17.3666667938232,-0.76666671037674,763,106,44,31.2372436523438,283,142,283,144,0.100266054272652,1.19931697845459,26.6138973236084,12.9164628982544,15.7925176620483,13.2793054580688,13.2226581573486,264.531280517578,2.20352864265442,24.7563323974609,5.24265336990356,33.9198608398438,50.2876205444336,10850.8330078125,0.90149998664856,48,"93.1 - 100 mg/kg"
6976,4157.6150596516,"0","0","0",48.3,14.45,8.44166660308838,9.26666641235352,32.4009323120117,737.498352050781,23.7000007629395,-4.90000009536743,28.6000003814697,17.3666667938232,0.799999952316284,17.3666667938232,-0.76666671037674,763,106,44,31.2372436523438,283,142,283,144,0.100266054272652,1.19931697845459,26.6138973236084,12.9164628982544,15.7925176620483,13.2793054580688,13.2226581573486,264.531280517578,2.20352864265442,24.7563323974609,5.24265336990356,33.9198608398438,50.2876205444336,10850.8330078125,0.90149998664856,48,"93.1 - 100 mg/kg"
6979,4279.16200935791,"0","0","1",47.25,8.26,8.55833339691162,8.59999942779541,33.59375,643.109741210938,22.7000007629395,-2.90000009536743,25.6000003814697,16.5666675567627,1.95000004768372,16.5666675567627,0.800000011920929,1326,143,88,16.1004085540771,411,281,411,301,0.110452204942703,1.00733780860901,NA,NA,21.7552490234375,NA,23.6904296875,NA,NA,NA,NA,41.7573547363281,36.4873962402344,11735.6669921875,1.49650001525879,41,"55.8 - 60.0 mg/kg"
6981,5450.19951900954,"0","0","1",52.3,30,6.77916669845581,8.25833320617676,25.8881931304932,880.832397460938,23.3999996185303,-8.5,31.8999996185303,17.3999996185303,-3.11666655540466,17.3999996185303,-4.19999980926514,612,88,31,33.8890380859375,228,99,228,107,NA,NA,NA,NA,NA,NA,NA,NA,NA,NA,NA,NA,NA,10627.25,0.741699993610382,NA,""
6984,5550.9596784244,"0","0","0",49.3853,16.2544,7.38750028610229,8.375,30.3442039489746,734.776184082031,22.6000003814697,-5,27.6000003814697,16.3500003814697,-0.333333343267441,16.3500003814697,-1.66666662693024,560,84,26,42.10400390625,225,82,225,85,0.082091711461544,1.44122612476349,0,10.016396522522,20.0726566314697,10.4224634170532,18.3221702575684,178.394073486328,1.62834107875824,37.9529418945312,5.97489500045776,41.8339385986328,38.0934066772461,10941.25,0.657999992370605,47,"86.5 - 93.1 mg/kg"
6986,5367.45486261928,"0","0","1",57.1539,-2.2207,7.54166650772095,7.26666688919067,38.8591804504395,432.418334960938,18.1000003814697,-0.600000023841858,18.7000007629395,5.16666650772095,9,13.1000003814697,2.54999995231628,856,90,57,18.0190162658691,260,172,191,229,0.088411845266819,1.12172174453735,0,11.783013343811,14.3154401779175,12.4063320159912,8.88368034362793,160.904174804688,3.15236568450928,58.4011306762695,5.87985372543335,50.5632667541504,35.1212921142578,8580.25,1.23160004615784,44,"69.5 - 74.8 mg/kg"
6987,4659.10740690682,"0","0","1",48.0683,7.62551,10.3208332061768,8.57499980926514,33.1081085205078,655.284301757812,24.7999992370605,-1.10000002384186,25.8999996185303,6.13333320617676,6.25,18.5499992370605,2.43333339691162,1106,114,74,12.5325794219971,312,242,275,297,0.104425065219402,1.36074113845825,28.1218872070312,9.56850814819336,25.8860778808594,10.4953565597534,10.2791357040405,250.734298706055,2.83965373039246,40.0309867858887,6.01719284057617,23.1837310791016,50.9301910400391,11469.25,1.14909994602203,40,"51.9 - 55.8 mg/kg"
6989,4278.83421109199,"0","0","1",54.8,-2.4333,7.08750009536743,7.05833339691162,37.9480285644531,435.253967285156,17.7999992370605,-0.800000011920929,18.5999984741211,2.91666674613953,8.53333282470703,12.6833333969116,2.10000014305115,1281,142,77,23.1499099731445,418,233,262,381,0.108768790960312,1.05653440952301,0,11.6281795501709,20.665283203125,10.9524593353271,26.3202476501465,243.167251586914,3.01714849472046,35.6104850769043,5.52769470214844,48.147518157959,31.1871948242188,8937,1.96459996700287,45,"74.8 - 80.4 mg/kg"
6992,4330.17558132742,"0","0","1",50.3,5.3,9.32499980926514,7.53333330154419,32.8966522216797,573.749633789062,22.1000003814697,-0.800000011920929,22.8999996185303,16.4833335876465,5.28333330154419,16.4833335876465,2.43333339691162,859,84,59,10.3176307678223,239,191,239,199,0.109306968748569,0.973776340484619,0,14.5596323013306,21.7047786712646,10.2205581665039,14.3627758026123,200.634979248047,2.81341409683228,44.3943099975586,5.92624235153198,22.0523223876953,56.2428970336914,10194.0830078125,1.05260002613068,43,"64.6 - 69.5 mg/kg"
6997,5255.38088476412,"0","0","1",51.8333,5.5833,9.6875,8.14166736602783,35.7090644836426,552.474304199219,22.6000003814697,-0.200000002980232,22.8000011444092,6.70000028610229,5.59999990463257,16.6000003814697,3.13333344459534,773,77,44,15.3761129379272,212,159,202,189,0.0808868184685707,1.4310804605484,3.00846862792969,12.117151260376,17.4772167205811,12.558931350708,6.34915733337402,85.8050079345703,1.61076533794403,69.7327499389648,6.22195196151733,60.8942184448242,21.6285629272461,9830,0.959200024604797,48,"93.1 - 100 mg/kg"
7000,5447.37518250556,"0","0","0",50.9167,9.57073,8.05416679382324,7.84166669845581,32.0068016052246,630.690307617188,21.7000007629395,-2.79999995231628,24.5,14.5166673660278,1.31666672229767,15.9500007629395,0.483333349227905,740,75,46,13.3220281600952,219,157,210,165,0.104682713747025,1.40059554576874,15.6645965576172,10.6488151550293,11.3332672119141,13.2013292312622,17.2626552581787,104.488059997559,2.24985480308533,23.7681293487549,5.4444317817688,43.3737907409668,45.2929420471191,10044.6669921875,0.925100028514862,42,"60.0 - 64.6 mg/kg"
7002,5538.45778553754,".","0",".",51.3333,6.1,10.1583337783813,7.98333311080933,34.5598831176758,572.771728515625,23.1000003814697,0,23.1000003814697,15.9166669845581,6.06666660308838,17.3333339691162,3.35000014305115,725,72,45,12.8480224609375,202,153,198,176,0.0737138241529465,1.13512945175171,20.7125434875488,13.6071033477783,9.6904821395874,13.7425193786621,7.96609354019165,136.053512573242,1.71366989612579,52.1629981994629,6.3117208480835,66.9156341552734,23.3938827514648,9860.8330078125,0.865599989891052,35,"36.0 - 38.7 mg/kg"
7003,5789.12848726847,"0","0","0",47.5,7.5,9.53750038146973,8.375,32.9724426269531,642.870422363281,23.5,-1.89999997615814,25.3999996185303,15.7333335876465,2.93333339691162,17.466667175293,1.68333327770233,838,90,51,18.9869899749756,264,159,255,174,0.10496886074543,1.38659429550171,13.143816947937,17.5176677703857,29.7293071746826,9.04499244689941,9.18379974365234,251.256088256836,2.24538421630859,40.0904388427734,6.83440685272217,14.8968963623047,55.3737945556641,11669.9169921875,0.922999978065491,33,"31.1 - 33.5 mg/kg"
7008,5283.27246831367,"0",".","1",52,5.675,9.79583358764648,8.09166622161865,35.1811599731445,562.989013671875,22.7999992370605,-0.200000002980232,23,4.16666650772095,5.66666650772095,16.8333339691162,3.09999990463257,814,81,49,14.8651142120361,233,170,205,206,0.0644127354025841,1.18889653682709,28.5588722229004,6.61716318130493,8.11672306060791,15.1383266448975,8.39045238494873,116.791549682617,1.51169633865356,55.8269424438477,6.24175357818604,82.4704742431641,9.41280364990234,9741.4169921875,1.03750002384186,47,"86.5 - 93.1 mg/kg"
7013,5485.04768541905,"1",".","1",52.4584,13.287,9.23750019073486,7.70833349227905,30.347770690918,678.950134277344,23.3999996185303,-2,25.3999996185303,17.7000007629395,4.75,17.7000007629395,1.04999995231628,564,65,36,19.5231990814209,177,116,177,132,0.055018775165081,1.53438329696655,15.3340435028076,9.9229907989502,2.73615622520447,13.2187213897705,7.16930866241455,142.913955688477,1.08215761184692,42.0693359375,6.46637105941772,92.2784652709961,4.98538208007812,10138.8330078125,0.631399989128113,19,"11.2 - 12.0 mg/kg"
7014,4738.56170861174,".","0","1",56.5459,-4.79821,7.52083349227905,6.17500019073486,36.7559547424316,417.228179931641,16.8999996185303,0.100000001490116,16.7999992370605,3.45000004768372,9.13333320617676,12.7666664123535,2.68333339691162,1803,221,89,32.5748329162598,626,273,318,570,0.0770092308521271,1.15572774410248,0,16.2789688110352,5.66749095916748,15.8783922195435,12.116925239563,141.388442993164,3.5997679233551,22.8644390106201,5.30402040481567,70.0748443603516,24.2576675415039,8258.5,3.2221999168396,31,"26.9 - 28.9 mg/kg"
7025,4460.20271575616,"0","1","1",44.5041,11.3396,13.9416666030884,8.88333320617676,29.4150104522705,794.140014648438,30.5,0.300000011920929,30.2000007629395,14.4166660308838,4.19999980926514,23.75,4.19999980926514,717,82,43,20.7044258117676,228,149,152,149,0.113179713487625,1.25460457801819,106.622291564941,29.1208229064941,35.3319473266602,11.7022151947021,15.9400510787964,284.167175292969,2.1124746799469,18.6745471954346,7.43323755264282,9.6116943359375,55.0563583374023,13142.5,0.610099971294403,43,"64.6 - 69.5 mg/kg"
7026,5241.18610284783,"0","0","1",54.4,-3.2667,8.38749980926514,6.69166660308838,37.5936317443848,433.002868652344,18.2000007629395,0.400000005960464,17.8000011444092,6.15000009536743,10.0166664123535,13.8166666030884,3.26666665077209,1282,144,77,23.6986560821533,418,234,260,367,0.0876638442277908,0.996178567409515,1.25957953929901,12.5292463302612,23.5659599304199,11.476016998291,20.5424022674561,199.09326171875,3.05328106880188,45.080696105957,5.7327561378479,37.8354225158691,38.5986175537109,8875,2.08899998664856,40,"51.9 - 55.8 mg/kg"
7028,6300.32669799859,"1","0","0",49.5166,9.3166,8.375,8.38333320617676,32.6199760437012,668.694458007812,22.7999992370605,-2.90000009536743,25.6999988555908,1.33333337306976,8.10000038146973,16.75,0.316666632890701,815,91,53,14.8551950454712,239,183,196,236,0.11326077580452,1.13557934761047,15.038782119751,17.9917621612549,25.21360206604,10.2164678573608,10.1824760437012,272.703216552734,1.95136761665344,35.7079811096191,6.77621507644653,21.6019897460938,53.1844100952148,10662.3330078125,0.985899984836578,36,"38.7 - 41.7 mg/kg"
7031,5492.98445192189,"0","0","1",50.0167,8.6667,10.0166664123535,7.96666669845581,31.7397079467773,658.694763183594,24.1000003814697,-1,25.1000003814697,16.7000007629395,5.86666679382324,18.3166675567627,2.08333349227905,655,69,43,13.5603256225586,190,138,184,152,0.0745177939534187,1.30046606063843,33.4920997619629,13.954475402832,23.1521968841553,13.8303508758545,12.9659013748169,229.511367797852,2.45342469215393,26.683349609375,6.03404664993286,31.1028060913086,45.7449951171875,10449.4169921875,0.734399974346161,43,"64.6 - 69.5 mg/kg"
7033,4904.48053488978,"0","0",".",41.3599,-122.755,9.78333282470703,16.4500007629395,47.6811599731445,674.069519042969,30.5,-4,34.5,2.51666641235352,18.3833332061768,18.3833332061768,2.08333325386047,660,113,8,69.1352615356445,321,41,41,303,NA,NA,NA,NA,NA,NA,NA,NA,NA,NA,NA,NA,NA,15538.6669921875,0.450899988412857,NA,""
7036,4401.62585939161,"0","0","1",50.5,9.5,7.80000019073486,8,31.8725109100342,651.585510253906,21.7999992370605,-3.29999995231628,25.0999984741211,1.03333330154419,7.38333368301392,15.9500007629395,-0.0499999709427357,936,101,59,14.563214302063,272,202,230,259,0.107892945408821,1.32938432693481,10.9495754241943,7.96441793441772,16.7195301055908,12.9005947113037,14.3030548095703,167.447937011719,3.02166509628296,32.2803726196289,5.54188585281372,43.9480895996094,39.3323822021484,10279.8330078125,1.18589997291565,42,"60.0 - 64.6 mg/kg"
7058,5304.85440704505,"0","0","1",54.1,-6.2,NA,NA,NA,NA,NA,NA,NA,NA,NA,NA,NA,NA,NA,NA,NA,NA,NA,NA,NA,NA,1.05557584762573,NA,NA,16.2950019836426,NA,17.1601791381836,NA,NA,NA,NA,57.9012489318848,25.8037490844727,NA,NA,41,"55.8 - 60.0 mg/kg"
7061,4442.99044574393,"0","0","1",53.2699,-1.64293,8.64999961853027,7.03333330154419,36.6319427490234,454.077484130859,19.6000003814697,0.400000005960464,19.2000007629395,4.41666650772095,12.8666667938232,14.4666662216187,3.46666669845581,887,94,57,15.941351890564,271,188,199,249,0.108422368764877,1.01096594333649,21.1083183288574,9.94141960144043,28.6304378509521,12.8654155731201,22.4263973236084,151.055953979492,3.32960176467896,34.9730949401855,5.68649005889893,36.1380920410156,35.2314682006836,9359.75,1.23849999904633,49,"100 - 108 mg/kg"
7062,4800.964219516,"0",".","0",50.2981,8.26607,9.30416679382324,8.29166698455811,32.7733840942383,642.288024902344,23.5,-1.79999995231628,25.2999992370605,15.8333339691162,5.13333320617676,17.3666667938232,1.55000007152557,655,66,44,13.2973833084106,191,140,178,156,0.085796132683754,1.4365576505661,26.5068035125732,10.3850765228271,20.6126461029053,11.6924571990967,14.91748046875,165.99462890625,1.59447801113129,38.2377052307129,6.55426359176636,43.0710296630859,36.3163223266602,10208.6669921875,0.784799993038177,43,"64.6 - 69.5 mg/kg"
7064,5560.12165829066,"0","0","1",51.3,1.1,10.2833337783813,7.20000028610229,36.1809043884277,479.674774169922,21.6000003814697,1.70000004768372,19.8999996185303,11.0500001907349,6.48333311080933,16.3500003814697,4.84999990463257,597,66,35,20.3238945007324,189,119,135,148,0.0887960270047188,1.18093049526215,51.1062545776367,17.7488460540771,20.8799209594727,10.4569721221924,12.0662174224854,234.92204284668,1.94135630130768,50.4535903930664,7.28240585327148,43.6974220275879,35.4226531982422,10072.0830078125,0.75629997253418,39,"48.2 - 51.9 mg/kg"
7067,4366.53443267771,"0","0","1",37.3,15,17.2291660308838,9.22500038146973,37.962963104248,574.367065429688,30.5,6.19999980926514,24.2999992370605,15.25,24.3166656494141,24.5833339691162,10.8333330154419,489,85,3,71.2302627563477,234,20,48,186,0.114723227918148,0.899987161159515,190.66845703125,20.7245903015137,32.6024169921875,10.00914478302,11.4824838638306,279.522766113281,1.47655856609344,22.3173599243164,8.17320156097412,31.4878997802734,35.9096832275391,16425.583984375,0.318399995565414,56,"167 - 180 mg/kg"
7071,4979.17182262002,"0",".","1",48.0717,1.33867,10.7166662216187,8.83333301544189,36.8055572509766,563.678405761719,24.7999992370605,0.800000011920929,24,4.90000009536743,6.83333349227905,17.8333320617676,4.06666660308838,629,59,39,11.6899681091309,170,130,164,157,0.0930783823132515,1.25899088382721,NA,NA,19.1893997192383,NA,10.3897323608398,NA,NA,NA,NA,33.6890106201172,47.1215896606445,11529.5830078125,0.646399974822998,40,"51.9 - 55.8 mg/kg"
7072,5321.66850884972,"0","0","0",53.7502,34.7361,5.03749990463257,7.84166669845581,23.4780445098877,966.14306640625,22.2999992370605,-11.1000003814697,33.4000015258789,16.6166667938232,-5.76666688919067,16.6166667938232,-6.86666679382324,636,85,29,33.4640159606934,238,100,238,111,NA,NA,NA,NA,NA,NA,NA,NA,NA,NA,NA,NA,NA,10140.3330078125,0.818300008773804,NA,""
7077,5300.20229841052,"0","0","0",40.12,-8.25,15.4541664123535,10.8583335876465,45.2430572509766,464.965576171875,28.8999996185303,4.90000009536743,24,9.94999980926514,21.1000003814697,21.3999996185303,9.94999980926514,996,143,14,53.1403999328613,405,73,76,405,0.0893446952104568,1.23087680339813,67.7290878295898,11.6659345626831,19.7601470947266,14.1519756317139,18.114860534668,224.001876831055,1.71239733695984,29.0610332489014,5.97239112854004,50.1527938842773,30.0870590209961,15703.1669921875,0.73309999704361,27,"20.1 - 21.6 mg/kg"
7081,4796.31931506361,"0","0","0",40.2077,-8.42639,16.0625,10.9916667938232,47.7898559570312,429.3818359375,28.6000003814697,5.59999990463257,23,10.9166669845581,21.216667175293,21.5,10.9166669845581,906,128,13,51.8984336853027,361,69,71,361,0.0697356462478638,1.37668097019196,136.27018737793,18.1119651794434,13.5449056625366,13.2277879714966,23.2604084014893,106.894142150879,1.02179360389709,30.0524883270264,6.72712850570679,58.7707862854004,27.6843109130859,15637,0.662000000476837,26,"18.6 - 20.1 mg/kg"
7092,4551.47538867932,"0","0","1",49.416,2.823,10.5416669845581,8.28333377838135,36.171760559082,551.447814941406,23.7000007629395,0.800000011920929,22.9000015258789,15.8333339691162,6.71666669845581,17.466667175293,4,625,60,43,10.0796003341675,172,136,161,151,0.0848124250769615,1.20373594760895,NA,NA,20.1914081573486,NA,12.8483724594116,NA,NA,NA,NA,48.3259582519531,31.4826354980469,10899.6669921875,0.686299979686737,32,"28.9 - 31.1 mg/kg"
7096,4787.56106778878,"0","0","1",47.3239,5.04278,10.7250003814697,8.68333339691162,33.0164756774902,663.179321289062,25.7000007629395,-0.600000023841858,26.3000011444092,17.283332824707,6.59999990463257,19.1000003814697,2.83333325386047,766,88,48,16.0135135650635,220,157,192,178,0.0924009755253792,1.34440207481384,NA,NA,23.4420604705811,NA,15.4710035324097,NA,NA,NA,NA,28.125373840332,48.4325637817383,11710,0.774999976158142,27,"20.1 - 21.6 mg/kg"
7102,4576.60673855934,".","1",".",50.7224,8.2372,8.33749961853027,8.44166660308838,33.4986763000488,630.339477539062,22.5,-2.70000004768372,25.2000007629395,1.83333337306976,4.08333349227905,16.283332824707,0.800000011920929,867,94,57,13.9602165222168,257,194,210,240,0.111729830503464,1.23302447795868,3.20847702026367,11.8638753890991,24.6665344238281,12.7845249176025,16.7002258300781,104.488510131836,2.31877732276917,42.8778877258301,5.75905275344849,19.0051193237305,56.3283462524414,9999.5830078125,1.10010004043579,45,"74.8 - 80.4 mg/kg"
7103,5569.0734543372,"1","0","1",49.4167,16.2667,7.20833349227905,8.21666622161865,30.0976810455322,729.488708496094,22.2999992370605,-5,27.2999992370605,16.1166667938232,-0.466666668653488,16.1166667938232,-1.76666665077209,570,86,26,42.5970687866211,230,83,230,87,0.0887878611683846,1.36053740978241,0,10.2663688659668,20.0646705627441,11.1440906524658,23.7563285827637,234.470291137695,1.6599508523941,36.6138534545898,5.93426465988159,42.7714996337891,37.1638298034668,10919.75,0.67849999666214,47,"86.5 - 93.1 mg/kg"
7106,5298.38399397754,"1","0","0",51.051,13.7336,10.1166667938232,8.28333282470703,30.3418807983398,715.301391601562,25.2999992370605,-2,27.2999992370605,19.033332824707,2.53333330154419,19.033332824707,1.44999992847443,637,80,34,27.3053531646729,224,117,224,123,0.0749085545539856,1.45003843307495,NA,NA,13.0995025634766,NA,11.7302207946777,NA,NA,NA,NA,53.4901237487793,33.4103698730469,10240.5,0.678799986839294,39,"48.2 - 51.9 mg/kg"
7107,4708.56805269564,"0","0","1",54.7761,-1.5733,9.03750038146973,7.22500038146973,39.4808731079102,408.884979248047,19.6000003814697,1.29999995231628,18.3000011444092,12.5666666030884,5.78333330154419,14.3000001907349,4.46666669845581,587,59,35,12.538763999939,161,127,154,141,0.0840948447585106,1.34434545040131,34.0803680419922,18.6336345672607,13.5116548538208,18.7405834197998,13.3006677627563,202.219711303711,1.79063069820404,38.3466529846191,6.29851722717285,63.9612274169922,22.5271148681641,9207.5,0.81029999256134,51,"116 - 125 mg/kg"
7109,4930.01948835176,"0","0","1",51.3,0.5,10.3291664123535,7.75833320617676,37.6618118286133,485.683502197266,22.2000007629395,1.60000002384186,20.6000003814697,5.69999980926514,6.55000019073486,16.5499992370605,4.80000019073486,613,65,38,18.8024291992188,191,124,138,164,0.0914997234940529,1.34329116344452,141.529769897461,24.2157421112061,27.5525894165039,11.1314678192139,18.419605255127,220.961822509766,2.32668948173523,39.2133674621582,7.60949182510376,38.6939926147461,33.75341796875,9928,0.767000019550323,34,"33.5 - 36.0 mg/kg"
7111,5131.25826877227,"0","0","1",55.9494,-3.16028,8.47916698455811,7.00833320617676,38.0887680053711,424.100433349609,19,0.600000023841858,18.3999996185303,8.88333320617676,5.19999980926514,14.0166664123535,3.73333334922791,685,70,42,13.8990926742554,192,143,172,174,0.0895398929715157,1.41757333278656,74.4733047485352,18.6674957275391,19.6517715454102,15.9693250656128,13.072961807251,166.007598876953,2.90874266624451,29.6037254333496,5.30977630615234,53.9251556396484,26.4230728149414,8759,0.918500006198883,41,"55.8 - 60.0 mg/kg"
7117,5194.97549730789,"0","0","1",51.5105,9.68253,8.10416698455811,7.39166688919067,31.1884689331055,615.387756347656,21.2999992370605,-2.40000009536743,23.6999988555908,1.85000002384186,3.76666665077209,15.75,0.683333277702332,826,82,50,12.1174745559692,232,178,215,215,0.0980102866888046,1.19727993011475,20.6509437561035,10.0259485244751,21.0030212402344,9.27683734893799,9.35095691680908,172.551818847656,2.32456374168396,37.5883178710938,6.16904306411743,8.45189666748047,70.5450820922852,9858.8330078125,1.03859996795654,40,"51.9 - 55.8 mg/kg"
7119,5054.54044108238,"0",".","1",50,8.5,10.0791664123535,8.125,31.9881896972656,661.422241210938,24.3999996185303,-1,25.3999996185303,16.783332824707,3.25,18.3833332061768,2.09999990463257,596,65,38,16.1077365875244,182,123,172,132,0.0775798857212067,1.12798774242401,38.1313133239746,4.64900732040405,10.3049020767212,15.0605249404907,5.46395111083984,141.818511962891,1.57097887992859,23.6999225616455,5.63999557495117,68.8452911376953,20.8498077392578,10441.5,0.666999995708466,42,"60.0 - 64.6 mg/kg"
7120,3642.80793177141,"0","0","1",50,8.5,10.0791664123535,8.125,31.9881896972656,661.422241210938,24.3999996185303,-1,25.3999996185303,16.783332824707,3.25,18.3833332061768,2.09999990463257,596,65,38,16.1077365875244,182,123,172,132,0.0775798857212067,1.12798774242401,38.1313133239746,4.64900732040405,10.3049020767212,15.0605249404907,5.46395111083984,141.818511962891,1.57097887992859,23.6999225616455,5.63999557495117,68.8452911376953,20.8498077392578,10441.5,0.666999995708466,42,"60.0 - 64.6 mg/kg"
7126,4578.1581420527,"0","0","1",60.1997,24.5682,4.95416641235352,6.69166660308838,22.4552574157715,823.709594726562,20.7999992370605,-9,29.7999992370605,10.3999996185303,3.53333330154419,15.5,-4.75,656,78,32,29.1814613342285,217,109,194,144,0.123308688402176,1.20527958869934,14.3416233062744,11.7945203781128,34.8705940246582,11.4268312454224,7.67275810241699,196.363540649414,2.07112693786621,37.9379692077637,6.10616874694824,25.5742797851562,39.5551261901855,9358.5830078125,0.933099985122681,41,"55.8 - 60.0 mg/kg"
7127,5301.52518141935,"0","0","0",58.6656,24.9871,5.53333330154419,7.40000009536743,24.1830062866211,830.422485351562,22.1000003814697,-8.5,30.6000003814697,14.75,-0.866666615009308,16,-4.31666660308838,709,80,34,30.8729267120361,236,108,221,144,0.0737800076603889,1.16515946388245,1.72687125205994,22.8826370239258,7.15871953964233,19.9197387695312,7.15891408920288,135.058334350586,3.74783658981323,13.4162683486938,5.01825714111328,74.6978759765625,18.1434020996094,9468.9169921875,0.980300009250641,41,"55.8 - 60.0 mg/kg"
7130,4817.40754920964,"0","0","1",44.6447,2.56481,11.8291664123535,10.1083326339722,38.4347267150879,589.924682617188,26.3999996185303,0.100000001490116,26.2999992370605,14.1999998092651,5.80000019073486,19.25,4.75,627,69,38,17.1765899658203,181,132,152,144,0.0948462933301926,1.0160368680954,79.1422424316406,20.462287902832,23.3754100799561,11.9442462921143,19.6699123382568,145.187606811523,2.78141593933105,20.6510448455811,7.08572292327881,34.6920928955078,41.9324951171875,13200.3330078125,0.570800006389618,40,"51.9 - 55.8 mg/kg"
7133,4130.98466482652,"0","0","1",50.1102,8.6822,10.5291662216187,8.125,31.8627452850342,669.818359375,25,-0.5,25.5,17.4333343505859,6.33333349227905,19.0166664123535,2.51666665077209,656,68,44,14.3984498977661,195,137,186,153,0.0812155678868294,1.41762936115265,NA,NA,18.0433750152588,NA,8.53822231292725,NA,NA,NA,NA,56.333568572998,25.6230545043945,10230.9169921875,0.719200015068054,46,"80.4 - 86.5 mg/kg"
7143,5446.30367743286,"0","0","1",51.0167,5.86667,10.1750001907349,8.11666679382324,34.9856300354004,572.397277832031,23.2000007629395,0,23.2000007629395,15.8500003814697,6.08333349227905,17.3333339691162,3.33333325386047,740,78,47,13.0232772827148,210,159,204,178,0.0759117901325226,1.31139361858368,NA,NA,14.8987426757812,NA,12.0275344848633,NA,NA,NA,NA,48.5814476013184,36.5198097229004,9956.4169921875,0.871999979019165,40,"51.9 - 55.8 mg/kg"
7147,5234.87180539135,"1","0","0",50.584,8.67825,9.55416679382324,8.375,32.71484375,658.533020019531,24.1000003814697,-1.5,25.6000003814697,16.3166675567627,5.34999990463257,17.8500003814697,1.63333344459534,628,65,38,15.5303955078125,188,128,175,143,0.0872348770499229,1.15735328197479,6.32620286941528,15.4344911575317,26.3056716918945,13.7059202194214,10.1005640029907,211.446746826172,1.66600966453552,36.466007232666,6.49952936172485,39.0961952209473,34.5981292724609,10080,0.731500029563904,43,"64.6 - 69.5 mg/kg"
7158,5619.54557417221,"1","0","1",47,15.5,9.04166698455811,9.73333358764648,32.0175437927246,778.532531738281,24.7999992370605,-5.59999990463257,30.3999996185303,18.4166660308838,-0.76666659116745,18.4166660308838,-0.76666659116745,841,122,25,47.6746673583984,355,97,355,97,0.095919132232666,1.2835955619812,9.01262092590332,12.8858766555786,17.7629528045654,9.77698707580566,13.6844635009766,255.162750244141,1.6289781332016,37.0959587097168,6.92973756790161,42.3321151733398,39.9049301147461,11590.5,0.949400007724762,51,"116 - 125 mg/kg"
7160,5431.49296969324,"0","0",".",43.178,-85.2532,8.17083358764648,11.5749998092651,29.9095611572266,1007.90612792969,28.3999996185303,-10.3000001907349,38.7000007629395,15.3000001907349,-3.36666679382324,20.3166675567627,-4.56666660308838,873,103,35,27.2730579376221,278,142,255,145,NA,NA,NA,NA,NA,NA,NA,NA,NA,NA,NA,NA,NA,12647.6669921875,0.826600015163422,NA,""
7161,5189.89284867612,"0",".",".",53.5,10.5,8.59583282470703,7.64166641235352,31.8402767181396,618.022705078125,22.1000003814697,-1.89999997615814,24,16.3666667938232,4.05000019073486,16.3666667938232,1.23333334922791,728,73,44,15.2801055908203,212,147,212,174,0.0725817531347275,1.47717297077179,8.86652851104736,7.05526494979858,8.76737022399902,13.9524278640747,9.46118354797363,116.994247436523,1.64838814735413,49.8243675231934,5.45018672943115,74.23583984375,16.9967880249023,9694.6669921875,0.939300000667572,26,"18.6 - 20.1 mg/kg"
7162,4693.08371940828,"0","0","1",52.24,9.44,8.88749980926514,7.52500009536743,32.0212745666504,604.807006835938,22.1000003814697,-1.39999997615814,23.5,16.4166660308838,4.53333330154419,16.4166660308838,1.63333332538605,783,78,50,12.9226818084717,219,166,219,196,0.0892502665519714,1.10710632801056,85.0699081420898,20.567253112793,17.9108009338379,11.7163715362549,13.2355899810791,222.143585205078,1.72152733802795,41.262035369873,6.82069873809814,10.5079956054688,71.5812072753906,9702.25,0.94539999961853,31,"26.9 - 28.9 mg/kg"
7163,5163.14588999085,"0",".","0",52.3721,9.73569,9.71249961853027,8.04166603088379,32.6897010803223,629.159362792969,23.6000003814697,-1,24.6000003814697,17.6333332061768,5.29999971389771,17.6333332061768,2.21666669845581,666,72,40,15.178521156311,198,140,198,155,0.0668157339096069,1.46104836463928,NA,NA,9.60867023468018,NA,6.0582857131958,NA,NA,NA,NA,84.0745239257812,6.31680297851562,9708.8330078125,0.784300029277802,21,"12.9 - 13.9 mg/kg"
7165,4725.43288558775,"0","0","1",51.3472,8.28844,8.22500038146973,8.66666603088379,35.3741493225098,588.053405761719,21.7999992370605,-2.70000004768372,24.5,2.38333344459534,3.93333339691162,15.6499996185303,1.23333334922791,1021,105,69,12.7105321884155,297,227,257,274,0.0918876975774765,1.10792553424835,80.0977096557617,14.4213981628418,19.4134559631348,14.1024808883667,22.0897159576416,154.343765258789,1.85019469261169,29.7517852783203,6.22974729537964,32.7399139404297,47.8466300964355,9696.8330078125,1.31990003585815,35,"36.0 - 38.7 mg/kg"
7169,5059.35654965174,"0","0","0",54.4175,9.88682,8.32499980926514,6.65000009536743,29.8206272125244,588.725524902344,21.1000003814697,-1.20000004768372,22.3000011444092,15.3333330154419,3.68333339691162,15.716667175293,1.43333339691162,851,85,46,18.4609336853027,248,171,242,205,0.0730477496981621,1.46216917037964,0,9.44018363952637,10.6969537734985,11.2872018814087,11.0113897323608,185.577392578125,1.92480599880219,53.4125823974609,6.40631723403931,61.0292091369629,28.2738342285156,9591.5830078125,1.17449998855591,32,"28.9 - 31.1 mg/kg"
7177,5624.74562726072,"0","0","0",49,15,7.31666660308838,8.23333358764648,30.2696075439453,714.252075195312,22.1000003814697,-5.09999990463257,27.2000007629395,16.1666660308838,-1.39999997615814,16.1666660308838,-1.39999997615814,640,89,32,37.1042327880859,247,105,247,105,0.0943716019392014,1.39522624015808,11.0499362945557,12.6755752563477,12.3606691360474,18.9958591461182,16.2602367401123,188.691848754883,1.61029922962189,30.2087268829346,4.98453807830811,57.4369239807129,30.2024078369141,10858.9169921875,0.788999974727631,44,"69.5 - 74.8 mg/kg"
7181,4969.16579052034,"0","0","1",50.927,11.587,9.76249980926514,8.92500019073486,33.8068199157715,667.9892578125,24.5,-1.89999997615814,26.3999996185303,18.0666675567627,1.66666662693024,18.0666675567627,1.66666662693024,597,67,34,23.2102832794189,196,113,196,113,0.0826430097222328,1.10651135444641,56.8352890014648,13.9032545089722,15.4410429000854,12.6124267578125,8.31130504608154,266.548461914062,1.41016161441803,34.1052360534668,6.96358966827393,41.1576881408691,43.4012680053711,10005.9169921875,0.66430002450943,40,"51.9 - 55.8 mg/kg"
7183,4780.2611342957,"0","0","1",35,77,-11.4875001907349,10.375,28.1929340362549,963.252380371094,6.40000009536743,-30.3999996185303,36.7999992370605,0.0333333425223827,-22.5,0.0333333797752857,-23.466667175293,118,29,2,83.2011489868164,71,10,61,13,NA,NA,NA,NA,NA,NA,NA,NA,NA,NA,NA,NA,NA,14661.8330078125,0.188299998641014,NA,""
7186,5428.4231881386,"0","0","1",54.8969,23.8924,7.05833339691162,7.76666641235352,26.8742790222168,808.637573242188,22.7999992370605,-6.09999990463257,28.8999996185303,17.0166664123535,-1.98333334922791,17.0166664123535,-2.78333330154419,608,80,28,28.8656024932861,215,102,215,114,0.071465440094471,1.43033027648926,NA,NA,9.26411533355713,NA,5.19623613357544,NA,NA,NA,NA,62.7789421081543,27.9569396972656,9970.6669921875,0.792200028896332,45,"74.8 - 80.4 mg/kg"
7192,4218.74824101948,"0","0","1",55.6395,-5.66364,9.71249961853027,5.34166669845581,37.3543090820312,342.829956054688,17.6000003814697,3.29999995231628,14.3000001907349,6.73333311080933,10.533332824707,14.033332824707,5.91666650772095,1341,158,62,29.9293746948242,453,207,318,405,0.0849344655871391,1.22343552112579,0,17.8633308410645,6.94472074508667,17.3732299804688,10.433765411377,163.170883178711,3.53555607795715,13.0906848907471,4.55504894256592,78.8692626953125,14.1860198974609,8860.9169921875,1.69630002975464,35,"36.0 - 38.7 mg/kg"
7199,4126.32601341709,"0",".","1",50.95,6.9666,10.9083337783813,7.38333320617676,32.1014518737793,598.265808105469,23.7999992370605,0.800000011920929,23,16.966667175293,6.83333349227905,18.4333343505859,3.78333330154419,802,84,49,14.873215675354,236,169,236,183,0.0760006010532379,1.45007216930389,NA,NA,16.595775604248,NA,8.18403720855713,NA,NA,NA,NA,48.820125579834,34.584098815918,9806.1669921875,0.88400000333786,37,"41.7 - 44.8 mg/kg"
7202,4029.23420206927,"0","1","1",50.1797,8.50861,9.46249961853027,7.65833330154419,31.0053977966309,649.090698242188,23.2999992370605,-1.39999997615814,24.6999988555908,16.0499992370605,5.28333330154419,17.6333332061768,1.66666674613953,691,70,46,13.0092325210571,199,147,189,165,0.100966610014439,1.43571376800537,27.4495334625244,10.4376993179321,16.3549938201904,13.4014120101929,14.8790731430054,301.996765136719,2.23215651512146,43.8460731506348,6.34285163879395,47.923583984375,35.7214202880859,10323.25,0.779799997806549,46,"80.4 - 86.5 mg/kg"
7203,5616.61376794471,"0","0","0",49.631,11.5722,7.88333320617676,8.46666622161865,32.1926498413086,690.518005371094,22.5,-3.79999995231628,26.2999992370605,16.4500007629395,3.48333334922791,16.4500007629395,-0.5,906,96,62,14.3898839950562,262,193,262,229,0.100688919425011,1.04742860794067,7.60517692565918,8.89226150512695,23.6289653778076,11.0778484344482,9.95712280273438,210.82551574707,2.07717514038086,29.409574508667,6.41361474990845,45.2261810302734,31.1448516845703,10437,1.15680003166199,43,"64.6 - 69.5 mg/kg"
7207,5050.42156781484,"0","0","0",35.0085,135.752,15.7333335876465,9.30000019073486,29.0625,848.411193847656,32.7000007629395,0.699999988079071,32,25.8833332061768,5.54999971389771,26.216667175293,5.54999971389771,1656,242,59,44.5642127990723,629,211,589,211,NA,NA,NA,NA,NA,NA,NA,NA,NA,NA,NA,NA,NA,12740.5830078125,1.34089994430542,NA,""
7208,5584.68803903855,".",".",".",55.6739,-3.78181,8.19999980926514,6.43333339691162,37.6218338012695,411.775543212891,18,0.899999976158142,17.1000003814697,4.23333311080933,9.66666603088379,13.5166664123535,3.54999995231628,1356,157,70,30.513204574585,457,213,246,419,0.0908847153186798,1.09927368164062,3.73574995994568,12.5662050247192,19.2725391387939,16.1913051605225,16.5920829772949,156.315551757812,5.64159059524536,17.5549697875977,5.48254251480103,52.1920356750488,28.5354232788086,8582.5830078125,1.84619998931885,43,"64.6 - 69.5 mg/kg"
7209,4989.99853216834,"0","0","1",52.7333,15.2333,9.07916641235352,8.00833320617676,29.1212120056152,737.0810546875,24,-3.5,27.5,16.6166667938232,1.16666662693024,18.1333332061768,-0.0166666712611914,523,66,27,26.6161441802979,179,95,179,105,0.0483513809740543,1.54336142539978,NA,NA,7.30546236038208,NA,6.31564092636108,NA,NA,NA,NA,81.4324951171875,11.2620391845703,10201,0.613099992275238,17,"9.66 - 10.4 mg/kg"
7213,4638.37011352017,"0","0","1",47.984,10.8719,7.80833339691162,8.5,32.319393157959,681.261657714844,22,-4.30000019073486,26.2999992370605,16.25,0.683333277702332,16.25,-0.466666728258133,1011,129,52,31.8237400054932,369,167,369,173,0.102342419326305,1.34853792190552,29.2614879608154,24.7512435913086,22.5058269500732,9.34200572967529,14.2598905563354,106.628158569336,3.28355574607849,40.1504135131836,6.79838418960571,37.0601959228516,40.4339752197266,11379.0830078125,1.1793999671936,50,"108 - 116 mg/kg"
7217,4943.15936201926,"0","0","1",48,0.5,10.7249994277954,8.41666698455811,37.4074096679688,534.434692382812,23.7999992370605,1.29999995231628,22.5,5.25,17.4499988555908,17.4499988555908,4.44999980926514,694,70,45,14.2546691894531,206,143,143,198,0.093454971909523,1.43845772743225,12.2454299926758,7.79437255859375,13.9904022216797,12.9326124191284,9.11161994934082,199.430114746094,2.38164377212524,46.4592056274414,5.94112777709961,44.5309028625488,41.4786949157715,11561.75,0.701900005340576,35,"36.0 - 38.7 mg/kg"
7223,4257.84261716436,"0","0","1",50.3833,8.0666,9.59583282470703,8.95833301544189,34.5881614685059,640.136535644531,24.2999992370605,-1.60000002384186,25.8999996185303,16.1833324432373,5.38333320617676,17.7000007629395,1.91666674613953,648,69,44,14.6893711090088,191,137,178,156,0.0811290666460991,1.43889796733856,6.80253982543945,11.6118783950806,18.0737476348877,13.5182209014893,10.2655115127563,158.122802734375,1.45695197582245,40.9147453308105,6.33651304244995,46.6600494384766,35.2662048339844,10150.0830078125,0.755299985408783,41,"55.8 - 60.0 mg/kg"
7231,4466.44436929372,".","0","0",50.3833,8.0666,9.59583282470703,8.95833301544189,34.5881614685059,640.136535644531,24.2999992370605,-1.60000002384186,25.8999996185303,16.1833324432373,5.38333320617676,17.7000007629395,1.91666674613953,648,69,44,14.6893711090088,191,137,178,156,0.0811290666460991,1.43889796733856,6.80253982543945,11.6118783950806,18.0737476348877,13.5182209014893,10.2655115127563,158.122802734375,1.45695197582245,40.9147453308105,6.33651304244995,46.6600494384766,35.2662048339844,10150.0830078125,0.755299985408783,41,"55.8 - 60.0 mg/kg"
7236,5423.27170070304,"0","0","0",NA,NA,NA,NA,NA,NA,NA,NA,NA,NA,NA,NA,NA,NA,NA,NA,NA,NA,NA,NA,NA,NA,NA,NA,NA,NA,NA,NA,NA,NA,NA,NA,NA,NA,NA,NA,NA,""
7244,4907.58956914301,"0",".","0",50.001,8.26664,10.5583333969116,8.43333339691162,32.4358978271484,667.40625,25.3999996185303,-0.600000023841858,26,17.4500007629395,3.71666669845581,19.033332824707,2.59999990463257,573,64,36,18.013204574585,182,116,168,124,0.0824945867061615,1.38822865486145,72.8683242797852,12.9412307739258,18.9565181732178,12.4636659622192,7.94112205505371,227.91423034668,2.23265147209167,18.3748779296875,7.07889175415039,52.9328918457031,28.1105880737305,10334.4169921875,0.623300015926361,39,"48.2 - 51.9 mg/kg"
7248,4607.77996415563,"0","0","1",41.3923,-70.6652,10.1625003814697,8.60833358764648,27.7688159942627,817.916198730469,25.7000007629395,-5.30000019073486,31,2.76666665077209,17.533332824707,20.1666679382324,0.166666626930237,1170,114,76,10.8007049560547,327,257,257,308,NA,NA,NA,NA,NA,NA,NA,NA,NA,NA,NA,NA,NA,13375.9169921875,1.09119999408722,NA,""
7255,5420.29285409666,"0","0","0",50.95,20.5,7.54166650772095,9.01666641235352,30.3591480255127,774.399597167969,23.2999992370605,-6.40000009536743,29.6999988555908,16.8666667938232,-0.916666746139526,16.8666667938232,-2.23333334922791,620,87,29,35.7091751098633,240,100,240,108,0.0655689090490341,1.30272734165192,0,6.25459098815918,10.2066507339478,10.3339004516602,8.56761169433594,122.823539733887,1.39644658565521,35.8254203796387,5.72516679763794,42.0065650939941,47.7867851257324,10514.4169921875,0.763100028038025,15,"8.35 - 8.98 mg/kg"
7258,4416.44824728635,"0","0","1",50.5,8.5,8.90416622161865,7.875,31.8825912475586,643.906616210938,22.7999992370605,-1.89999997615814,24.6999988555908,15.4666662216187,4.73333311080933,17,1.13333332538605,708,71,47,12.1854362487793,195,152,184,177,0.110555119812489,1.27704083919525,4.57862043380737,14.5392866134644,19.999683380127,9.87867450714111,19.7907695770264,256.557769775391,1.90317690372467,48.9426345825195,6.79948759078979,22.8335952758789,57.1667213439941,10176.4169921875,0.863300025463104,47,"86.5 - 93.1 mg/kg"
7268,4491.88597283445,"0","0","1",52.6969,10.981,8.85416698455811,8.09166717529297,32.496654510498,637.535949707031,22.8999996185303,-2,24.8999996185303,16.8166656494141,4.36666679382324,16.8166656494141,1.21666669845581,585,63,36,17.8374271392822,184,120,184,136,0.0759195983409882,1.3527272939682,60.9829788208008,9.56986999511719,8.58551692962646,9.61440944671631,10.51171875,152.912872314453,1.44732117652893,47.8366851806641,6.83349943161011,69.4833374023438,21.9311447143555,9862,0.692300021648407,30,"25.0 - 26.9 mg/kg"
7273,4919.94537565601,"0","0","1",51.0581,13.2995,8.73750019073486,7.84166669845581,29.7032833099365,703.485229492188,23.1000003814697,-3.29999995231628,26.3999996185303,17.3666667938232,4.01666641235352,17.3666667938232,0.0500000305473804,701,89,41,23.8282127380371,234,136,234,150,0.0858909711241722,1.33170461654663,NA,NA,15.9608001708984,NA,11.296010017395,NA,NA,NA,NA,34.3138122558594,49.7253875732422,10249.0830078125,0.801100015640259,42,"60.0 - 64.6 mg/kg"
7276,4452.85751682496,".","0","1",50.2,8.5833,9.67500019073486,7.96666669845581,31.7397079467773,655.547973632812,23.7999992370605,-1.29999995231628,25.0999984741211,16.3333339691162,5.48333311080933,17.9333324432373,1.81666660308838,672,69,45,13.5688095092773,196,141,187,160,0.0939409881830215,1.41298151016235,88.5769805908203,9.60275840759277,24.3505764007568,13.4057750701904,7.72442531585693,247.032775878906,1.48912954330444,30.0162601470947,6.91933250427246,26.8313064575195,48.818115234375,10285.4169921875,0.761399984359741,47,"86.5 - 93.1 mg/kg"
7282,4637.76418716866,"0","0","1",50.3827,8.01161,9.39999961853027,8.59999942779541,33.7254905700684,635.749389648438,23.7999992370605,-1.70000004768372,25.5,15.9666662216187,5.19999980926514,17.4500007629395,1.78333330154419,681,69,47,13.0236921310425,194,148,181,167,0.0833373293280602,1.42708790302277,NA,NA,19.2839012145996,NA,12.2320470809937,NA,NA,NA,NA,38.9583969116211,41.7577018737793,10199.1669921875,0.815999984741211,38,"44.8 - 48.2 mg/kg"
7287,5707.37741622311,"0","0",".",53.3422,8.42255,8.94166660308838,6.76666641235352,31.0397548675537,577.182922363281,21.1000003814697,-0.699999988079071,21.8000011444092,16.1000003814697,4.59999990463257,16.1000003814697,2.06666660308838,729,77,37,19.5448265075684,221,132,221,158,0.0947902277112007,1.04027891159058,0.69284975528717,19.8698482513428,21.1366081237793,10.743577003479,6.35037565231323,137.428817749023,3.87581849098206,64.7352828979492,6.24170303344727,53.8936080932617,24.9697875976562,9549.3330078125,0.954800009727478,48,"93.1 - 100 mg/kg"
7288,4438.72774148138,"1","0","1",60.385543,6.193019,7.07499980926514,6.56666660308838,29.8484859466553,577.406005859375,19.3999996185303,-2.59999990463257,22,3.81666660308838,9.94999980926514,14.4833335876465,0.400000005960464,1809,229,75,34.6758766174316,628,247,342,570,0.112905196845531,1.29713439941406,NA,NA,19.3704414367676,NA,18.0001125335693,NA,NA,NA,NA,45.878246307373,34.7513122558594,8909.3330078125,2.66919994354248,39,"48.2 - 51.9 mg/kg"
7296,4600.37665413514,"0","0","1",59,29,4.74166679382324,8.01666641235352,24.6666660308838,871.573364257812,21.1000003814697,-11.3999996185303,32.5,13.9333333969116,-1.28333330154419,15.5666666030884,-5.93333339691162,702,87,34,29.2113666534424,243,116,234,132,NA,NA,NA,NA,NA,NA,NA,NA,NA,NA,NA,NA,NA,9416.1669921875,0.964200019836426,NA,""
7298,4591.43985599697,"0","0","0",47.04,10.51,-3.27083325386047,5.89166641235352,27.7908802032471,564.830871582031,7.90000009536743,-13.3000001907349,21.2000007629395,3.63333320617676,-1.78333330154419,3.73333334922791,-9.61666679382324,1384,144,90,13.3235721588135,407,308,375,326,0.102432057261467,1.07723152637482,NA,NA,19.452075958252,NA,29.8193130493164,NA,NA,NA,NA,45.8142433166504,34.7336807250977,13082.75,2.38389992713928,51,"116 - 125 mg/kg"
7305,5293.41069347742,"0","0","1",53.476,10.6065,8.6875,7.82499980926514,31.9387760162354,627.78515625,22.3999996185303,-2.09999990463257,24.5,16.5833320617676,4.13333320617676,16.5833320617676,1.20000004768372,699,72,44,15.620623588562,208,142,208,168,0.0747690051794052,1.28259134292603,18.2923049926758,8.92525100708008,11.5057210922241,14.2497587203979,7.52994728088379,123.723487854004,1.79954946041107,49.0389976501465,5.62995624542236,67.9662704467773,20.5280075073242,9728,0.888000011444092,26,"18.6 - 20.1 mg/kg"
7314,4905.90126888838,"0","0","0",54.3512,-3.41697,NA,NA,NA,NA,NA,NA,NA,NA,NA,NA,NA,NA,NA,NA,NA,NA,NA,NA,NA,NA,NA,NA,NA,NA,NA,NA,NA,NA,NA,NA,NA,NA,NA,NA,40,"51.9 - 55.8 mg/kg"
7316,4444.62328407004,"0","0","1",51.9667,5.56667,9.54166698455811,8.05000019073486,35.4625549316406,552.271484375,22.3999996185303,-0.300000011920929,22.6999988555908,4.03333330154419,5.46666669845581,16.4500007629395,2.98333334922791,810,80,46,15.2667255401611,231,169,203,205,0.0572885572910309,1.41840994358063,33.2515640258789,11.2540092468262,9.96776294708252,14.5699825286865,4.99875116348267,89.5048446655273,1.79406714439392,52.0717620849609,6.10202503204346,70.9177551269531,19.1144790649414,9780.6669921875,1.02600002288818,47,"86.5 - 93.1 mg/kg"
7322,5379.47942764625,"0","0","0",56.3,34,4.47083330154419,8.00833320617676,24.2676773071289,937.86376953125,21.8999996185303,-11.1000003814697,33,15.8999996185303,-1.4666668176651,15.8999996185303,-7.16666650772095,645,87,30,35.3321762084961,240,97,240,113,NA,NA,NA,NA,NA,NA,NA,NA,NA,NA,NA,NA,NA,9669.6669921875,0.892499983310699,NA,""
7323,5111.69369141803,"1","0","1",49,38.28,7.625,8.98333358764648,25.6666660308838,996.143737792969,26.2000007629395,-8.80000019073486,35,18.2666664123535,1.5,19.5833339691162,-4.71666669845581,526,59,32,18.6817474365234,160,110,155,133,NA,NA,NA,NA,NA,NA,NA,NA,NA,NA,NA,NA,NA,11376.0830078125,0.523500025272369,NA,""
7327,4366.0847081762,"0","0",".",41.7833,3.03333,15.1958332061768,9.35833358764648,38.3538246154785,549.919250488281,28.1000003814697,3.70000004768372,24.3999996185303,16.216667175293,22.1666679382324,22.283332824707,8.96666717529297,597,79,21,28.7285079956055,199,111,136,134,NA,NA,NA,NA,NA,NA,NA,NA,NA,NA,NA,NA,NA,14626.75,0.450800001621246,NA,""
7328,4188.50902413498,"0","0","1",41.7833,3.03333,15.1958332061768,9.35833358764648,38.3538246154785,549.919250488281,28.1000003814697,3.70000004768372,24.3999996185303,16.216667175293,22.1666679382324,22.283332824707,8.96666717529297,597,79,21,28.7285079956055,199,111,136,134,NA,NA,NA,NA,NA,NA,NA,NA,NA,NA,NA,NA,NA,14626.75,0.450800001621246,NA,""
7337,5047.34307581237,"0",".","0",50.8738,8.02341,8.84583377838135,8.70833301544189,34.5568771362305,622.328674316406,23,-2.20000004768372,25.2000007629395,2.45000004768372,12.1000003814697,16.716667175293,1.43333339691162,952,103,62,14.5298252105713,284,214,231,266,0.0916157737374306,1.4293417930603,56.052562713623,13.3920040130615,21.8831539154053,13.9960327148438,11.9484424591064,166.584930419922,1.71971118450165,31.3194541931152,6.361496925354,43.1314086914062,34.9854354858398,9883.8330078125,1.19190001487732,38,"44.8 - 48.2 mg/kg"
7342,5133.74928769771,"0","0","1",53.6473,-3.00733,9.81666660308838,6.30000019073486,35.3932571411133,439.784729003906,19.6000003814697,1.79999995231628,17.8000011444092,7.73333311080933,11.216667175293,15.3833332061768,4.76666641235352,869,98,50,23.8017349243164,286,163,195,227,0.0871599912643433,1.28665781021118,37.5132446289062,11.8399381637573,15.8349189758301,16.4805698394775,12.3052749633789,174.146148681641,1.94742155075073,20.422477722168,6.09008741378784,61.0223922729492,23.1426849365234,9480.4169921875,1.13989996910095,41,"55.8 - 60.0 mg/kg"
7343,4835.52009421667,"1","0",".",52.5339,13.181,9.63333320617676,7.75,29.8076915740967,698.00146484375,24.1000003814697,-1.89999997615814,26,18.3999996185303,4.98333311080933,18.3999996185303,1.26666665077209,553,66,34,20.6408138275146,175,113,175,128,0.0620632171630859,1.51118862628937,NA,NA,11.6905488967896,NA,6.87807846069336,NA,NA,NA,NA,76.4441986083984,11.8652496337891,10042.75,0.61710000038147,18,"10.4 - 11.2 mg/kg"
7346,5965.31546730551,"1","0","0",52.6058,11.8558,9.74166679382324,8.71666717529297,32.5248756408691,685.392517089844,25.1000003814697,-1.70000004768372,26.8000011444092,18.283332824707,5.44999980926514,18.283332824707,1.51666665077209,550,63,30,23.0121593475342,181,104,181,119,0.0643735527992249,1.41966080665588,23.1163005828857,10.1851081848145,7.20187664031982,12.8851652145386,4.54395198822021,149.584701538086,1.54937088489532,37.7536468505859,6.18307161331177,85.8483734130859,6.94975280761719,9982.4169921875,0.614300012588501,25,"17.3 - 18.6 mg/kg"
7347,4780.9380185311,"0","0",".",52,36,5.48750019073486,8.07499980926514,24.0327377319336,1001.59899902344,23.1000003814697,-10.5,33.5999984741211,17.4500007629395,-5.71666669845581,17.4500007629395,-6.84999990463257,644,84,35,27.2257041931152,220,113,220,125,NA,NA,NA,NA,NA,NA,NA,NA,NA,NA,NA,NA,NA,10603.75,0.747500002384186,NA,""
7349,5049.1625763853,"0","0","0",49.5,14.5,7.44583320617676,8.59166717529297,31.1292266845703,726.828308105469,22.7000007629395,-4.90000009536743,27.6000003814697,16.4333343505859,-0.133333325386047,16.4333343505859,-1.5,642,86,33,33.6108245849609,239,113,239,114,0.0927954316139221,1.09288024902344,0,12.4807262420654,15.4860258102417,9.96806716918945,20.2066555023193,151.514495849609,2.13080048561096,32.1227760314941,5.81303405761719,58.4162101745605,26.0977630615234,10660.6669921875,0.767099976539612,49,"100 - 108 mg/kg"
7350,5035.53121181998,"0","0","0",47.2413,-122.459,11.0666666030884,10.3000001907349,41.7004051208496,538.539001464844,25.6000003814697,0.899999976158142,24.7000007629395,5.26666688919067,17.9166660308838,17.9166660308838,4.90000009536743,1115,173,23,58.9309158325195,504,98,98,461,NA,NA,NA,NA,NA,NA,NA,NA,NA,NA,NA,NA,NA,11684.0830078125,1.119500041008,NA,""
7353,5614.32969670714,"0","0","1",52.08,4.3,10.0666666030884,6.68333339691162,32.1314086914062,523.02587890625,21.5,0.699999988079071,20.7999992370605,10.9499998092651,8.93333339691162,16.5166664123535,3.86666655540466,854,99,48,24.6312274932861,287,162,200,205,0.0575507692992687,1.47043693065643,60.0028953552246,10.3518676757812,15.6722974777222,14.5909786224365,11.388729095459,125.968070983887,1.77370131015778,26.0901870727539,6.46059513092041,52.3050384521484,32.0226669311523,9933.75,1.11000001430511,42,"60.0 - 64.6 mg/kg"
7354,4971.92559933886,"0",".","1",56.5,14.9,6.4375,7.85833358764648,30.5771713256836,664.872253417969,21.1000003814697,-4.59999990463257,25.7000007629395,13.9333333969116,1.25,14.9833335876465,-1.26666665077209,686,73,39,20.2336616516113,204,126,197,156,0.0682145059108734,1.17677700519562,0.089185856282711,14.4483070373535,3.54376411437988,21.5658206939697,11.7585287094116,83.9085388183594,2.89429950714111,26.5147266387939,4.58034038543701,81.9442291259766,14.5120086669922,9836.75,0.958000004291534,31,"26.9 - 28.9 mg/kg"
7356,4775.36576491127,"0","0","1",41.6639,-83.5553,10.3041667938232,10.7749996185303,28.0598964691162,1013.64434814453,30,-8.39999961853027,38.4000015258789,22.5499992370605,-1.14999997615814,22.5499992370605,-2.53333330154419,855,94,43,22.2717761993408,264,153,264,155,NA,NA,NA,NA,NA,NA,NA,NA,NA,NA,NA,NA,NA,12897.1669921875,0.72409999370575,NA,""
7372,4841.96471810403,"0","0","1",47.0748,9.9042,8.26666641235352,9.10000038146973,34.3396224975586,654.093139648438,22.2999992370605,-4.19999980926514,26.5,16.2333335876465,1.43333339691162,16.2333335876465,0.200000092387199,1178,149,73,28.4597644805908,425,221,425,226,0.0832393616437912,1.16627979278564,93.9423065185547,20.8277282714844,16.8370380401611,11.1372833251953,17.5104351043701,89.7081069946289,3.91364026069641,20.3134479522705,6.17471408843994,46.0474166870117,37.1155471801758,11981.5,1.31449997425079,49,"100 - 108 mg/kg"
7373,5371.65351571078,"0","0","0",34.43,136.31,14.1708335876465,8.25833320617676,27.7125282287598,794.999877929688,29.2999992370605,-0.5,29.7999992370605,23.5666656494141,4.56666660308838,24.0166664123535,4.56666660308838,1884,267,51,48.4369926452637,692,178,691,178,NA,NA,NA,NA,NA,NA,NA,NA,NA,NA,NA,NA,NA,13950,1.52020001411438,NA,""
7378,4995.18840034314,"0",".","1",48.0333,7.7667,10.7833337783813,8.46666717529297,32.816535949707,660.266235351562,25.2000007629395,-0.600000023841858,25.8000011444092,17.4500007629395,4.06666660308838,19.0833339691162,2.84999990463257,893,97,56,19.7844200134277,287,169,267,187,0.105340115725994,1.01997947692871,38.3968811035156,18.4402961730957,22.8547096252441,11.7712440490723,9.12587261199951,208.210235595703,2.71101999282837,36.571174621582,6.66756916046143,22.3513793945312,54.7939109802246,11402.5,0.939199984073639,41,"55.8 - 60.0 mg/kg"
7383,4395.07587971891,"0","0","1",49.2655,-123.206,10.0291662216187,6.55833339691162,31.3795852661133,522.348083496094,21.7999992370605,0.899999976158142,20.8999996185303,4.5,16.533332824707,16.6166667938232,3.96666669845581,1572,250,48,52.4983139038086,678,164,170,579,NA,NA,NA,NA,NA,NA,NA,NA,NA,NA,NA,NA,NA,11540.5,1.70319998264313,NA,""
7384,4315.5482775361,"0","0","1",52.0333,5.55,9.92916679382324,8.35833358764648,36.0272979736328,564.271301269531,23.1000003814697,-0.100000001490116,23.2000007629395,4.23333311080933,5.86666631698608,16.9833335876465,3.20000004768372,811,80,46,15.1586589813232,233,169,204,206,0.0704304501414299,1.134889960289,31.8803234100342,6.53783941268921,12.100079536438,15.2309865951538,7.11571931838989,123.346961975098,1.66922235488892,52.0068054199219,6.31075954437256,64.6127243041992,23.2871932983398,9710.8330078125,1.01540005207062,47,"86.5 - 93.1 mg/kg"
7387,4814.47623957966,"0","0","1",54.9902,-2.3671,8.16666698455811,7.51666688919067,39.5614013671875,432.541839599609,19.1000003814697,0.100000001490116,19,4,9.56666660308838,13.75,3.25,924,98,58,18.6108303070068,288,181,205,265,0.092036210000515,1.0707311630249,0,15.7870349884033,19.5074939727783,11.1489839553833,13.1027879714966,214.889389038086,2.52628493309021,36.9648284912109,5.61878490447998,46.0559234619141,34.4365844726562,8987,1.31610000133514,46,"80.4 - 86.5 mg/kg"
7394,4158.66496307357,"0","0","1",52.3,21,8.26249980926514,8.30833339691162,29.1520462036133,764.787902832031,23.6000003814697,-4.90000009536743,28.5,17.6666660308838,-0.116666734218597,17.6666660308838,-1.11666667461395,488,72,22,39.3074607849121,191,70,191,78,0.0631211698055267,1.50792598724365,NA,NA,10.1170921325684,NA,10.8286218643188,NA,NA,NA,NA,61.8623313903809,28.0205764770508,10336.3330078125,0.565900027751923,11,"6.23 - 6.70 mg/kg"
7396,4878.49567699503,"0","0","0",52.3,30,6.77916669845581,8.25833320617676,25.8881931304932,880.832397460938,23.3999996185303,-8.5,31.8999996185303,17.3999996185303,-3.11666655540466,17.3999996185303,-4.19999980926514,612,88,31,33.8890380859375,228,99,228,107,NA,NA,NA,NA,NA,NA,NA,NA,NA,NA,NA,NA,NA,10627.25,0.741699993610382,NA,""
7404,5417.67158534788,"0","0",".",52.6,10.0667,9.375,8.36666679382324,33.201057434082,647.875915527344,23.5,-1.70000004768372,25.2000007629395,17.4833335876465,4.91666650772095,17.4833335876465,1.61666655540466,678,73,44,13.8437004089355,195,149,195,167,0.0711967870593071,1.15630614757538,21.480152130127,8.34837055206299,11.7022161483765,14.6501989364624,6.88527297973633,184.761032104492,1.60085737705231,43.0214729309082,5.71310043334961,79.7061004638672,8.59168243408203,9753.5830078125,0.805999994277954,19,"11.2 - 12.0 mg/kg"
7411,5059.42889408979,"0","0","1",47.9299,10.8134,7.48333358764648,8.21666622161865,32.0963554382324,665.026794433594,21.2999992370605,-4.30000019073486,25.5999984741211,15.75,0.51666659116745,15.75,-0.51666671037674,1107,142,57,32.3922080993652,410,183,410,189,0.0979298800230026,1.34737980365753,1.35405087471008,18.7436561584473,23.3942375183105,9.71683216094971,13.7895774841309,119.272911071777,2.70456147193909,33.9342422485352,5.60246133804321,29.9903564453125,46.615406036377,11453.1669921875,1.29849994182587,50,"108 - 116 mg/kg"
7413,5568.05451068948,"0","0","0",54.6833,25.3167,6.52083349227905,7.70833349227905,26.2188205718994,827.365661621094,22.3999996185303,-7,29.3999996185303,16.6833324432373,-2.66666674613953,16.6833324432373,-3.53333330154419,648,82,32,27.1567783355713,222,112,222,125,0.0652079358696938,1.19944846630096,1.39369750022888,11.4614334106445,5.31041049957275,13.4206085205078,7.29240655899048,151.694091796875,1.24545574188232,39.5484771728516,5.52727079391479,73.3706817626953,21.3189086914062,10038,0.828499972820282,38,"44.8 - 48.2 mg/kg"
7416,5131.43006424693,"0","0","1",37.45,-119.35,8.53333377838135,14.6833333969116,46.4662437438965,620.660705566406,27,-4.59999990463257,31.6000003814697,2.18333339691162,16.3166675567627,16.9333324432373,2.09999990463257,827,149,7,79.5138397216797,418,26,38,407,NA,NA,NA,NA,NA,NA,NA,NA,NA,NA,NA,NA,NA,18005.5,0.466100007295609,NA,""
7419,4380.57697083514,"0","0","0",50.3058,8.32213,8.91250038146973,7.84166669845581,31.6196250915527,641.125183105469,22.7999992370605,-2,24.7999992370605,15.4166660308838,4.69999980926514,16.9500007629395,1.20000004768372,713,70,49,11.9034051895142,199,155,187,177,0.101860553026199,1.36704015731812,28.1745433807373,12.5181722640991,24.8409671783447,11.1582069396973,10.3473329544067,180.892593383789,1.6879688501358,30.1107273101807,6.05932474136353,26.0235595703125,49.1354751586914,10254.6669921875,0.856599986553192,45,"74.8 - 80.4 mg/kg"
7430,4908.06188416214,"0",".","0",48.6167,6.25,9.79583358764648,8.84166622161865,34.8097114562988,630.974914550781,24.2999992370605,-1.10000002384186,25.3999996185303,5.96666669845581,5.66666650772095,17.7333335876465,2.25,775,78,48,12.4631900787354,214,166,199,203,0.11644471436739,1.26856982707977,0,13.132061958313,23.3152599334717,9.77573585510254,19.8358097076416,224.941833496094,2.44342470169067,42.778751373291,6.39522266387939,35.0034713745117,41.681266784668,11686.1669921875,0.827300012111664,41,"55.8 - 60.0 mg/kg"
7460,5349.39183174053,"1","0","1",NA,NA,NA,NA,NA,NA,NA,NA,NA,NA,NA,NA,NA,NA,NA,NA,NA,NA,NA,NA,NA,NA,NA,NA,NA,NA,NA,NA,NA,NA,NA,NA,NA,NA,NA,NA,NA,""
7461,5215.84216543502,"0","0","1",49,15,7.31666660308838,8.23333358764648,30.2696075439453,714.252075195312,22.1000003814697,-5.09999990463257,27.2000007629395,16.1666660308838,-1.39999997615814,16.1666660308838,-1.39999997615814,640,89,32,37.1042327880859,247,105,247,105,0.0943716019392014,1.39522624015808,11.0499362945557,12.6755752563477,12.3606691360474,18.9958591461182,16.2602367401123,188.691848754883,1.61029922962189,30.2087268829346,4.98453807830811,57.4369239807129,30.2024078369141,10858.9169921875,0.788999974727631,44,"69.5 - 74.8 mg/kg"
7471,4699.9663308721,"0","0","1",NA,NA,NA,NA,NA,NA,NA,NA,NA,NA,NA,NA,NA,NA,NA,NA,NA,NA,NA,NA,NA,NA,NA,NA,NA,NA,NA,NA,NA,NA,NA,NA,NA,NA,NA,NA,NA,""
7477,4843.34830576525,"0","0","0",41.7302,-71.2825,10.154167175293,10.3083333969116,29.8792266845703,878.349365234375,27.6000003814697,-6.90000009536743,34.5,2.06666660308838,18.1333332061768,20.8999996185303,-0.649999976158142,1196,115,83,9.86429691314697,330,265,274,307,NA,NA,NA,NA,NA,NA,NA,NA,NA,NA,NA,NA,NA,13380.0830078125,1.04089999198914,NA,""
7514,4559.87704879687,"0","0","1",41.5609,-86.4251,9.74583339691162,10.8083333969116,28.5934734344482,1000.91650390625,28.7000007629395,-9.10000038146973,37.8000030517578,21.7000007629395,-1.51666665077209,21.7000007629395,-3.15000009536743,989,108,46,21.7380237579346,297,173,297,176,NA,NA,NA,NA,NA,NA,NA,NA,NA,NA,NA,NA,NA,13111.1669921875,0.864700019359589,NA,""
7515,4986.48120356766,"0","0","1",41.5609,-86.4251,9.74583339691162,10.8083333969116,28.5934734344482,1000.91650390625,28.7000007629395,-9.10000038146973,37.8000030517578,21.7000007629395,-1.51666665077209,21.7000007629395,-3.15000009536743,989,108,46,21.7380237579346,297,173,297,176,NA,NA,NA,NA,NA,NA,NA,NA,NA,NA,NA,NA,NA,13111.1669921875,0.864700019359589,NA,""
7520,5238.47736556119,"0","0","0",49.38,16.81,6.82916641235352,7.94166660308838,29.5229244232178,725.999206542969,21.6000003814697,-5.30000019073486,26.9000015258789,15.6999998092651,-0.900000095367432,15.6999998092651,-2.08333349227905,627,93,30,41.058650970459,250,93,250,101,0.0845142006874084,1.3060690164566,1.55513942241669,15.3293724060059,18.2433662414551,12.4344968795776,21.3234825134277,208.47380065918,1.77327334880829,57.6750259399414,5.88200330734253,30.8650360107422,50.8915977478027,10940,0.751900017261505,51,"116 - 125 mg/kg"
7521,5403.50757728646,"0","0","0",49.38,16.81,6.82916641235352,7.94166660308838,29.5229244232178,725.999206542969,21.6000003814697,-5.30000019073486,26.9000015258789,15.6999998092651,-0.900000095367432,15.6999998092651,-2.08333349227905,627,93,30,41.058650970459,250,93,250,101,0.0845142006874084,1.3060690164566,1.55513942241669,15.3293724060059,18.2433662414551,12.4344968795776,21.3234825134277,208.47380065918,1.77327334880829,57.6750259399414,5.88200330734253,30.8650360107422,50.8915977478027,10940,0.751900017261505,51,"116 - 125 mg/kg"
7525,5497.47296252345,"0","0","1",42.036,-86.511,9.57499980926514,9.58333301544189,26.7690868377686,963.824035644531,27.7999992370605,-8,35.7999992370605,20.5,-1.31666672229767,21.2666664123535,-2.56666660308838,950,99,42,21.2546825408936,280,162,274,175,NA,NA,NA,NA,NA,NA,NA,NA,NA,NA,NA,NA,NA,13075.4169921875,0.840300023555756,NA,""
7717,5162.57914230755,"0","0","1",41.273,-86.625,9.85833358764648,11.1500005722046,28.8113689422607,1012.34613037109,29.1000003814697,-9.60000038146973,38.7000007629395,19.8500003814697,-3.26666665077209,21.8833332061768,-3.26666665077209,973,109,43,24.6542644500732,303,161,302,161,NA,NA,NA,NA,NA,NA,NA,NA,NA,NA,NA,NA,NA,13199,0.856199979782104,NA,""
7917,4152.18121568808,"0","0","1",42.0945,-86.3253,9.55000019073486,10.2166662216187,27.9908676147461,975.977355957031,28.2999992370605,-8.19999980926514,36.5,20.3999996185303,-1.43333339691162,21.3500003814697,-2.86666655540466,960,103,42,21.6793651580811,285,162,274,177,NA,NA,NA,NA,NA,NA,NA,NA,NA,NA,NA,NA,NA,12938.8330078125,0.832000017166138,NA,""
7947,5321.59258011792,"0","0","1",42.0945,-86.3253,9.55000019073486,10.2166662216187,27.9908676147461,975.977355957031,28.2999992370605,-8.19999980926514,36.5,20.3999996185303,-1.43333339691162,21.3500003814697,-2.86666655540466,960,103,42,21.6793651580811,285,162,274,177,NA,NA,NA,NA,NA,NA,NA,NA,NA,NA,NA,NA,NA,12938.8330078125,0.832000017166138,NA,""
8077,5054.12088412885,"0","0","1",41.3423,-86.7368,9.85416698455811,11.2416667938232,29.1234893798828,1012.08038330078,28.8999996185303,-9.69999980926514,38.5999984741211,21.7999992370605,-3.28333330154419,21.7999992370605,-3.28333330154419,978,111,42,24.811502456665,305,162,305,162,NA,NA,NA,NA,NA,NA,NA,NA,NA,NA,NA,NA,NA,13203,0.859300017356873,NA,""
8132,4558.62305280874,"0","0","1",42.036,-86.511,9.57499980926514,9.58333301544189,26.7690868377686,963.824035644531,27.7999992370605,-8,35.7999992370605,20.5,-1.31666672229767,21.2666664123535,-2.56666660308838,950,99,42,21.2546825408936,280,162,274,175,NA,NA,NA,NA,NA,NA,NA,NA,NA,NA,NA,NA,NA,13075.4169921875,0.840300023555756,NA,""
8214,5382.41613984984,"0","0","1",49,2,10.5666666030884,7.65000009536743,34.1517868041992,551.4375,23.3999996185303,1,22.3999996185303,7.48333358764648,6.69999980926514,17.5166664123535,4.06666660308838,663,64,45,10.5617742538452,183,150,156,169,0.0948905050754547,1.40258824825287,9.17501544952393,13.3651485443115,18.5649108886719,16.4453411102295,16.2947444915771,108.333984375,1.70420050621033,9.88976287841797,5.13779258728027,11.8141784667969,69.6209106445312,11137.75,0.708299994468689,28,"21.6 - 23.2 mg/kg"
8222,4985.84339581058,"0","0","1",56.0328,14.775,NA,NA,NA,NA,NA,NA,NA,NA,NA,NA,NA,NA,NA,NA,NA,NA,NA,NA,NA,NA,NA,NA,NA,11.0690402984619,NA,NA,NA,NA,NA,NA,69.1686248779297,19.762336730957,NA,NA,NA,""
8227,5062.17801533586,"0","0","1",62.7989,17.9103,3.74166655540466,7.86666679382324,25.9625968933105,810.036010742188,20,-10.3000001907349,30.2999992370605,4.25,-2.31666660308838,14.216667175293,-5.86666679382324,668,79,35,26.6500148773193,222,119,185,138,0.0719785988330841,1.16491460800171,5.53474855422974,12.5128126144409,7.67028141021729,24.8465614318848,NA,212.278244018555,3.84024024009705,30.0255279541016,4.52862930297852,74.4985885620117,17.8311309814453,9031.6669921875,1.00399994850159,32,"28.9 - 31.1 mg/kg"
8230,5917.30998695974,"0","0","0",56.68,16.5,7.18333339691162,7.51666688919067,29.247730255127,665.959106445312,21.7000007629395,-4,25.7000007629395,15.0166673660278,1.73333334922791,15.8166666030884,-0.433333367109299,509,54,30,20.0182418823242,158,96,148,116,0.0845754146575928,1.09583163261414,12.2441987991333,15.4052772521973,13.9484930038452,12.8327150344849,3.90137147903442,123.675323486328,3.22374200820923,26.2851467132568,6.04271459579468,61.4702110290527,24.581298828125,10149.9169921875,0.688799977302551,29,"23.2 - 25.0 mg/kg"
8233,4707.88946848093,"0","0","1",41.1876,-87.1923,9.81666660308838,11.5,29.4117641448975,1020.34606933594,29.1000003814697,-10,39.0999984741211,19.8666667938232,-3.46666669845581,21.8333339691162,-3.46666669845581,967,111,38,28.4282379150391,315,149,306,149,NA,NA,NA,NA,NA,NA,NA,NA,NA,NA,NA,NA,NA,13294.5,0.860099971294403,NA,""
8234,3962.42644571799,"0","1","1",56.4606,15.8127,6.75833320617676,7.28333330154419,29.4871807098389,649.656677246094,20.7999992370605,-3.90000009536743,24.6999988555908,7.41666650772095,1.43333327770233,15.1499996185303,-0.650000035762787,637,66,37,18.379695892334,190,122,167,158,0.0727213472127914,1.14036214351654,0.63182407617569,10.4721984863281,7.42207336425781,15.9058895111084,17.3877334594727,51.6039085388184,2.61957788467407,25.9338893890381,5.48152303695679,71.8672027587891,20.7107238769531,9930.25,0.881699979305267,38,"44.8 - 48.2 mg/kg"
8235,4915.55484535481,"0","0",".",48.8,17.1,9.60416698455811,8.85833358764648,30.6516723632812,763.742126464844,25.2000007629395,-3.70000004768372,28.9000015258789,18.8666667938232,1.61666667461395,18.8666667938232,0.050000011920929,646,92,29,41.694652557373,260,93,260,99,0.0710138380527496,1.2203015089035,NA,NA,25.4842224121094,NA,8.39766407012939,NA,NA,NA,NA,40.8520584106445,33.6637191772461,11409.25,0.645799994468689,57,"180 - 193 mg/kg"
8236,5008.20510385942,"1","0",".",49.33,15.76,7.12083339691162,8.40833377838135,30.3549938201904,730.508728027344,22.3999996185303,-5.30000019073486,27.7000007629395,16.0499992370605,-0.550000011920929,16.0499992370605,-1.85000002384186,576,85,26,42.0409965515137,232,86,232,86,0.0975896567106247,1.35731554031372,7.79340028762817,12.106616973877,16.612117767334,12.190258026123,17.1007442474365,136.706390380859,2.54724550247192,30.7090721130371,5.9325213432312,43.6950607299805,39.6928215026855,10883.9169921875,0.693300008773804,43,"64.6 - 69.5 mg/kg"
8237,5190.13291468662,"0",".","1",55.8,13.1,8.11666679382324,6.59999990463257,28.2051296234131,644.262573242188,21.2999992370605,-2.09999990463257,23.3999996185303,8.83333301544189,2.94999980926514,16.2666664123535,0.600000023841858,632,66,32,21.071460723877,193,115,171,143,0.0699946656823158,1.46744668483734,0,13.259786605835,14.207670211792,13.1365871429443,7.54965114593506,141.77880859375,1.64958655834198,51.9499282836914,6.15804243087769,63.6347732543945,22.1575546264648,9897.3330078125,0.838199973106384,34,"33.5 - 36.0 mg/kg"
8238,4672.85247633837,"0","0","0",51.15,0.4,9.94999980926514,7.69999980926514,37.7450981140137,475.461517333984,21.6000003814697,1.20000004768372,20.3999996185303,5.46666669845581,14.3000001907349,16,4.5,740,82,45,24.2325305938721,243,146,148,211,0.107324741780758,1.02931690216064,17.2129135131836,12.8432874679565,25.6662731170654,10.549542427063,14.3932952880859,211.670745849609,3.45026516914368,39.5966606140137,6.0612964630127,20.049186706543,54.284538269043,10005.8330078125,0.957300007343292,34,"33.5 - 36.0 mg/kg"
8240,3867.95598695618,"0","0","1",55.705,13.196,8.27916622161865,6.35833311080933,27.17236328125,650.567810058594,21.5,-1.89999997615814,23.3999996185303,8.91666698455811,3.06666660308838,16.5666675567627,0.75,637,66,33,20.776782989502,193,117,170,148,0.0751197040081024,1.49003529548645,4.67713689804077,9.05465030670166,9.18124294281006,15.3533687591553,8.10123062133789,146.805114746094,1.89760780334473,31.6958103179932,5.81655931472778,71.2655715942383,19.5531845092773,9838.75,0.802699983119965,34,"33.5 - 36.0 mg/kg"
8241,7218.96958898782,"1","0","1",55.9473,13.821,6.80000019073486,7.09999990463257,29.8319339752197,632.671081542969,20.3999996185303,-3.40000009536743,23.7999992370605,3.71666669845581,5.48333311080933,14.8666667938232,-0.566666662693024,781,80,46,19.2112617492676,237,152,194,199,0.0754447728395462,1.11422967910767,8.99523544311523,11.404052734375,8.57351207733154,16.0178279876709,9.12288188934326,99.0431976318359,2.90322327613831,34.8819313049316,5.06751012802124,64.6550445556641,26.7714462280273,9807.5,1.09790003299713,37,"41.7 - 44.8 mg/kg"
8242,5337.61745672686,"1","0","1",56.1494,15.7884,NA,NA,NA,NA,NA,NA,NA,NA,NA,NA,NA,NA,NA,NA,NA,NA,NA,NA,NA,NA,NA,NA,NA,16.6343517303467,NA,NA,NA,NA,NA,NA,61.3181343078613,22.0475158691406,NA,NA,40,"51.9 - 55.8 mg/kg"
8243,5747.92204965964,"0","0",".",43.7703,11.2547,15.2208337783813,10.5916662216187,36.2728309631348,690.933044433594,31.7999992370605,2.59999990463257,29.1999988555908,15.6499996185303,24.033332824707,24.033332824707,7.18333339691162,827,106,40,26.7263946533203,281,156,156,185,0.0947673097252846,1.21054780483246,NA,NA,25.0074329376221,NA,14.3195533752441,NA,NA,NA,NA,41.5094909667969,33.4830780029297,13710.0830078125,0.668500006198883,44,"69.5 - 74.8 mg/kg"
8244,3839.99918919251,"0","0","1",48.6103,2.3086,11.0666666030884,8.38333320617676,35.2240905761719,575.35498046875,24.7999992370605,1,23.7999992370605,16.5166664123535,5.13333320617676,18.3333339691162,4.26666688919067,621,61,43,9.04207801818848,166,145,148,151,0.0835425704717636,1.18914103507996,54.7368278503418,13.3669567108154,16.7321872711182,10.5195426940918,9.7728853225708,275.2939453125,1.69790315628052,41.2544136047363,7.03502893447876,45.8859939575195,37.3818206787109,11369.4169921875,0.645299971103668,29,"23.2 - 25.0 mg/kg"
8246,5403.62635333308,"0","0","1",35,-79.18,16.1708335876465,12.7416667938232,38.7284698486328,768.39697265625,32.2999992370605,-0.600000023841858,32.8999977111816,25.466667175293,11.6333332061768,25.466667175293,6.45000028610229,1194,138,75,19.5422286987305,377,241,377,279,NA,NA,NA,NA,NA,NA,NA,NA,NA,NA,NA,NA,NA,15340.5830078125,0.795799970626831,NA,""
8256,5375.22540482306,"0","0","1",56.4,12.9,6.76666641235352,6.65000009536743,28.4188041687012,635.29638671875,19.7999992370605,-3.59999990463257,23.3999996185303,3.73333311080933,5.56666660308838,14.783332824707,-0.683333337306976,948,99,52,22.0729675292969,286,174,255,235,0.0711915120482445,1.32039868831635,2.10828065872192,9.41622638702393,7.12339687347412,19.191234588623,10.1199655532837,126.993240356445,1.97649562358856,23.1112003326416,4.7656307220459,69.0570983886719,23.8195037841797,9762.75,1.38469994068146,33,"31.1 - 33.5 mg/kg"
8258,5354.72131844044,"0","0","1",56.4,12.9,6.76666641235352,6.65000009536743,28.4188041687012,635.29638671875,19.7999992370605,-3.59999990463257,23.3999996185303,3.73333311080933,5.56666660308838,14.783332824707,-0.683333337306976,948,99,52,22.0729675292969,286,174,255,235,0.0711915120482445,1.32039868831635,2.10828065872192,9.41622638702393,7.12339687347412,19.191234588623,10.1199655532837,126.993240356445,1.97649562358856,23.1112003326416,4.7656307220459,69.0570983886719,23.8195037841797,9762.75,1.38469994068146,33,"31.1 - 33.5 mg/kg"
8259,4954.44394415521,"0","0","1",56.4,12.9,6.76666641235352,6.65000009536743,28.4188041687012,635.29638671875,19.7999992370605,-3.59999990463257,23.3999996185303,3.73333311080933,5.56666660308838,14.783332824707,-0.683333337306976,948,99,52,22.0729675292969,286,174,255,235,0.0711915120482445,1.32039868831635,2.10828065872192,9.41622638702393,7.12339687347412,19.191234588623,10.1199655532837,126.993240356445,1.97649562358856,23.1112003326416,4.7656307220459,69.0570983886719,23.8195037841797,9762.75,1.38469994068146,33,"31.1 - 33.5 mg/kg"
8264,4957.0264284061,"0","0","1",41.6833,2.8,14.9624996185303,9.65833377838135,39.1025657653809,550.041809082031,28,3.29999995231628,24.7000007629395,15.9833335876465,21.9333343505859,22.0666656494141,8.75,698,88,27,25.7921695709229,227,128,152,166,0.0935522764921188,1.32911849021912,185.496688842773,18.2221813201904,24.6876659393311,13.0745964050293,16.9533252716064,530.738586425781,1.4618763923645,17.2157707214355,7.53128433227539,33.9001998901367,41.4121322631836,14734.9169921875,0.523999989032745,48,"93.1 - 100 mg/kg"
8283,5379.35633271404,"0","0","1",55.76,14.12,7.41666698455811,6.96666669845581,29.5197734832764,621.542541503906,21.1000003814697,-2.5,23.6000003814697,8.10000038146973,2.40000009536743,15.4166669845581,0.283333331346512,696,71,40,19.0116443634033,210,135,178,171,0.0691945105791092,1.32939410209656,14.6920652389526,11.52854347229,9.2806978225708,14.7601566314697,13.5801229476929,119.39404296875,2.39578485488892,56.5995101928711,5.90877676010132,70.6790542602539,20.0402450561523,9910.4169921875,0.945900022983551,40,"51.9 - 55.8 mg/kg"
8284,5693.45435626902,"0","0","1",49.4112,16.2815,7.39583349227905,8.24166679382324,30.0790748596191,733.808410644531,22.5,-4.90000009536743,27.3999996185303,16.3500003814697,-0.300000011920929,16.3500003814697,-1.63333332538605,560,85,26,42.7453155517578,226,82,226,85,0.0824049711227417,1.40004146099091,0,11.5314235687256,18.0525665283203,10.38245677948,16.1173229217529,205.518020629883,2.13411855697632,38.8841705322266,5.9546160697937,44.1395950317383,37.8078384399414,10930.9169921875,0.660000026226044,47,"86.5 - 93.1 mg/kg"
8285,5549.4221147696,"1","0","0",49.4112,16.2815,7.39583349227905,8.24166679382324,30.0790748596191,733.808410644531,22.5,-4.90000009536743,27.3999996185303,16.3500003814697,-0.300000011920929,16.3500003814697,-1.63333332538605,560,85,26,42.7453155517578,226,82,226,85,0.0824049711227417,1.40004146099091,0,11.5314235687256,18.0525665283203,10.38245677948,16.1173229217529,205.518020629883,2.13411855697632,38.8841705322266,5.9546160697937,44.1395950317383,37.8078384399414,10930.9169921875,0.660000026226044,47,"86.5 - 93.1 mg/kg"
8290,4714.72958695479,"0","0","1",50,8.5,10.0791664123535,8.125,31.9881896972656,661.422241210938,24.3999996185303,-1,25.3999996185303,16.783332824707,3.25,18.3833332061768,2.09999990463257,596,65,38,16.1077365875244,182,123,172,132,0.0775798857212067,1.12798774242401,38.1313133239746,4.64900732040405,10.3049020767212,15.0605249404907,5.46395111083984,141.818511962891,1.57097887992859,23.6999225616455,5.63999557495117,68.8452911376953,20.8498077392578,10441.5,0.666999995708466,42,"60.0 - 64.6 mg/kg"
8297,4815.68674750129,"0","0","1",46.5,6.08,6.375,7.80000019073486,31.8367347717285,626.717651367188,20.1000003814697,-4.40000009536743,24.5,0,13.8833332061768,14.1333332061768,-1.10000002384186,1399,134,101,9.3125057220459,387,323,332,373,0.127830758690834,1.00434243679047,NA,NA,32.2086982727051,NA,17.9144992828369,NA,NA,NA,NA,21.141471862793,46.649829864502,12265.6669921875,1.59739995002747,43,"64.6 - 69.5 mg/kg"
8306,4289.9828812517,"0","0","1",56.1,13.74,7.09999990463257,7.34999990463257,30.2469139099121,640.631774902344,20.8999996185303,-3.40000009536743,24.2999992370605,3.91666674613953,5.93333339691162,15.25,-0.400000005960464,767,79,44,20.2501850128174,232,145,193,198,0.0753607749938965,1.10908496379852,21.0470085144043,12.8677616119385,11.7497940063477,13.6350011825562,14.6847076416016,93.5325469970703,1.97411811351776,32.9503974914551,5.62619590759277,52.8726043701172,35.3776016235352,9784.4169921875,1.06309998035431,33,"31.1 - 33.5 mg/kg"
8307,4211.81976249499,"0","0","1",56.1,13.74,7.09999990463257,7.34999990463257,30.2469139099121,640.631774902344,20.8999996185303,-3.40000009536743,24.2999992370605,3.91666674613953,5.93333339691162,15.25,-0.400000005960464,767,79,44,20.2501850128174,232,145,193,198,0.0753607749938965,1.10908496379852,21.0470085144043,12.8677616119385,11.7497940063477,13.6350011825562,14.6847076416016,93.5325469970703,1.97411811351776,32.9503974914551,5.62619590759277,52.8726043701172,35.3776016235352,9784.4169921875,1.06309998035431,33,"31.1 - 33.5 mg/kg"
8311,5256.6375328674,"0","0","0",47.5,11.5,4.45833349227905,7.04999971389771,30.3879299163818,612.330993652344,17,-6.19999980926514,23.2000007629395,12,-2.73333334922791,12,-2.73333334922791,1325,172,64,33.3582038879395,494,214,494,214,0.100237973034382,1.07750904560089,47.2990684509277,19.1086864471436,20.4503517150879,13.2369871139526,22.2330455780029,151.519424438477,3.88190960884094,23.9868507385254,6.27454233169556,39.5819358825684,39.9677124023438,11793.25,1.61699998378754,47,"86.5 - 93.1 mg/kg"
8312,5414.81030120914,"0","0","1",50.5,7.5,9,8.13333320617676,33.3333320617676,618.983764648438,22.7000007629395,-1.70000004768372,24.4000015258789,15.3000001907349,4.83333349227905,16.7666664123535,1.56666672229767,833,80,57,10.3023481369019,224,185,220,206,0.0971900671720505,1.43131983280182,20.4533538818359,12.8103303909302,16.3865776062012,14.17320728302,14.251838684082,200.488220214844,2.42902040481567,28.316801071167,5.2952241897583,39.016918182373,44.5965042114258,10098.3330078125,1.01909995079041,30,"25.0 - 26.9 mg/kg"
8326,5616.0551616546,"0","0","1",56.0328,14.775,NA,NA,NA,NA,NA,NA,NA,NA,NA,NA,NA,NA,NA,NA,NA,NA,NA,NA,NA,NA,NA,NA,NA,11.0690402984619,NA,NA,NA,NA,NA,NA,69.1686248779297,19.762336730957,NA,NA,NA,""
8334,5126.21644041683,"0","0","1",55.71,13.2,8.1875,6.30833339691162,26.9586906433105,650.814636230469,21.3999996185303,-2,23.3999996185303,8.78333282470703,3,16.4833335876465,0.649999976158142,661,68,35,20.7027587890625,200,123,174,156,0.0780091509222984,1.50191521644592,4.67713689804077,9.05465030670166,7.06437587738037,15.3533687591553,7.12353754043579,146.805114746094,1.89760780334473,31.6958103179932,5.81655931472778,74.9359283447266,17.9996948242188,9831,0.832599997520447,34,"33.5 - 36.0 mg/kg"
8335,4682.94580316009,"0",".","1",55.71,13.2,8.1875,6.30833339691162,26.9586906433105,650.814636230469,21.3999996185303,-2,23.3999996185303,8.78333282470703,3,16.4833335876465,0.649999976158142,661,68,35,20.7027587890625,200,123,174,156,0.0780091509222984,1.50191521644592,4.67713689804077,9.05465030670166,7.06437587738037,15.3533687591553,7.12353754043579,146.805114746094,1.89760780334473,31.6958103179932,5.81655931472778,74.9359283447266,17.9996948242188,9831,0.832599997520447,34,"33.5 - 36.0 mg/kg"
8337,4714.63520716016,"0","0","1",44,12.37,13.4875001907349,9.39166641235352,33.0692481994629,710.339599609375,28.8999996185303,0.5,28.3999996185303,14.2666664123535,6.08333349227905,22.3166656494141,4.86666679382324,866,103,52,20.9220275878906,280,179,199,185,0.124922499060631,1.27016842365265,175.043975830078,24.7194442749023,42.2329902648926,9.35121440887451,10.9062519073486,214.424285888672,1.98796200752258,19.6305561065674,7.96587324142456,10.1253204345703,47.6416893005371,13256.8330078125,0.765399992465973,45,"74.8 - 80.4 mg/kg"
8343,5050.8963836318,"0",".","1",47.5,1.5,11.2833337783813,9.86666679382324,39.6251678466797,577.027404785156,25.6000003814697,0.699999988079071,24.8999996185303,7.81666660308838,18.5499992370605,18.5499992370605,4.36666631698608,667,66,48,11.3653039932251,184,145,145,173,0.0767678171396255,1.33022379875183,32.9838027954102,10.6035242080688,15.6306467056274,15.6228294372559,6.13469886779785,106.307754516602,1.78252875804901,16.3169441223145,5.27035856246948,50.3005790710449,34.0687713623047,11829.75,0.640200018882751,26,"18.6 - 20.1 mg/kg"
8351,5017.47732016894,"0","0","1",60.25,18.37,5.61666679382324,7.61666679382324,26.9140148162842,731.661682128906,21.2000007629395,-7.09999990463257,28.3000011444092,14.0833330154419,-0.383333265781403,15.1333332061768,-2.81666660308838,636,78,30,29.4184398651123,217,108,206,131,0.0815574824810028,1.12545549869537,3.39650821685791,30.0094356536865,10.4455585479736,20.6581001281738,15.6405630111694,142.348037719727,2.88233137130737,19.8824348449707,4.94752740859985,69.9900665283203,19.5643768310547,9729.25,0.894500017166138,NA,""
8357,4527.20671350575,".","0",".",41.5,2.25,14.8249998092651,9.36666679382324,37.6171379089355,564.617736816406,28.2999992370605,3.40000009536743,24.8999996185303,15.8000001907349,22.0166664123535,22.216667175293,8.55000019073486,680,82,30,25.5645599365234,226,139,169,147,0.110282354056835,1.10088849067688,142.894134521484,14.4771356582642,23.2740631103516,12.5481395721436,19.2717742919922,395.864135742188,1.23482942581177,35.1770324707031,6.83216381072998,37.5239524841309,39.2019844055176,15034.5,0.488400012254715,42,"60.0 - 64.6 mg/kg"
8365,5762.62316700368,"0","0","0",49,16,8.77083301544189,8.67500019073486,30.3321685791016,759.962463378906,24.5,-4.09999990463257,28.6000003814697,16.5,0.916666746139526,18.0833339691162,-0.599999964237213,523,79,23,43.2237777709961,212,76,211,76,0.0950775817036629,1.40095722675323,27.6655311584473,16.9629669189453,18.3844318389893,9.98247718811035,8.76194000244141,255.34797668457,1.59884834289551,32.6672897338867,6.84626150131226,32.1652755737305,49.4502944946289,11098.5,0.566699981689453,42,"60.0 - 64.6 mg/kg"
8366,4838.06792223002,"0","0","1",50.5,8.5,8.90416622161865,7.875,31.8825912475586,643.906616210938,22.7999992370605,-1.89999997615814,24.6999988555908,15.4666662216187,4.73333311080933,17,1.13333332538605,708,71,47,12.1854362487793,195,152,184,177,0.110555119812489,1.27704083919525,4.57862043380737,14.5392866134644,19.999683380127,9.87867450714111,19.7907695770264,256.557769775391,1.90317690372467,48.9426345825195,6.79948759078979,22.8335952758789,57.1667213439941,10176.4169921875,0.863300025463104,47,"86.5 - 93.1 mg/kg"
8376,5400.83954717481,"0",".","1",62.69,18,3.98749995231628,7.47499990463257,25.4251689910889,787.681091308594,19.7000007629395,-9.69999980926514,29.4000015258789,4.55000019073486,-2.01666665077209,14.1999998092651,-5.28333330154419,683,85,37,26.6518096923828,232,124,180,144,NA,NA,NA,NA,5.15540742874146,NA,NA,NA,NA,NA,NA,81.7008666992188,13.1437225341797,9098.25,1.0518000125885,30,"25.0 - 26.9 mg/kg"
8386,5545.93167695646,"0",".","0",58.9,11.2,7.40833330154419,5.63333320617676,23.5704326629639,667.174621582031,20.2999992370605,-3.59999990463257,23.8999996185303,8.18333339691162,1.69999992847443,15.8999996185303,-0.233333304524422,756,87,44,22.6917343139648,248,144,187,175,0.0765974894165993,NA,7.32237768173218,16.1021766662598,8.80756664276123,20.4835739135742,13.2960395812988,91.1938247680664,1.98518753051758,21.5948715209961,4.84727907180786,68.9799194335938,22.212516784668,9520.3330078125,0.906199991703033,NA,""
8419,5373.88555925704,".","0","1",54.6833,25.3167,6.52083349227905,7.70833349227905,26.2188205718994,827.365661621094,22.3999996185303,-7,29.3999996185303,16.6833324432373,-2.66666674613953,16.6833324432373,-3.53333330154419,648,82,32,27.1567783355713,222,112,222,125,0.0652079358696938,1.19944846630096,1.39369750022888,11.4614334106445,5.31041049957275,13.4206085205078,7.29240655899048,151.694091796875,1.24545574188232,39.5484771728516,5.52727079391479,73.3706817626953,21.3189086914062,10038,0.828499972820282,38,"44.8 - 48.2 mg/kg"
8422,4389.09163997647,"0","0","1",56.06,14.29,7.42500019073486,7.60000038146973,31.2757205963135,637.578857421875,21.5,-2.79999995231628,24.2999992370605,14.7833337783813,2.41666650772095,15.6000003814697,0.0499999932944775,575,60,32,20.4885654449463,173,104,167,125,0.0716363713145256,1.52217221260071,26.3939666748047,10.5512008666992,6.88486099243164,12.102071762085,8.38256454467773,104.621757507324,1.71412575244904,40.8102760314941,6.06019926071167,74.2249908447266,18.8901519775391,9883.0830078125,0.785399973392487,36,"38.7 - 41.7 mg/kg"
8424,4582.9545164726,"0","0","1",35,77,-11.4875001907349,10.375,28.1929340362549,963.252380371094,6.40000009536743,-30.3999996185303,36.7999992370605,0.0333333425223827,-22.5,0.0333333797752857,-23.466667175293,118,29,2,83.2011489868164,71,10,61,13,NA,NA,NA,NA,NA,NA,NA,NA,NA,NA,NA,NA,NA,14661.8330078125,0.188299998641014,NA,""
8426,4322.92990185193,"0","0","1",56.06,13.97,7.21250009536743,7.40833330154419,30.8680553436279,627.401306152344,21.1000003814697,-2.90000009536743,24,7.80000019073486,2.28333330154419,15.2333335876465,-0.0833333730697632,679,67,40,18.6224918365479,199,128,187,162,0.0699645429849625,1.39286291599274,9.82632350921631,14.8881778717041,7.91086196899414,14.095118522644,13.5797481536865,113.077186584473,2.44936609268188,44.6160163879395,5.35584688186646,74.94384765625,17.1452941894531,9863.5,0.927200019359589,35,"36.0 - 38.7 mg/kg"
9057,5315.81110250935,"1","0","1",56.1,13.9167,7.24583339691162,7.57499980926514,30.9183673858643,639.042114257812,21.2999992370605,-3.20000004768372,24.5,7.75,2.25,15.4166669845581,-0.200000032782555,686,70,40,19.0715217590332,203,129,186,165,0.068475715816021,1.52137458324432,7.30281066894531,9.2718620300293,6.20842313766479,14.0722618103027,7.20319318771362,136.395278930664,2.02547597885132,40.8694915771484,5.79767036437988,76.9298324584961,16.8617477416992,9799.6669921875,0.930599987506866,32,"28.9 - 31.1 mg/kg"
9058,4196.53160012726,".","0","1",57.75,16.6333,6.94999980926514,7.91666650772095,29.1053905487061,699.041564941406,22.1000003814697,-5.09999990463257,27.2000007629395,15.1166667938232,1.33333325386047,16.0666656494141,-1.06666660308838,585,70,34,23.8776397705078,185,105,179,132,0.0750338435173035,1.12969994544983,10.5183725357056,9.80244541168213,14.2266511917114,16.986213684082,7.82733201980591,124.280784606934,1.92084336280823,33.6772613525391,5.60303926467896,66.7346343994141,19.0387115478516,9963.9169921875,0.755599975585938,39,"48.2 - 51.9 mg/kg"
9067,4804.13052292312,"0","0","1",38.6536,48.7992,14.0625,8.07499980926514,27.7491397857666,764.276611328125,29.7000007629395,0.600000023841858,29.1000003814697,15.5166673660278,21.1666660308838,23.4833335876465,4.94999980926514,971,191,14,61.5206069946289,457,88,90,244,NA,NA,NA,NA,NA,NA,NA,NA,NA,NA,NA,NA,NA,14217.6669921875,0.892099976539612,NA,""
9069,5489.73170117907,"0","0","0",38.6536,48.7992,14.0625,8.07499980926514,27.7491397857666,764.276611328125,29.7000007629395,0.600000023841858,29.1000003814697,15.5166673660278,21.1666660308838,23.4833335876465,4.94999980926514,971,191,14,61.5206069946289,457,88,90,244,NA,NA,NA,NA,NA,NA,NA,NA,NA,NA,NA,NA,NA,14217.6669921875,0.892099976539612,NA,""
9070,5142.84985177486,"0","0","0",38.6536,48.7992,14.0625,8.07499980926514,27.7491397857666,764.276611328125,29.7000007629395,0.600000023841858,29.1000003814697,15.5166673660278,21.1666660308838,23.4833335876465,4.94999980926514,971,191,14,61.5206069946289,457,88,90,244,NA,NA,NA,NA,NA,NA,NA,NA,NA,NA,NA,NA,NA,14217.6669921875,0.892099976539612,NA,""
9075,4261.36509599963,"0","0","1",38.7406,48.6131,12.4333333969116,8.68333339691162,28.8482837677002,734.684020996094,29.5,-0.600000023841858,30.1000003814697,13.7333335876465,21.4333343505859,21.4333343505859,3.59999990463257,761,137,13,50.9457626342773,325,82,82,182,NA,NA,NA,NA,NA,NA,NA,NA,NA,NA,NA,NA,NA,14299.4169921875,0.670000016689301,NA,""
9078,4214.01256261176,"0","0","1",38.7406,48.6131,12.4333333969116,8.68333339691162,28.8482837677002,734.684020996094,29.5,-0.600000023841858,30.1000003814697,13.7333335876465,21.4333343505859,21.4333343505859,3.59999990463257,761,137,13,50.9457626342773,325,82,82,182,NA,NA,NA,NA,NA,NA,NA,NA,NA,NA,NA,NA,NA,14299.4169921875,0.670000016689301,NA,""
9079,3720.88020093346,"0","1","0",38.7833,48.5517,12.0874996185303,9.25833320617676,29.7695598602295,733.085388183594,30,-1.10000002384186,31.1000003814697,13.3500003814697,21.0833339691162,21.0833339691162,3.26666665077209,712,125,13,47.8206024169922,294,82,82,166,NA,NA,NA,NA,NA,NA,NA,NA,NA,NA,NA,NA,NA,14297.4169921875,0.622699975967407,NA,""
9081,5464.5750227996,"0","0","0",38.7833,48.5517,12.0874996185303,9.25833320617676,29.7695598602295,733.085388183594,30,-1.10000002384186,31.1000003814697,13.3500003814697,21.0833339691162,21.0833339691162,3.26666665077209,712,125,13,47.8206024169922,294,82,82,166,NA,NA,NA,NA,NA,NA,NA,NA,NA,NA,NA,NA,NA,14297.4169921875,0.622699975967407,NA,""
9084,3942.37287903036,"0","1","1",38.7833,48.5517,12.0874996185303,9.25833320617676,29.7695598602295,733.085388183594,30,-1.10000002384186,31.1000003814697,13.3500003814697,21.0833339691162,21.0833339691162,3.26666665077209,712,125,13,47.8206024169922,294,82,82,166,NA,NA,NA,NA,NA,NA,NA,NA,NA,NA,NA,NA,NA,14297.4169921875,0.622699975967407,NA,""
9085,4200.94082864975,"0","1","1",38.7833,48.5517,12.0874996185303,9.25833320617676,29.7695598602295,733.085388183594,30,-1.10000002384186,31.1000003814697,13.3500003814697,21.0833339691162,21.0833339691162,3.26666665077209,712,125,13,47.8206024169922,294,82,82,166,NA,NA,NA,NA,NA,NA,NA,NA,NA,NA,NA,NA,NA,14297.4169921875,0.622699975967407,NA,""
9089,4811.68132357318,"0","0","0",38.9522,48.925,14.345832824707,6.90833282470703,24.2397651672363,792.158874511719,29.7999992370605,1.29999995231628,28.5,15.8833332061768,24.0666656494141,24.0666656494141,4.88333320617676,722,137,10,58.6481094360352,326,63,63,190,NA,NA,NA,NA,NA,NA,NA,NA,NA,NA,NA,NA,NA,14305.9169921875,0.651700019836426,NA,""
9091,4421.16651576238,"0","0","1",38.9522,48.925,14.345832824707,6.90833282470703,24.2397651672363,792.158874511719,29.7999992370605,1.29999995231628,28.5,15.8833332061768,24.0666656494141,24.0666656494141,4.88333320617676,722,137,10,58.6481094360352,326,63,63,190,NA,NA,NA,NA,NA,NA,NA,NA,NA,NA,NA,NA,NA,14305.9169921875,0.651700019836426,NA,""
9095,4625.96483217005,"0","0","1",38.9786,48.5594,13.716667175293,8.78333377838135,28.3333339691162,781.843200683594,31.2000007629395,0.200000002980232,31,15,23.3833332061768,23.3833332061768,4.38333320617676,674,120,9,50.8183479309082,279,66,66,176,NA,NA,NA,NA,NA,NA,NA,NA,NA,NA,NA,NA,NA,14269.3330078125,0.589900016784668,NA,""
9099,4671.82522251634,"0","0","1",38.9786,48.5594,13.716667175293,8.78333377838135,28.3333339691162,781.843200683594,31.2000007629395,0.200000002980232,31,15,23.3833332061768,23.3833332061768,4.38333320617676,674,120,9,50.8183479309082,279,66,66,176,NA,NA,NA,NA,NA,NA,NA,NA,NA,NA,NA,NA,NA,14269.3330078125,0.589900016784668,NA,""
9100,4353.25128252853,"0","0","1",41.8296,46.2831,12.1625003814697,9.57499980926514,29.5524673461914,845.829711914062,28.7000007629395,-3.70000004768372,32.4000015258789,16,1.86666667461395,22.533332824707,1.86666667461395,773,105,31,36.6789703369141,283,103,237,103,NA,NA,NA,NA,NA,NA,NA,NA,NA,NA,NA,NA,NA,13635.4169921875,0.670700013637543,NA,""
9102,5147.77258730743,"0","0","1",41.8296,46.2831,12.1625003814697,9.57499980926514,29.5524673461914,845.829711914062,28.7000007629395,-3.70000004768372,32.4000015258789,16,1.86666667461395,22.533332824707,1.86666667461395,773,105,31,36.6789703369141,283,103,237,103,NA,NA,NA,NA,NA,NA,NA,NA,NA,NA,NA,NA,NA,13635.4169921875,0.670700013637543,NA,""
9103,4876.92263413169,"0","0","1",41.8296,46.2831,12.1625003814697,9.57499980926514,29.5524673461914,845.829711914062,28.7000007629395,-3.70000004768372,32.4000015258789,16,1.86666667461395,22.533332824707,1.86666667461395,773,105,31,36.6789703369141,283,103,237,103,NA,NA,NA,NA,NA,NA,NA,NA,NA,NA,NA,NA,NA,13635.4169921875,0.670700013637543,NA,""
9104,3863.79631512389,"0","0","1",41.8296,46.2831,12.1625003814697,9.57499980926514,29.5524673461914,845.829711914062,28.7000007629395,-3.70000004768372,32.4000015258789,16,1.86666667461395,22.533332824707,1.86666667461395,773,105,31,36.6789703369141,283,103,237,103,NA,NA,NA,NA,NA,NA,NA,NA,NA,NA,NA,NA,NA,13635.4169921875,0.670700013637543,NA,""
9105,4937.80684937247,"0","0","1",41.8296,46.2831,12.1625003814697,9.57499980926514,29.5524673461914,845.829711914062,28.7000007629395,-3.70000004768372,32.4000015258789,16,1.86666667461395,22.533332824707,1.86666667461395,773,105,31,36.6789703369141,283,103,237,103,NA,NA,NA,NA,NA,NA,NA,NA,NA,NA,NA,NA,NA,13635.4169921875,0.670700013637543,NA,""
9106,4458.92187243814,"0","0","1",41.8296,46.2831,12.1625003814697,9.57499980926514,29.5524673461914,845.829711914062,28.7000007629395,-3.70000004768372,32.4000015258789,16,1.86666667461395,22.533332824707,1.86666667461395,773,105,31,36.6789703369141,283,103,237,103,NA,NA,NA,NA,NA,NA,NA,NA,NA,NA,NA,NA,NA,13635.4169921875,0.670700013637543,NA,""
9111,3710.38243439601,".",".","1",41.8296,46.2831,12.1625003814697,9.57499980926514,29.5524673461914,845.829711914062,28.7000007629395,-3.70000004768372,32.4000015258789,16,1.86666667461395,22.533332824707,1.86666667461395,773,105,31,36.6789703369141,283,103,237,103,NA,NA,NA,NA,NA,NA,NA,NA,NA,NA,NA,NA,NA,13635.4169921875,0.670700013637543,NA,""
9113,4102.5052343753,"0","0","1",41.8296,46.2831,12.1625003814697,9.57499980926514,29.5524673461914,845.829711914062,28.7000007629395,-3.70000004768372,32.4000015258789,16,1.86666667461395,22.533332824707,1.86666667461395,773,105,31,36.6789703369141,283,103,237,103,NA,NA,NA,NA,NA,NA,NA,NA,NA,NA,NA,NA,NA,13635.4169921875,0.670700013637543,NA,""
9114,4427.4426747293,"0","0","1",41.8296,46.2831,12.1625003814697,9.57499980926514,29.5524673461914,845.829711914062,28.7000007629395,-3.70000004768372,32.4000015258789,16,1.86666667461395,22.533332824707,1.86666667461395,773,105,31,36.6789703369141,283,103,237,103,NA,NA,NA,NA,NA,NA,NA,NA,NA,NA,NA,NA,NA,13635.4169921875,0.670700013637543,NA,""
9115,4901.51719992446,"0","0","1",41.8296,46.2831,12.1625003814697,9.57499980926514,29.5524673461914,845.829711914062,28.7000007629395,-3.70000004768372,32.4000015258789,16,1.86666667461395,22.533332824707,1.86666667461395,773,105,31,36.6789703369141,283,103,237,103,NA,NA,NA,NA,NA,NA,NA,NA,NA,NA,NA,NA,NA,13635.4169921875,0.670700013637543,NA,""
9121,5243.62343781096,"0","0","1",41.7942,43.4767,8.57499980926514,9.14999961853027,30.5,768.059814453125,24.8999996185303,-5.09999990463257,30,11.6000003814697,15.1333332061768,17.8500003814697,-0.816666662693024,781,95,49,20.8232097625732,251,167,168,190,NA,NA,NA,NA,NA,NA,NA,NA,NA,NA,NA,NA,NA,14559.5830078125,0.72299998998642,NA,""
9125,4574.34348652181,"0","0","1",40.1408,44.8203,5.75416660308838,10.875,28.543306350708,958.47998046875,25.2999992370605,-12.8000001907349,38.0999984741211,9.33333301544189,-6.20000028610229,17.3333339691162,-6.20000028610229,444,75,19,46.7261085510254,191,64,85,64,NA,NA,NA,NA,NA,NA,NA,NA,NA,NA,NA,NA,NA,15589.8330078125,0.382999986410141,NA,""
9128,5133.51762003615,"0","0","1",39.8692,45.3622,7.70416688919067,10.6916666030884,26.5301895141602,1013.22271728516,28.2000007629395,-12.1000003814697,40.3000030517578,11.3166666030884,20.1000003814697,20.1000003814697,-4.86666679382324,432,66,20,41.2469177246094,177,74,74,74,NA,NA,NA,NA,NA,NA,NA,NA,NA,NA,NA,NA,NA,15371.6669921875,0.357699990272522,NA,""
9130,4803.00842871464,"0","0","1",39.8692,45.3622,7.70416688919067,10.6916666030884,26.5301895141602,1013.22271728516,28.2000007629395,-12.1000003814697,40.3000030517578,11.3166666030884,20.1000003814697,20.1000003814697,-4.86666679382324,432,66,20,41.2469177246094,177,74,74,74,NA,NA,NA,NA,NA,NA,NA,NA,NA,NA,NA,NA,NA,15371.6669921875,0.357699990272522,NA,""
9131,4650.4093106386,"0","0","1",39.8692,45.3622,7.70416688919067,10.6916666030884,26.5301895141602,1013.22271728516,28.2000007629395,-12.1000003814697,40.3000030517578,11.3166666030884,20.1000003814697,20.1000003814697,-4.86666679382324,432,66,20,41.2469177246094,177,74,74,74,NA,NA,NA,NA,NA,NA,NA,NA,NA,NA,NA,NA,NA,15371.6669921875,0.357699990272522,NA,""
9133,4509.14042169008,"0","0","1",39.8692,45.3622,7.70416688919067,10.6916666030884,26.5301895141602,1013.22271728516,28.2000007629395,-12.1000003814697,40.3000030517578,11.3166666030884,20.1000003814697,20.1000003814697,-4.86666679382324,432,66,20,41.2469177246094,177,74,74,74,NA,NA,NA,NA,NA,NA,NA,NA,NA,NA,NA,NA,NA,15371.6669921875,0.357699990272522,NA,""
9134,4743.47529015979,"0","0","1",39.8692,45.3622,7.70416688919067,10.6916666030884,26.5301895141602,1013.22271728516,28.2000007629395,-12.1000003814697,40.3000030517578,11.3166666030884,20.1000003814697,20.1000003814697,-4.86666679382324,432,66,20,41.2469177246094,177,74,74,74,NA,NA,NA,NA,NA,NA,NA,NA,NA,NA,NA,NA,NA,15371.6669921875,0.357699990272522,NA,""
9298,5084.67108612453,"0","0","1",55.9681,-3.21833,8.91250038146973,7.20833349227905,38.5472373962402,427.365753173828,19.5,0.800000011920929,18.7000007629395,9.36666679382324,5.65000009536743,14.466667175293,4.08333349227905,636,66,39,13.9029111862183,179,131,161,159,0.0851615890860558,1.41755139827728,6.3080267906189,17.8660717010498,20.998291015625,18.6950855255127,11.6052446365356,184.334655761719,2.3448543548584,40.3280601501465,5.4035964012146,53.3398742675781,25.6618347167969,8784.75,0.861299991607666,NA,""
9321,5331.3498239346,"0","0","1",62.8622,18.336,3.62916660308838,7.49166631698608,25.922721862793,762.5419921875,19.3999996185303,-9.5,28.8999996185303,4.01666641235352,1.94999992847443,13.6499996185303,-5.09999990463257,719,89,36,28.6088466644287,246,125,193,155,0.0766353085637093,1.1705629825592,4.95154857635498,10.086386680603,7.94158029556274,23.8803176879883,14.3880825042725,168.004745483398,2.90105295181274,30.8371295928955,4.48022079467773,71.7279510498047,20.3304672241211,9050.0830078125,1.12329995632172,37,"41.7 - 44.8 mg/kg"
9323,4540.96917589476,".","0","1",62.8622,18.336,3.62916660308838,7.49166631698608,25.922721862793,762.5419921875,19.3999996185303,-9.5,28.8999996185303,4.01666641235352,1.94999992847443,13.6499996185303,-5.09999990463257,719,89,36,28.6088466644287,246,125,193,155,0.0766353085637093,1.1705629825592,4.95154857635498,10.086386680603,7.94158029556274,23.8803176879883,14.3880825042725,168.004745483398,2.90105295181274,30.8371295928955,4.48022079467773,71.7279510498047,20.3304672241211,9050.0830078125,1.12329995632172,37,"41.7 - 44.8 mg/kg"
9332,4773.59443997415,"0","0","1",62.8698,18.381,3.71250009536743,7.50833320617676,25.9803924560547,766.506591796875,19.5,-9.39999961853027,28.8999996185303,4.08333349227905,2.08333349227905,13.7666664123535,-5.08333349227905,704,88,35,28.8287048339844,241,121,190,152,0.0818292871117592,1.16551387310028,7.40009164810181,11.3069190979004,8.81156063079834,23.5019493103027,20.7484817504883,179.820465087891,2.08543062210083,34.0634269714355,4.60879707336426,74.6960144042969,16.4924240112305,9046.6669921875,1.1007000207901,37,"41.7 - 44.8 mg/kg"
9336,4550.2799112558,".",".",".",62.8794,18.4473,4.01666688919067,7.25,25.528169631958,755.754699707031,19.3999996185303,-9,28.3999996185303,4.5,2.25,13.9333333969116,-4.61666679382324,679,84,35,28.6453514099121,232,117,184,146,NA,NA,NA,NA,7.28435039520264,NA,NA,NA,NA,NA,NA,73.5013122558594,19.2143402099609,9053.3330078125,1.07539999485016,36,"38.7 - 41.7 mg/kg"
9339,4790.56917991239,"0",".","1",57.7133,15.0689,5.33750009536743,7.625,28.7735843658447,695.286499023438,20.3999996185303,-6.09999990463257,26.5,13.1166667938232,-0.033333346247673,14.2666664123535,-2.73333334922791,687,77,36,23.080394744873,216,123,207,148,0.0782260373234749,1.16528654098511,0,13.1294202804565,5.8433051109314,22.8816432952881,13.6521615982056,118.408271789551,3.24000430107117,16.4665813446045,4.32450389862061,66.3671722412109,27.7895202636719,9682.5830078125,1.00829994678497,26,"18.6 - 20.1 mg/kg"
9343,4214.15748044302,".","0",".",57.3089,18.1512,NA,NA,NA,NA,NA,NA,NA,NA,NA,NA,NA,NA,NA,NA,NA,NA,NA,NA,NA,NA,NA,NA,NA,NA,NA,NA,NA,NA,NA,NA,NA,NA,NA,NA,NA,""
9352,4375.40012169685,"0",".","1",57.2608,16.3675,6.53333330154419,9.19999980926514,33.2129974365234,681.490112304688,22,-5.69999980926514,27.7000007629395,14.3499994277954,1.20000004768372,15.3833332061768,-1.33333337306976,574,65,36,20.0419006347656,178,111,171,133,0.0714350268244743,1.10767936706543,0,16.5389099121094,14.0030355453491,18.61696434021,10.6216888427734,69.5893096923828,2.46351265907288,27.5471057891846,5.01625490188599,68.7169952392578,17.2799682617188,9998.5,0.772499978542328,43,"64.6 - 69.5 mg/kg"
9353,4287.89429042027,"0","0","1",57.2608,16.3675,6.53333330154419,9.19999980926514,33.2129974365234,681.490112304688,22,-5.69999980926514,27.7000007629395,14.3499994277954,1.20000004768372,15.3833332061768,-1.33333337306976,574,65,36,20.0419006347656,178,111,171,133,0.0714350268244743,1.10767936706543,0,16.5389099121094,14.0030355453491,18.61696434021,10.6216888427734,69.5893096923828,2.46351265907288,27.5471057891846,5.01625490188599,68.7169952392578,17.2799682617188,9998.5,0.772499978542328,43,"64.6 - 69.5 mg/kg"
9363,5013.61481305976,"0","0","1",62.9147,18.4045,NA,NA,NA,NA,NA,NA,NA,NA,NA,NA,NA,NA,NA,NA,NA,NA,NA,NA,NA,0.0841308459639549,1.13305342197418,5.9364652633667,10.1879196166992,9.98636341094971,22.3743019104004,NA,126.168281555176,2.52125668525696,33.0193405151367,4.91225528717041,60.5253410339355,29.4882965087891,NA,NA,38,"44.8 - 48.2 mg/kg"
9369,5179.52220808666,"1","0","1",57.6781,14.9986,5.73750019073486,7.92500019073486,29.2435417175293,709.116333007812,21.1000003814697,-6,27.1000003814697,13.6000003814697,0.366666704416275,14.8166666030884,-2.56666660308838,650,74,33,24.1079978942871,207,112,198,138,0.0851203724741936,1.11746680736542,0,8.94159507751465,12.5522384643555,21.9856243133545,8.50984859466553,106.501182556152,2.26231169700623,21.1298580169678,4.68458604812622,50.6664123535156,36.7813491821289,9673.8330078125,0.917800009250641,25,"17.3 - 18.6 mg/kg"
9371,4928.05590084098,"0","0","0",63.016,18.3175,NA,NA,NA,NA,NA,NA,NA,NA,NA,NA,NA,NA,NA,NA,NA,NA,NA,NA,NA,NA,NA,NA,NA,8.96028232574463,NA,NA,NA,NA,NA,NA,72.0012817382812,19.0384368896484,NA,NA,35,"36.0 - 38.7 mg/kg"
9380,5981.3293545163,".",".","1",55.7488,13.3742,7.96250009536743,6.82499980926514,28.919490814209,644.681457519531,21.2999992370605,-2.29999995231628,23.5999984741211,8.58333301544189,2.83333325386047,16.1499996185303,0.483333349227905,667,70,36,21.3072814941406,204,122,179,157,0.0769472941756248,1.18685126304626,3.43039464950562,12.377649307251,10.7256441116333,11.9392356872559,6.74111413955688,136.806091308594,2.18888807296753,47.7846450805664,6.27104187011719,67.6279220581055,21.6464309692383,9844.4169921875,0.881900012493134,36,"38.7 - 41.7 mg/kg"
9381,4643.29446533295,"0","0","1",55.8106,14.2091,NA,NA,NA,NA,NA,NA,NA,NA,NA,NA,NA,NA,NA,NA,NA,NA,NA,NA,NA,NA,NA,NA,NA,11.0767440795898,NA,NA,NA,NA,NA,NA,68.3565292358398,20.5667266845703,NA,NA,NA,""
9382,5287.48308212889,"0","0","0",55.8106,14.2091,NA,NA,NA,NA,NA,NA,NA,NA,NA,NA,NA,NA,NA,NA,NA,NA,NA,NA,NA,NA,NA,NA,NA,11.0767440795898,NA,NA,NA,NA,NA,NA,68.3565292358398,20.5667266845703,NA,NA,NA,""
9383,4387.83880055428,"0",".","1",55.8106,14.2091,NA,NA,NA,NA,NA,NA,NA,NA,NA,NA,NA,NA,NA,NA,NA,NA,NA,NA,NA,NA,NA,NA,NA,11.0767440795898,NA,NA,NA,NA,NA,NA,68.3565292358398,20.5667266845703,NA,NA,NA,""
9386,3942.05176520772,"0","0","1",62.806,18.1896,3.9375,7.59166669845581,26.1781616210938,765.990539550781,19.7000007629395,-9.30000019073486,29,4.34999990463257,2.33333325386047,13.966667175293,-4.90000009536743,688,87,37,28.557918548584,236,121,185,146,NA,NA,NA,NA,6.17722272872925,NA,NA,NA,NA,NA,NA,77.8895721435547,15.9332046508789,9055.25,1.06659996509552,35,"36.0 - 38.7 mg/kg"
9388,5449.57814871834,"0","0","1",62.806,18.1896,3.9375,7.59166669845581,26.1781616210938,765.990539550781,19.7000007629395,-9.30000019073486,29,4.34999990463257,2.33333325386047,13.966667175293,-4.90000009536743,688,87,37,28.557918548584,236,121,185,146,NA,NA,NA,NA,6.17722272872925,NA,NA,NA,NA,NA,NA,77.8895721435547,15.9332046508789,9055.25,1.06659996509552,35,"36.0 - 38.7 mg/kg"
9390,5182.99465906574,"1","0",".",57.3263,15.8979,6.375,9.51666641235352,33.2750587463379,700.426818847656,22.6000003814697,-6,28.6000003814697,14.2666673660278,1.08333325386047,15.4166669845581,-1.81666672229767,560,62,32,21.7346439361572,180,104,173,118,0.0788650065660477,1.12026405334473,0,12.9119739532471,16.2879219055176,21.4201221466064,11.7870416641235,101.202621459961,2.22767901420593,19.8567810058594,4.43310260772705,60.4672622680664,23.2448120117188,9833.4169921875,0.766300022602081,34,"33.5 - 36.0 mg/kg"
9391,4584.93555867077,".","0",".",57.3263,15.8979,6.375,9.51666641235352,33.2750587463379,700.426818847656,22.6000003814697,-6,28.6000003814697,14.2666673660278,1.08333325386047,15.4166669845581,-1.81666672229767,560,62,32,21.7346439361572,180,104,173,118,0.0788650065660477,1.12026405334473,0,12.9119739532471,16.2879219055176,21.4201221466064,11.7870416641235,101.202621459961,2.22767901420593,19.8567810058594,4.43310260772705,60.4672622680664,23.2448120117188,9833.4169921875,0.766300022602081,34,"33.5 - 36.0 mg/kg"
9392,4789.64679273872,"1","0","0",57.3263,15.8979,6.375,9.51666641235352,33.2750587463379,700.426818847656,22.6000003814697,-6,28.6000003814697,14.2666673660278,1.08333325386047,15.4166669845581,-1.81666672229767,560,62,32,21.7346439361572,180,104,173,118,0.0788650065660477,1.12026405334473,0,12.9119739532471,16.2879219055176,21.4201221466064,11.7870416641235,101.202621459961,2.22767901420593,19.8567810058594,4.43310260772705,60.4672622680664,23.2448120117188,9833.4169921875,0.766300022602081,34,"33.5 - 36.0 mg/kg"
9394,4423.11340096252,"0","0","1",56.5804,16.4063,NA,NA,NA,NA,NA,NA,NA,NA,NA,NA,NA,NA,NA,NA,NA,NA,NA,NA,NA,NA,NA,NA,NA,14.7094373703003,NA,NA,NA,NA,NA,NA,66.434944152832,18.8556213378906,NA,NA,NA,""
9399,6492.29808566411,"0","0","0",55.4234,13.9905,7.9375,6.74166631698608,28.5663833618164,631.276184082031,21.2999992370605,-2.29999995231628,23.5999984741211,8.76666641235352,2.78333330154419,15.9666662216187,0.650000035762787,625,70,35,23.5490226745605,205,118,149,153,0.0772140622138977,1.42648434638977,10.3539638519287,13.2462282180786,14.0604562759399,11.3840627670288,6.88291311264038,138.103866577148,2.15308713912964,56.9460868835449,6.35575246810913,64.8122253417969,21.1273193359375,10084.1669921875,0.842100024223328,39,"48.2 - 51.9 mg/kg"
9402,5040.7181908663,"1","0","1",57.8765,14.8549,5.51666688919067,8.06666660308838,29.7662982940674,701.217529296875,20.7999992370605,-6.30000019073486,27.0999984741211,13.3000001907349,0.150000005960464,14.5,-2.68333339691162,632,72,32,23.5876197814941,200,112,191,132,0.0948328822851181,1.05610740184784,24.1381282806396,10.7750568389893,13.9892492294312,16.1931419372559,11.3090686798096,118.689147949219,2.51824927330017,23.8847579956055,5.1516432762146,52.1904449462891,33.8203048706055,9677,0.9064000248909,32,"28.9 - 31.1 mg/kg"
9404,5227.99994556817,".",".","1",55.7491,13.399,7.89583349227905,6.82500028610229,28.919490814209,642.730163574219,21.2000007629395,-2.40000009536743,23.6000003814697,8.55000019073486,2.76666665077209,16.0499992370605,0.416666656732559,674,70,37,20.5470275878906,205,125,181,158,0.0765921249985695,1.1416437625885,3.06690120697021,12.8812923431396,12.9534769058228,11.9537343978882,7.55563926696777,133.422256469727,1.76447975635529,46.8982200622559,6.21022081375122,64.8599166870117,22.1866073608398,9829.3330078125,0.896700024604797,36,"38.7 - 41.7 mg/kg"
9405,6150.08977333415,"1","0","1",55.7491,13.399,7.89583349227905,6.82500028610229,28.919490814209,642.730163574219,21.2000007629395,-2.40000009536743,23.6000003814697,8.55000019073486,2.76666665077209,16.0499992370605,0.416666656732559,674,70,37,20.5470275878906,205,125,181,158,0.0765921249985695,1.1416437625885,3.06690120697021,12.8812923431396,12.9534769058228,11.9537343978882,7.55563926696777,133.422256469727,1.76447975635529,46.8982200622559,6.21022081375122,64.8599166870117,22.1866073608398,9829.3330078125,0.896700024604797,36,"38.7 - 41.7 mg/kg"
9408,6082.48043460799,"1","0","1",56.047,13.9519,6.94999980926514,7.23333311080933,30.6497173309326,621.095092773438,20.6000003814697,-3,23.6000003814697,7.5,2.03333330154419,14.9166669845581,-0.233333304524422,725,73,43,18.7513542175293,215,140,193,177,0.0706279203295708,1.21609461307526,0.837289273738861,10.9691114425659,6.72931861877441,17.5193214416504,14.9555902481079,104.779472351074,2.40072274208069,20.5727596282959,4.24018669128418,62.3495483398438,30.9211349487305,9843.5,0.998300015926361,35,"36.0 - 38.7 mg/kg"
9409,4742.31795594657,"1","0","1",56.0573,14.302,7.42083358764648,7.55833339691162,31.1042537689209,638.412292480469,21.5,-2.79999995231628,24.2999992370605,14.7833337783813,2.38333344459534,15.6166667938232,0.0499999932944775,567,60,31,20.9152870178223,172,102,165,122,0.0782435834407806,1.4749995470047,12.823413848877,15.7861728668213,9.811448097229,17.9877910614014,6.96208429336548,123.596961975098,1.89743626117706,38.1335678100586,5.06881523132324,76.0842590332031,14.1042938232422,9875.75,0.768499970436096,37,"41.7 - 44.8 mg/kg"
9412,4951.43890961186,"0","0","1",57.2746,16.1494,6.41666650772095,9.35000038146973,32.922534942627,694.286193847656,22.3999996185303,-6,28.3999996185303,14.2666664123535,1.06666672229767,15.4166669845581,-1.63333332538605,565,62,33,21.0874652862549,177,105,171,124,0.0801469311118126,1.11858713626862,0,16.2794399261475,12.9291982650757,19.9591865539551,12.9860191345215,88.5809326171875,2.21184182167053,23.4409084320068,4.72326898574829,58.8372497558594,28.2335510253906,9939.75,0.746500015258789,39,"48.2 - 51.9 mg/kg"
9413,5962.79702868357,".",".","1",57.2746,16.1494,6.41666650772095,9.35000038146973,32.922534942627,694.286193847656,22.3999996185303,-6,28.3999996185303,14.2666664123535,1.06666672229767,15.4166669845581,-1.63333332538605,565,62,33,21.0874652862549,177,105,171,124,0.0801469311118126,1.11858713626862,0,16.2794399261475,12.9291982650757,19.9591865539551,12.9860191345215,88.5809326171875,2.21184182167053,23.4409084320068,4.72326898574829,58.8372497558594,28.2335510253906,9939.75,0.746500015258789,39,"48.2 - 51.9 mg/kg"
9416,5648.62969837444,"0","0","1",57.7215,18.3837,7.03333330154419,6.18333339691162,26.2005653381348,647.591125488281,20.3999996185303,-3.20000004768372,23.6000003814697,7.98333358764648,4.80000019073486,15.4499998092651,-0.233333334326744,511,56,25,25.8934173583984,160,90,134,109,NA,NA,NA,NA,18.187931060791,NA,NA,NA,NA,NA,NA,58.0458755493164,23.7661895751953,10425.5830078125,0.702300012111664,NA,""
9421,6617.19836923913,"1","0","0",55.9745,14.3997,NA,NA,NA,NA,NA,NA,NA,NA,NA,NA,NA,NA,NA,NA,NA,NA,NA,NA,NA,NA,NA,NA,NA,NA,NA,NA,NA,NA,NA,NA,NA,NA,NA,NA,NA,""
9427,4585.27898836563,"0","0","1",62.8815,18.4055,3.72083330154419,7.42500019073486,25.8710803985596,765.005798339844,19.3999996185303,-9.30000019073486,28.7000007629395,4.08333349227905,2.08333325386047,13.7666664123535,-5.05000019073486,707,88,35,28.753589630127,241,121,192,153,0.0733782574534416,1.10987877845764,3.0815634727478,10.247594833374,10.1173400878906,22.9411277770996,12.8498620986938,200.911102294922,1.81756973266602,31.1596660614014,4.48909521102905,61.8475151062012,28.0351409912109,9046.3330078125,1.09860002994537,37,"41.7 - 44.8 mg/kg"
9433,3701.42270986147,"0","0","1",62.9513,18.2763,3.40416669845581,7.99166631698608,26.4624729156494,798.155395507812,20,-10.1999998092651,30.2000007629395,3.66666674613953,2.04999995231628,13.8166666030884,-5.91666650772095,714,88,37,28.6592864990234,241,124,198,151,0.076114147901535,1.16061568260193,3.9406886100769,7.69286441802979,5.77393198013306,25.1354675292969,12.8575706481934,161.718612670898,1.638143658638,28.1932220458984,4.28416967391968,75.8123474121094,18.4137191772461,8986.6669921875,1.06980001926422,36,"38.7 - 41.7 mg/kg"
9436,5416.51659130805,"0","0","1",56.1633,14.6806,7.39583349227905,7.52500009536743,30.4655876159668,646.340942382812,21.5,-3.20000004768372,24.7000007629395,7.90000009536743,2.28333330154419,15.6999998092651,-0.100000023841858,611,64,35,20.1927299499512,185,115,170,140,NA,NA,NA,NA,9.93599319458008,NA,10.4797639846802,NA,NA,NA,NA,69.1673583984375,20.8966522216797,9924.25,0.838900029659271,35,"36.0 - 38.7 mg/kg"
9442,3237.53860729278,".","0","1",55.5678,14.3398,8.00833320617676,6.28333330154419,27.6798820495605,615.813720703125,21,-1.70000004768372,22.7000007629395,8.93333339691162,2.84999990463257,15.9166669845581,1.01666665077209,588,63,33,19.8723201751709,183,112,150,138,NA,NA,NA,NA,NA,NA,6.90975761413574,NA,NA,NA,NA,NA,NA,10053.5830078125,0.778999984264374,41,"55.8 - 60.0 mg/kg"
9451,3173.98936158731,"0","0","1",57.2545,18.2109,6.97083330154419,6.94166660308838,28.1039142608643,650.941467285156,20.8999996185303,-3.79999995231628,24.6999988555908,7.88333320617676,4.76666688919067,15.4499998092651,-0.283333301544189,528,59,28,23.5177898406982,168,94,135,113,0.0990992784500122,1.13428628444672,3.80081033706665,22.7227001190186,16.475061416626,17.5534706115723,10.1013431549072,109.780403137207,2.71545624732971,27.8595104217529,5.53618621826172,66.0462341308594,17.4787063598633,10375.9169921875,0.734099984169006,36,"38.7 - 41.7 mg/kg"
9452,4863.94375721235,"0","0","1",57.2545,18.2109,6.97083330154419,6.94166660308838,28.1039142608643,650.941467285156,20.8999996185303,-3.79999995231628,24.6999988555908,7.88333320617676,4.76666688919067,15.4499998092651,-0.283333301544189,528,59,28,23.5177898406982,168,94,135,113,0.0990992784500122,1.13428628444672,3.80081033706665,22.7227001190186,16.475061416626,17.5534706115723,10.1013431549072,109.780403137207,2.71545624732971,27.8595104217529,5.53618621826172,66.0462341308594,17.4787063598633,10375.9169921875,0.734099984169006,36,"38.7 - 41.7 mg/kg"
9453,4613.84605174366,".",".",".",57.8009,18.5162,6.86666679382324,6.23333311080933,26.1904754638672,653.060424804688,20.3999996185303,-3.40000009536743,23.7999992370605,4.09999990463257,9.03333377838135,15.3500003814697,-0.433333337306976,569,61,27,25.2876300811768,177,97,147,127,0.0780704244971275,1.10442042350769,1.96307361125946,22.9969348907471,11.3741970062256,21.0711326599121,5.41195487976074,104.262756347656,2.65864539146423,21.8582248687744,5.07551527023315,67.2900848388672,21.3357162475586,10392.5830078125,0.767000019550323,38,"44.8 - 48.2 mg/kg"
9454,4343.54190664946,".","0","1",57.8009,18.5162,6.86666679382324,6.23333311080933,26.1904754638672,653.060424804688,20.3999996185303,-3.40000009536743,23.7999992370605,4.09999990463257,9.03333377838135,15.3500003814697,-0.433333337306976,569,61,27,25.2876300811768,177,97,147,127,0.0780704244971275,1.10442042350769,1.96307361125946,22.9969348907471,11.3741970062256,21.0711326599121,5.41195487976074,104.262756347656,2.65864539146423,21.8582248687744,5.07551527023315,67.2900848388672,21.3357162475586,10392.5830078125,0.767000019550323,38,"44.8 - 48.2 mg/kg"
9455,4456.85460870938,"0","0","1",57.8009,18.5162,6.86666679382324,6.23333311080933,26.1904754638672,653.060424804688,20.3999996185303,-3.40000009536743,23.7999992370605,4.09999990463257,9.03333377838135,15.3500003814697,-0.433333337306976,569,61,27,25.2876300811768,177,97,147,127,0.0780704244971275,1.10442042350769,1.96307361125946,22.9969348907471,11.3741970062256,21.0711326599121,5.41195487976074,104.262756347656,2.65864539146423,21.8582248687744,5.07551527023315,67.2900848388672,21.3357162475586,10392.5830078125,0.767000019550323,38,"44.8 - 48.2 mg/kg"
9470,5438.80089155952,"0","0","0",57.6511,14.8043,5.38333320617676,7.81666660308838,29.2759037017822,688.61962890625,20.3999996185303,-6.30000019073486,26.7000007629395,13.0666666030884,0.0333332493901253,14.1999998092651,-2.65000009536743,694,77,37,21.8131980895996,213,123,204,153,0.0825751200318336,1.13417911529541,0,10.0228290557861,10.3070516586304,22.8401737213135,14.973406791687,119.066970825195,3.30739402770996,14.9491014480591,4.4434986114502,56.7327117919922,32.9602355957031,9685.1669921875,1.03649997711182,26,"18.6 - 20.1 mg/kg"
9476,3084.17019799327,"0","0","1",55.5796,14.3336,NA,NA,NA,NA,NA,NA,NA,NA,NA,NA,NA,NA,NA,NA,NA,NA,NA,NA,NA,NA,NA,NA,NA,12.9391946792603,NA,NA,NA,NA,NA,NA,64.1008605957031,22.9599456787109,NA,NA,41,"55.8 - 60.0 mg/kg"
9481,5191.43692198158,"0","0","1",55.4242,13.8484,NA,NA,NA,NA,NA,NA,NA,NA,NA,NA,NA,NA,NA,NA,NA,NA,NA,NA,NA,NA,NA,NA,NA,14.8530330657959,NA,NA,NA,NA,NA,NA,60.6270637512207,24.519905090332,NA,NA,NA,""
9506,3939.94478519612,"0","1","1",40.11,-7.47,13.1625003814697,8.77500057220459,35.5263137817383,578.580261230469,27.7000007629395,3,24.7000007629395,7.43333339691162,20.7000007629395,20.716667175293,6.75,1133,173,12,58.2655639648438,481,67,73,470,0.082733079791069,1.40678608417511,21.3500061035156,9.29219150543213,9.62351131439209,20.0722770690918,33.2203598022461,117.262519836426,2.94461297988892,11.2860107421875,5.49386644363403,65.6789321899414,24.6975555419922,16384.75,0.758800029754639,40,"51.9 - 55.8 mg/kg"
9507,3339.69784902361,"0",".","1",38.45,-7.5,16.0499992370605,12.2333335876465,45.8177261352539,513.092224121094,31.6000003814697,4.90000009536743,26.7000007629395,10.9666662216187,22.3666667938232,22.7333335876465,10.1166667938232,565,90,4,58.7127647399902,240,29,34,225,0.0731500759720802,1.40017020702362,28.2637825012207,10.1630258560181,19.4869899749756,10.0303773880005,25.225025177002,211.158447265625,1.4101654291153,14.7483987808228,6.52734851837158,49.4319839477539,31.0810241699219,17056.916015625,0.334600001573563,49,"100 - 108 mg/kg"
9508,3960.95018044978,"0","0",".",40.04,-7.11,14.1708335876465,9.35833358764648,36.5559883117676,590.725524902344,29.1000003814697,3.5,25.6000003814697,8.36666679382324,21.8666667938232,21.9166660308838,7.63333320617676,869,130,10,56.7413444519043,368,53,59,348,0.073271669447422,1.48061907291412,13.9039268493652,12.4384813308716,18.4458312988281,13.8148736953735,32.8536796569824,193.804122924805,2.7570641040802,16.3785209655762,5.99793243408203,49.3884696960449,32.1656951904297,16524.083984375,0.538900017738342,39,"48.2 - 51.9 mg/kg"
9509,4964.25135341992,"0","0","0",39.29,-7.4,14.9250001907349,8.94999980926514,36.3821144104004,564.444641113281,29.7999992370605,5.19999980926514,24.5999984741211,9.66666698455811,22.2000007629395,22.5166664123535,8.76666641235352,745,111,7,56.9449806213379,314,45,49,297,0.0925118550658226,1.13010764122009,31.1186294555664,10.0392436981201,12.5411539077759,12.3329133987427,21.1063575744629,367.28271484375,2.58111357688904,25.4644870758057,5.99553346633911,50.8528671264648,36.6059799194336,16836.416015625,0.45210000872612,31,"26.9 - 28.9 mg/kg"
9510,3603.58398867142,"0","1","1",38.75,-7.59,14.7291669845581,10.1750001907349,41.0282287597656,524.16796875,29.5,4.69999980926514,24.7999992370605,9.69999980926514,21.3166675567627,21.6666660308838,8.85000038146973,698,106,6,57.4052581787109,291,39,43,278,0.0810650959610939,1.4004875421524,51.9296531677246,9.48549461364746,13.7066135406494,13.5609741210938,27.5672550201416,253.98388671875,2.35547232627869,19.0082511901855,6.12206411361694,54.1557922363281,32.1375961303711,17029.916015625,0.420199990272522,50,"108 - 116 mg/kg"
9511,3605.7874718293,"0","0","1",38.53,-8.02,16.0375003814697,11.4250001907349,44.455249786377,500.9814453125,31.2000007629395,5.5,25.7000007629395,11.0666666030884,22.216667175293,22.533332824707,10.25,625,102,4,61.1247291564941,274,29,36,260,0.0577685199677944,1.49934041500092,10.1149749755859,9.79396057128906,10.5649385452271,12.848804473877,23.4475440979004,240.511734008789,1.80737924575806,14.196141242981,5.89045524597168,55.3720970153809,34.0629653930664,16996.666015625,0.385600000619888,58,"193 - 208 mg/kg"
9512,3638.73460823215,"0","1","1",38.22,-7.84,16.2416667938232,11.9499998092651,44.5895538330078,525.105346679688,32.2000007629395,5.40000009536743,26.8000011444092,11.1333332061768,22.7999992370605,23.1000003814697,10.2666664123535,590,99,3,61.3029861450195,256,27,32,244,0.0774275586009026,1.39912927150726,68.9902572631836,12.7528476715088,19.5380592346191,10.9935216903687,20.7824039459229,170.42236328125,1.30771112442017,22.0657997131348,7.04000186920166,44.2863845825195,36.1755561828613,17095.333984375,0.353100001811981,54,"144 - 155 mg/kg"
9513,4199.9687595318,"0","0","1",38.77,-4.07,14.8125,13.3416662216187,39.3559494018555,726.182800292969,34.5,0.600000023841858,33.9000015258789,10.3500003814697,24.0833339691162,24.3000011444092,6.58333349227905,439,62,6,46.3287773132324,162,37,42,150,0.101105630397797,1.32385098934174,185.951919555664,15.4028797149658,30.1870536804199,8.50492286682129,14.8256788253784,246.669677734375,1.41963529586792,12.8076372146606,7.7039623260498,39.8989791870117,29.9139709472656,16573.666015625,0.266999989748001,57,"180 - 193 mg/kg"
9514,3835.25852763108,"0","0","1",39.15,-4.54,14.2291669845581,11.4416666030884,37.2692718505859,678.820678710938,32,1.29999995231628,30.7000007629395,10.25,22.966667175293,23.0666656494141,6.54999971389771,461,64,7,46.0799789428711,170,39,43,157,0.0946949794888496,1.35643804073334,126.532730102539,10.9201736450195,21.2558212280273,10.6634149551392,24.0167827606201,340.536834716797,1.9702662229538,22.2961406707764,6.55140113830566,44.3689804077148,34.3751983642578,16660.833984375,0.292199999094009,17,"9.66 - 10.4 mg/kg"
9515,3165.07123284514,"0","1","1",39.72,-6.89,16.6124992370605,10.7749996185303,39.1818161010742,601.434387207031,32.5,5,27.5,10.5333337783813,24.3500003814697,24.3666667938232,9.76666641235352,598,87,5,55.3294410705566,249,35,42,226,0.0758345648646355,1.34036934375763,39.1749877929688,8.87681007385254,14.7328472137451,12.1358833312988,30.1307048797607,245.356353759766,1.491583943367,10.4898748397827,6.06034421920776,47.4337997436523,37.8333511352539,16635.166015625,0.357300013303757,35,"36.0 - 38.7 mg/kg"
9517,4458.7577590358,"0",".","1",42.19,-7.8,12.8249998092651,10.6666660308838,43.0107536315918,500.983123779297,27,2.20000004768372,24.7999992370605,7.76666688919067,18.9833335876465,19.3333339691162,6.96666669845581,1724,251,33,49.264591217041,683,146,176,664,0.0795771852135658,1.11074340343475,46.5184020996094,9.39535617828369,9.74046230316162,11.5735530853271,19.00172996521,173.041610717773,1.53572511672974,36.3652496337891,5.7098388671875,59.1414337158203,31.1181030273438,13750.8330078125,1.47839999198914,25,"17.3 - 18.6 mg/kg"
9518,4346.89336258873,"0","0","1",39.88,-0.36,12.625,12.4833335876465,41.890380859375,624.53076171875,29.7000007629395,-0.100000001490116,29.8000011444092,14.1166667938232,6.5,20.783332824707,5.71666669845581,447,56,22,29.4124240875244,143,82,92,91,0.109074041247368,1.14075803756714,78.0643157958984,15.7139253616333,29.2841720581055,12.7024669647217,24.4965839385986,169.740142822266,1.95343124866486,21.8968715667725,6.53509283065796,30.6836090087891,40.0322189331055,15959.4169921875,0.310499995946884,39,"48.2 - 51.9 mg/kg"
9519,4286.53942403861,"0","0","1",41.94,2.64,13.7041664123535,10.1750001907349,38.9846725463867,570.272888183594,27.6000003814697,1.5,26.1000003814697,14.5666666030884,20.966667175293,21.0166664123535,7.23333311080933,786,89,38,21.8339538574219,240,159,177,178,0.100133709609509,0.985694169998169,125.637130737305,10.2708148956299,20.7649936676025,14.7097444534302,21.9546718597412,293.293243408203,1.62496018409729,13.5802755355835,6.62158584594727,42.5998153686523,36.6351928710938,14585.3330078125,0.601599991321564,47,"86.5 - 93.1 mg/kg"
9520,5539.7478013636,"0","0","0",41.7,-3.68,11.7708330154419,11.9583330154419,39.7286834716797,653.314819335938,29.2999992370605,-0.800000011920929,30.0999984741211,13.716667175293,20.0666656494141,20.2000007629395,4.28333330154419,375,43,12,29.7452640533447,116,56,64,104,0.0809971243143082,1.42715048789978,36.9814224243164,8.89560031890869,16.1335163116455,9.1497631072998,15.9814052581787,154.771133422852,1.20702993869781,19.2502346038818,6.5383448600769,54.3519096374512,29.5145721435547,14821.0830078125,0.278800010681152,32,"28.9 - 31.1 mg/kg"
9521,5007.77254941485,"0","0","1",41.43,2.13,14.7916669845581,8.73333358764648,36.2378959655762,562.291687011719,27.8999996185303,3.79999995231628,24.1000003814697,15.7666664123535,9.13333320617676,22.1499996185303,8.53333377838135,688,84,31,26.890832901001,231,140,173,143,0.0988092571496964,0.953523576259613,166.275390625,14.9125175476074,39.7819328308105,12.9374904632568,17.4883403778076,217.506301879883,3.01767826080322,33.7434692382812,6.58410596847534,18.8584136962891,41.3596534729004,14985.5,0.508199989795685,41,"55.8 - 60.0 mg/kg"
9522,4641.89273480711,"0","0","1",36.52,-5.27,16.6166667938232,8.58333301544189,39.5545349121094,466.896606445312,28.7999992370605,7.09999990463257,21.6999988555908,12.3333330154419,22.4166660308838,22.8333339691162,11.3666667938232,680,127,1,75.7480087280273,339,15,22,314,0.106077633798122,1.42241048812866,126.228233337402,11.8940162658691,14.9313640594482,13.6091089248657,23.1020565032959,227.494735717773,1.74610388278961,11.2075958251953,5.98017883300781,55.6925926208496,29.3760452270508,17516.75,0.431400001049042,58,"193 - 208 mg/kg"
9523,3922.71156710002,"0","0","1",38.37,-2.66,14.595832824707,13.5416660308838,39.8284301757812,735.203918457031,34.5,0.5,34,10.25,24.0666656494141,24.2666664123535,6.40000009536743,395,52,6,45.9603385925293,145,33,36,131,0.103613756597042,1.30378103256226,383.247955322266,17.6964912414551,27.4437122344971,11.8096361160278,17.3830375671387,327.623107910156,1.26411807537079,15.4515447616577,7.95055055618286,30.4126892089844,42.1436004638672,16689.083984375,0.228499993681908,47,"86.5 - 93.1 mg/kg"
9524,5040.70693470786,"0","0","1",42.52,-0.56,10.4791669845581,9.99166679382324,37.4219741821289,600.860961914062,26.2999992370605,-0.400000005960464,26.6999988555908,7.28333330154419,18.3333339691162,18.3333339691162,3.76666665077209,758,81,36,21.5107364654541,227,140,140,203,0.119696207344532,1.33863043785095,228.321258544922,23.1347904205322,24.9326286315918,15.4926567077637,20.9729385375977,151.247375488281,3.85603713989258,5.59446811676025,6.91421556472778,35.0278167724609,40.0395545959473,14663,0.597800016403198,38,"44.8 - 48.2 mg/kg"
9525,5607.510381769,"0","0","1",42.49,0.54,7.69999980926514,10.9166669845581,38.7115821838379,617.553833007812,24,-4.19999980926514,28.2000007629395,4.76666641235352,15.8166666030884,15.8166666030884,0.816666662693024,1027,110,57,18.5019874572754,303,216,216,253,0.124436713755131,1.00464987754822,56.3052101135254,18.3413009643555,16.9262657165527,16.8992156982422,27.3514385223389,126.781669616699,3.70413064956665,11.9971160888672,5.53834342956543,55.1943168640137,27.8794174194336,14977.1669921875,0.85970002412796,51,"116 - 125 mg/kg"
9526,4763.54392195482,"0","0","1",41.54,2.39,14.6499996185303,9.25,37.9098358154297,553.800903320312,27.7999992370605,3.40000009536743,24.3999996185303,15.6499996185303,21.7000007629395,21.8999996185303,8.51666641235352,716,89,31,25.315954208374,239,138,171,161,0.0971807986497879,1.05228364467621,131.857711791992,12.260425567627,29.0706577301025,13.7111911773682,25.2586345672607,400.289581298828,2.47021198272705,31.5525074005127,6.82083988189697,23.8375701904297,47.0917739868164,14889.25,0.528500020503998,44,"69.5 - 74.8 mg/kg"
9527,4267.43797393743,".","0","1",40.37,-5.74,10.4916667938232,9.36666679382324,36.0256423950195,596.774780273438,25.6000003814697,-0.400000005960464,26,4.71666669845581,18.3333339691162,18.3333339691162,3.81666660308838,793,112,15,47.8897705078125,307,68,68,297,0.101281046867371,1.06001794338226,27.2978286743164,17.0999908447266,19.0305004119873,10.852728843689,17.1883373260498,135.526885986328,1.11496472358704,15.4618711471558,6.19667673110962,42.6053009033203,38.3641967773438,16250.25,0.591300010681152,14,"7.76 - 8.35 mg/kg"
9528,3858.60114263239,"0",".","1",40.94,-1.37,10.7583332061768,13.6833333969116,42.4948234558105,654.973388671875,29.5,-2.70000004768372,32.2000007629395,12.5833339691162,4.36666679382324,19.2999992370605,3.41666674613953,462,74,22,39.7586326599121,177,72,123,84,0.107072368264198,1.3564738035202,185.140075683594,25.0839252471924,21.6069355010986,15.0548124313354,24.5119075775146,228.13818359375,1.63149964809418,22.9139728546143,6.87240934371948,47.8858413696289,30.5072250366211,15501.0830078125,0.325800001621246,31,"26.9 - 28.9 mg/kg"
9529,3855.39447585166,"0","1","1",36.97,-3.36,11.5166664123535,12.9166669845581,40.4911155700684,667.33642578125,30.2000007629395,-1.70000004768372,31.9000015258789,5.11666631698608,20.25,20.25,4.06666660308838,568,74,6,52.2170867919922,215,37,37,209,0.114506974816322,1.36038947105408,21.2865219116211,16.8792343139648,25.9397945404053,13.0792036056519,32.0151710510254,237.45751953125,2.72909545898438,25.2014389038086,6.35033798217773,33.1416168212891,40.918586730957,17068.666015625,0.38960000872612,46,"80.4 - 86.5 mg/kg"
9530,3693.93028657876,"0",".","1",38.25,-4.32,14.5666666030884,12.9499998092651,39.7239265441895,687.017028808594,33.7000007629395,1.10000002384186,32.6000022888184,7.66666698455811,23.5,23.5166664123535,6.86666679382324,532,78,6,52.4402542114258,209,36,38,194,0.0862435549497604,1.08382606506348,24.8721809387207,11.9867753982544,17.8201808929443,11.615122795105,22.4055957794189,334.770751953125,1.88557159900665,37.2620582580566,6.40256452560425,41.8474731445312,40.3323440551758,16714.833984375,0.317099988460541,41,"55.8 - 60.0 mg/kg"
9531,4865.97440491614,"0","0","1",41.21,-4.54,11.8333330154419,12.1999998092651,40.6666679382324,641.373962402344,29.3999996185303,-0.600000023841858,30,8.01666641235352,19.9166660308838,20.0833320617676,4.43333339691162,391,48,13,33.3145294189453,126,59,65,108,0.0653810203075409,1.29798376560211,40.8620681762695,6.66971397399902,6.94841194152832,13.5576810836792,22.8067932128906,182.163421630859,1.0371241569519,12.1798753738403,6.89936256408691,72.7824478149414,20.2691421508789,15361,0.28549998998642,57,"180 - 193 mg/kg"
9532,4463.73487861702,"0","0","1",42.23,-4.64,11.6166667938232,11.3666667938232,39.4675941467285,620.506896972656,28.5,-0.300000011920929,28.7999992370605,8.03333282470703,19.5666675567627,19.5833339691162,4.5,451,54,18,31.8093090057373,144,59,81,126,0.0922734662890434,1.35462272167206,62.8925819396973,13.4717617034912,23.984489440918,7.84753227233887,10.8095855712891,197.719940185547,1.37194299697876,15.4683799743652,7.70063591003418,35.3572540283203,40.6582565307617,14644.8330078125,0.347299993038177,30,"25.0 - 26.9 mg/kg"
9533,5489.2462474039,"0","0","1",41.15,-4.32,11.6583337783813,11.4499998092651,38.6824340820312,658.17529296875,29,-0.600000023841858,29.6000003814697,7.76666688919067,20,20.1499996185303,4.09999990463257,406,52,15,32.4295272827148,129,62,68,111,0.0677689388394356,1.42757332324982,27.5403671264648,6.01571130752563,8.5362720489502,12.8186025619507,23.2480716705322,168.224685668945,1.36245083808899,10.137318611145,6.06412506103516,67.3108978271484,24.15283203125,15316.1669921875,0.298000007867813,57,"180 - 193 mg/kg"
9534,4427.19749838361,"0","0","0",40.05,-4.65,15.3208332061768,11.8249998092651,38.7704925537109,658.667602539062,32.7999992370605,2.29999995231628,30.5,11.4166669845581,23.75,23.8500003814697,7.79999971389771,324,39,8,37.177806854248,111,38,42,98,0.0896921008825302,1.39375638961792,51.1623573303223,14.4462814331055,25.4322261810303,9.49629878997803,14.7712736129761,338.800384521484,1.82232773303986,26.9345607757568,7.31149005889893,44.1644058227539,30.4033660888672,16261.1669921875,0.207800000905991,30,"25.0 - 26.9 mg/kg"
9535,4949.17101994848,"0","0","1",42.31,3.19,14.6499996185303,8.64999961853027,35.7438011169434,561.074462890625,27.8999996185303,3.70000004768372,24.1999988555908,15.4666662216187,21.8999996185303,21.8999996185303,8.39999961853027,558,79,16,32.3105049133301,192,93,93,133,0.113234527409077,1.00834703445435,147.991470336914,12.6812505722046,28.8811779022217,13.0279655456543,22.3555335998535,188.290649414062,2.3486659526825,14.0106201171875,7.02754259109497,25.0458679199219,46.0729522705078,14629.25,0.393400013446808,50,"108 - 116 mg/kg"
9536,4321.43197146871,"0","0","1",40.83,-2,11,13.4333333969116,42.6455039978027,643.940307617188,29.2999992370605,-2.20000004768372,31.5,7.29999971389771,19.2666664123535,19.3999996185303,3.81666660308838,518,63,19,33.4135208129883,174,78,81,138,0.0883930400013924,1.19094693660736,60.2906036376953,11.3243494033813,13.3993253707886,13.9567785263062,27.99875831604,220.145111083984,1.34623432159424,26.639310836792,6.64040756225586,53.9846458435059,32.6160278320312,15557,0.369199991226196,52,"125 - 134 mg/kg"
9537,4346.58464911573,"0","0","1",38.07,-6.66,15.029167175293,12.2083330154419,40.8305473327637,616.472595214844,32.7000007629395,2.79999995231628,29.9000015258789,9.03333377838135,22.9500007629395,23.1333332061768,8.11666679382324,658,106,5,60.8276405334473,289,35,37,267,0.0897286459803581,1.44111299514771,144.379455566406,22.0347194671631,16.8823204040527,11.2145481109619,21.5203533172607,375.337127685547,4.20469522476196,19.3229370117188,7.06054258346558,42.3778686523438,40.7398109436035,17298.75,0.385399997234344,45,"74.8 - 80.4 mg/kg"
9539,4196.20594959426,"0","0","0",40.29,-6.67,11.7208337783813,8.74166679382324,36.8846702575684,546.61962890625,25.2000007629395,1.5,23.7000007629395,6.46666669845581,18.9333343505859,18.9333343505859,5.58333349227905,935,140,12,55.0819206237793,389,66,66,374,0.0808265581727028,1.13322961330414,15.4916343688965,10.4868049621582,13.3632316589355,12.0012216567993,24.081600189209,380.280029296875,1.32214462757111,0.641176700592041,5.90677976608276,52.8503150939941,33.7864532470703,16232.25,0.676800012588501,24,"16.1 - 17.3 mg/kg"
9540,4749.65399708772,"0","0","1",41.81,2.34,10.404167175293,9.09166717529297,35.6535949707031,588.659729003906,24.7000007629395,-0.800000011920929,25.5,11.3500003814697,4.43333339691162,18.0833339691162,3.90000009536743,871,97,51,19.5951843261719,254,176,208,186,0.10965284705162,1.04249012470245,35.3371047973633,21.6249446868896,14.7615480422974,14.3658885955811,27.7895088195801,280.285186767578,1.41747462749481,21.7517280578613,6.45650625228882,55.082592010498,30.1558609008789,15084.5830078125,0.712199985980988,43,"64.6 - 69.5 mg/kg"
9541,4445.73807801813,"0","0","1",38.26,-5.42,15.0083332061768,13.2333335876465,40.843620300293,662.882263183594,34,1.60000002384186,32.4000015258789,8.35000038146973,23.5499992370605,23.6333332061768,7.5,635,101,5,59.3532638549805,276,36,38,250,0.0801848173141479,1.41395473480225,11.8861236572266,13.0645866394043,16.5191955566406,9.72566318511963,24.305721282959,239.921295166016,1.35490584373474,23.7702026367188,6.65031623840332,53.4145355224609,30.0662689208984,16852.583984375,0.362399995326996,44,"69.5 - 74.8 mg/kg"
9542,5102.07209702548,"0","0","1",40.79,-4.05,6.84166669845581,7.11666679382324,29.4077129364014,626.12744140625,21.6000003814697,-2.59999990463257,24.2000007629395,1.35000014305115,15.3166666030884,15.3166666030884,0.383333384990692,1169,161,24,46.0205574035645,442,112,112,380,0.106124669313431,1.10645985603333,27.4569416046143,18.480339050293,16.1225681304932,13.0790424346924,31.9536247253418,133.935699462891,2.63028597831726,25.5087795257568,6.20416402816772,42.1784210205078,41.6990127563477,15483.25,1.00999999046326,60,"224 - 241 mg/kg"
9543,4584.12404839285,"0","0","1",36.77,-5.39,12.625,10.1499996185303,37.3161735534668,592.642395019531,28.6000003814697,1.39999997615814,27.2000007629395,7.11666679382324,20.283332824707,20.5,6.03333330154419,864,129,3,68.6150817871094,382,27,31,377,0.107608482241631,1.07702434062958,117.313766479492,18.2418689727783,15.5660171508789,13.3400621414185,33.9434585571289,141.246673583984,2.93813610076904,2.00883674621582,6.41031932830811,54.0839004516602,30.3500823974609,17517.5,0.553099989891052,59,"208 - 224 mg/kg"
9544,3724.27282361061,"0","0","1",39.4,-5.33,14.3291664123535,11.3249998092651,38.5204086303711,637.956481933594,31.2999992370605,1.89999997615814,29.3999996185303,7.91666650772095,22.6499996185303,22.6499996185303,7.15000009536743,530,72,6,49.640380859375,203,39,39,195,0.0912741348147392,1.39017117023468,68.277702331543,12.2814817428589,16.4923496246338,10.5405921936035,23.6924877166748,369.698425292969,1.63742733001709,27.9337768554688,6.64542055130005,41.6394195556641,41.8682327270508,16634.666015625,0.33390000462532,38,"44.8 - 48.2 mg/kg"
9545,4008.83991481841,"0",".","1",39.4,-5.78,14.7916669845581,11.466667175293,38.0952377319336,652.640930175781,32.4000015258789,2.29999995231628,30.1000022888184,8.31666660308838,23.3666667938232,23.3666667938232,7.51666641235352,597,87,6,53.4510116577148,244,41,41,230,0.0794424191117287,1.43378078937531,43.1668472290039,11.1851348876953,14.3600654602051,10.587851524353,21.9429206848145,258.2001953125,2.01901626586914,24.4379119873047,6.41671133041382,42.3961639404297,43.2437705993652,16641.416015625,0.356400012969971,37,"41.7 - 44.8 mg/kg"
9546,5143.00071856601,"0","0","1",40.82,-1.68,10.0874996185303,14.2583332061768,43.7372169494629,654.38427734375,29.2000007629395,-3.40000009536743,32.6000022888184,11.8000001907349,18.5166664123535,18.6666660308838,2.85000014305115,543,76,27,30.3281307220459,184,101,113,124,0.108594506978989,1.01813817024231,111.122367858887,15.4646863937378,22.2317028045654,13.6959972381592,26.2722148895264,189.558471679688,1.66963195800781,19.6720218658447,6.58947467803955,51.2543144226074,26.5139846801758,15494.9169921875,0.383399993181229,42,"60.0 - 64.6 mg/kg"
9547,3620.59617694379,"0","0",".",41.67,2.62,13.0458335876465,8.94166660308838,36.7969818115234,557.198547363281,26.2999992370605,2,24.2999992370605,14.0166664123535,20.1833324432373,20.3666667938232,6.95000028610229,813,94,37,22.7894020080566,257,161,188,184,0.102751441299915,1.02956140041351,51.9148559570312,12.0687026977539,21.1487503051758,14.298680305481,24.118143081665,558.008117675781,2.25852584838867,17.6640663146973,6.03136014938354,34.2773895263672,44.573860168457,14871.1669921875,0.62720000743866,47,"86.5 - 93.1 mg/kg"
9548,3794.87728729918,"0","1","1",40.4,-5,9.375,9.66666698455811,35.5392150878906,633.207946777344,25.3999996185303,-1.79999995231628,27.1999988555908,5.90000009536743,17.7333335876465,17.7333335876465,2.43333339691162,652,82,18,38.9695587158203,229,73,73,206,0.100565396249294,1.05289232730865,112.796501159668,14.6707773208618,21.7837905883789,11.3414096832275,26.9890975952148,134.216186523438,1.22995173931122,17.4987125396729,6.60181903839111,48.4041976928711,29.81201171875,16060.25,0.496100008487701,30,"25.0 - 26.9 mg/kg"
9549,4809.2652606978,"0","0","1",42.23,-3.69,11.1666669845581,11.5833330154419,39.9425277709961,627.373046875,28.2999992370605,-0.699999988079071,29,12.8166666030884,19.2333335876465,19.2333335876465,4.04999971389771,467,55,19,28.6926078796387,143,73,81,131,0.0899601653218269,1.36573159694672,167.387664794922,17.4212169647217,24.427038192749,9.95492553710938,13.3250551223755,201.057678222656,1.50605356693268,20.0222301483154,7.56158304214478,39.8749465942383,35.6980133056641,14445.9169921875,0.369100004434586,44,"69.5 - 74.8 mg/kg"
9550,5208.58193989058,"0","0","1",43.05,-5.37,5.84583330154419,8.05833339691162,32.6248321533203,605.044921875,20.7999992370605,-3.90000009536743,24.6999988555908,0.233333304524422,13.75,13.75,-0.850000023841858,1217,143,51,30.6411972045898,411,181,181,387,0.110221616923809,1.00632274150848,16.1246395111084,15.1167058944702,24.8458786010742,13.8322134017944,27.1455078125,90.5629196166992,6.22007942199707,26.8290176391602,6.16480398178101,29.2845153808594,45.8696060180664,13816.0830078125,1.24240005016327,38,"44.8 - 48.2 mg/kg"
9551,4267.98064251045,"0","0","1",42.28,-5.92,11.7541666030884,11.3583335876465,39.1666641235352,624.4287109375,28.6000003814697,-0.400000005960464,29,5.31666660308838,19.8500003814697,19.8500003814697,4.61666679382324,716,93,25,36.9274482727051,258,93,93,244,0.0747623592615128,1.4521746635437,0,6.5724949836731,15.7120990753174,9.87419986724854,16.7569408416748,131.675445556641,1.28354060649872,15.7894687652588,6.28621435165405,45.4049835205078,38.8829193115234,14735.6669921875,0.53329998254776,37,"41.7 - 44.8 mg/kg"
9552,5046.88083708559,"0","0","1",40.87,-4.5,11.1208333969116,10.7583332061768,37.485481262207,643.384033203125,27.7999992370605,-0.899999976158142,28.6999988555908,12.9333333969116,19.3500003814697,19.466667175293,3.83333325386047,392,49,16,31.1355686187744,126,63,69,99,0.0773062184453011,1.46773731708527,53.6466255187988,17.2833271026611,10.6587600708008,13.2204189300537,23.8083992004395,209.719985961914,1.37411081790924,17.1367416381836,6.9339599609375,61.8155708312988,27.5256652832031,15608.4169921875,0.289299994707108,54,"144 - 155 mg/kg"
9553,4338.15581156106,"0","0","0",41.58,-4.71,12.3208332061768,11.8249998092651,39.8148155212402,639.006530761719,29.7000007629395,0,29.7000007629395,5.56666660308838,20.4166679382324,20.5,4.93333339691162,424,50,17,32.6992301940918,140,64,71,123,0.0803742185235023,1.04944086074829,16.5711708068848,12.6384220123291,11.6371288299561,10.1657199859619,21.8998641967773,244.874206542969,1.16097605228424,24.0882225036621,7.37527751922607,64.8246002197266,23.5382690429688,15195.1669921875,0.307799994945526,39,"48.2 - 51.9 mg/kg"
9554,4415.45425732663,"0","0","1",38.86,-3.16,14.5583333969116,13.8333330154419,39.8655128479004,746.217224121094,34.9000015258789,0.200000002980232,34.7000007629395,9.98333358764648,24.1333332061768,24.4166660308838,6.25,422,57,7,44.7214012145996,154,38,43,139,0.0826295092701912,1.41056394577026,38.1771011352539,12.9164323806763,16.7778759002686,9.83667945861816,22.6410255432129,323.352966308594,1.35271227359772,17.2371196746826,6.80432176589966,40.9531478881836,42.2689743041992,16494.75,0.252700001001358,40,"51.9 - 55.8 mg/kg"
9555,4719.23168617887,"0","0","1",39.58,-3.93,12.9291667938232,11.2250003814697,35.7484092712402,716.048034667969,31.2999992370605,-0.100000001490116,31.3999996185303,8.64999961853027,22.2333335876465,22.4166660308838,5.01666688919067,484,62,10,41.3462448120117,170,49,58,150,0.0798231810331345,1.47341454029083,43.8470840454102,10.3781042098999,23.3085060119629,11.7353410720825,32.0539474487305,215.566558837891,1.33346569538116,6.60867404937744,6.58981895446777,38.200511932373,38.4909820556641,16454,0.312099993228912,33,"31.1 - 33.5 mg/kg"
9556,3736.43722738079,"0",".","0",39.66,-4.34,14.533332824707,12.3500003814697,38.235294342041,704.551208496094,33.2999992370605,1,32.2999992370605,10.2666664123535,23.6166667938232,23.783332824707,6.63333320617676,415,51,10,38.4855651855469,142,46,54,123,0.0812129229307175,1.20553684234619,92.3101119995117,10.5709857940674,11.7601270675659,10.90944480896,21.2419319152832,256.966125488281,1.22552597522736,19.0105571746826,6.86724090576172,63.8517303466797,24.3881454467773,16286.1669921875,0.259700000286102,35,"36.0 - 38.7 mg/kg"
9557,5026.98340518546,"0","0","1",42.46,0.7,9.16250038146973,10.7250003814697,38.5791358947754,609.873779296875,25.1000003814697,-2.70000004768372,27.8000011444092,6.23333311080933,2.96666669845581,17.2000007629395,2.36666655540466,1006,106,60,17.2940769195557,286,212,227,230,0.121553085744381,1.02833104133606,49.9118232727051,20.5282459259033,22.3022785186768,14.8000392913818,14.8953723907471,216.613677978516,3.75089597702026,11.4839477539062,6.43602228164673,44.5702667236328,33.1274566650391,14862.75,0.813799977302551,48,"93.1 - 100 mg/kg"
9558,5232.86672248758,"0","0","1",41.57,-5.64,12.5958337783813,11.5583333969116,40.5555572509766,604.808227539062,29,0.5,28.5,6.30000019073486,20.2999992370605,20.3333339691162,5.61666679382324,598,77,16,40.3231430053711,216,68,71,212,0.0841100364923477,1.36635363101959,38.7611923217773,11.7737493515015,22.8656673431396,7.87463903427124,14.4986400604248,219.893325805664,1.51274788379669,29.6686325073242,7.37337017059326,49.5813255310059,27.5530090332031,15269.75,0.435900002717972,47,"86.5 - 93.1 mg/kg"
9559,4950.82335415355,"0","0",".",38.06,-4.38,17.1833324432373,13.1000003814697,40.6832275390625,674.881591796875,35.7000007629395,3.5,32.2000007629395,10.1999998092651,25.8500003814697,25.8500003814697,9.46666622161865,490,77,4,57.3146553039551,208,30,30,186,0.107358664274216,1.30817806720734,161.222045898438,12.0657510757446,28.3591461181641,10.1017217636108,14.1692295074463,257.573608398438,1.40397047996521,13.9861221313477,6.77926349639893,36.621223449707,35.0196304321289,16687.916015625,0.282000005245209,48,"93.1 - 100 mg/kg"
9560,4736.02592325443,"0","0","1",38.19,-6.24,15.5749998092651,13.3333330154419,41.536865234375,655.842651367188,34.5,2.40000009536743,32.0999984741211,9.06666660308838,24.033332824707,24.1166667938232,8.16666698455811,637,105,5,60.9300842285156,283,35,39,258,0.0732203274965286,1.39804172515869,0,10.4435234069824,14.484169960022,9.69799327850342,20.9905681610107,243.479568481445,1.85275685787201,18.3841247558594,6.41564893722534,49.3396530151367,36.1761779785156,17086.416015625,0.364399999380112,38,"44.8 - 48.2 mg/kg"
9561,4258.39878915177,"0","0","0",40.71,-5.04,10.8083333969116,10.716667175293,36.9540214538574,646.64111328125,28.1000003814697,-0.899999976158142,29,7.09999990463257,19.2333335876465,19.2666664123535,3.65000009536743,469,54,16,33.6812324523926,154,64,74,135,0.105184122920036,1.38750827312469,86.5225296020508,10.9498767852783,22.7350444793701,10.6223888397217,27.511848449707,251.484130859375,2.41786694526672,33.9438285827637,6.35784864425659,48.1368865966797,29.1280670166016,15854.0830078125,0.339300006628036,40,"51.9 - 55.8 mg/kg"
9562,4803.32036020682,"0","0","1",41.67,2,11.2708330154419,9.27500057220459,36.0894927978516,592.239440917969,25.7000007629395,0,25.7000007629395,16.4333324432373,5.28333330154419,19.0166664123535,4.73333311080933,803,92,47,21.4333801269531,234,154,203,159,0.113464668393135,1.01276409626007,119.37718963623,16.4777336120605,21.0437698364258,13.8291864395142,28.5448837280273,359.051513671875,1.8634968996048,6.81532382965088,6.02748680114746,39.4720649719238,39.4841651916504,15273.6669921875,0.619899988174438,37,"41.7 - 44.8 mg/kg"
9564,5788.78846041968,"0","0","1",40.45,-1.6,9.60000038146973,13.4833335876465,42.0041542053223,658.196594238281,28.5,-3.59999990463257,32.0999984741211,11.3666667938232,3.14999985694885,18.283332824707,2.31666660308838,535,74,28,29.1107273101807,180,103,115,120,0.100315414369106,1.16325533390045,218.790740966797,21.1096973419189,23.7647972106934,12.5742292404175,28.2337265014648,151.906921386719,1.5068883895874,26.1336421966553,7.3113694190979,48.4214172363281,27.8137817382812,15721.3330078125,0.398499995470047,35,"36.0 - 38.7 mg/kg"
9565,5446.12349262153,"1","0","1",42.97,-1.23,10.5249996185303,8.88333320617676,37.168758392334,524.267883300781,24.2999992370605,0.400000005960464,23.8999996185303,5.53333330154419,17.4500007629395,17.4500007629395,4.58333349227905,1003,107,50,22.5475120544434,305,174,174,286,0.119121603667736,1.02835416793823,43.3799476623535,17.6829872131348,25.7074871063232,12.8116664886475,17.9728717803955,170.636016845703,6.20394277572632,20.7052974700928,6.04475164413452,34.3000564575195,39.9924545288086,13493.8330078125,0.891300022602081,47,"86.5 - 93.1 mg/kg"
9567,4997.74126000626,"0","0",".",42.34,1.3,8.60000038146973,10.1000003814697,37.2693710327148,613.440368652344,24.1000003814697,-3,27.1000003814697,9.78333377838135,2.40000009536743,16.6499996185303,1.81666672229767,926,104,60,18.2953681945801,271,187,217,199,0.126510918140411,0.991009712219238,62.0069618225098,21.9485340118408,26.1113262176514,14.7625074386597,22.6724052429199,158.326400756836,2.51035928726196,29.1540126800537,5.96393871307373,32.872444152832,41.016227722168,15075.5830078125,0.754299998283386,32,"28.9 - 31.1 mg/kg"
9568,4825.62369668016,"0","0","1",42.76,-0.23,4.6875,9.92500019073486,34.9471855163574,652.377197265625,21.3999996185303,-7,28.3999996185303,1.73333334922791,13.2166662216187,13.2166662216187,-2.66666674613953,1196,127,62,19.96364402771,353,220,220,324,0.10932382196188,1.06816530227661,43.857307434082,15.3349800109863,20.3017063140869,13.4529180526733,29.8460083007812,193.360733032227,3.52861642837524,25.8297729492188,6.2373833656311,40.0531463623047,39.645149230957,14284.5830078125,1.09660005569458,44,"69.5 - 74.8 mg/kg"
9569,4629.52590937173,"0","0","1",42.87,-6.45,10.154167175293,9.95833301544189,39.6746368408203,554.180236816406,24.5,-0.600000023841858,25.1000003814697,7.11666679382324,17.2333335876465,17.2333335876465,3.75,1082,136,38,37.396354675293,391,134,134,348,0.116728015244007,1.08679473400116,46.6497039794922,11.921407699585,12.2792129516602,13.5043773651123,23.253791809082,166.596893310547,2.70270419120789,27.2754001617432,5.67469787597656,62.0423202514648,25.678466796875,13739.75,1.00039994716644,29,"23.2 - 25.0 mg/kg"
9571,4662.64423902947,"0","0","1",43.28,-6.01,11.5083332061768,8.71666717529297,42.3139190673828,445.103820800781,22.7999992370605,2.20000004768372,20.5999984741211,9.33333301544189,17.0499992370605,17.283332824707,6.45000028610229,1011,109,48,27.0055389404297,313,159,161,294,0.110242463648319,1.06048119068146,57.9585266113281,16.0410671234131,22.5582809448242,12.6117172241211,29.4380130767822,114.116600036621,5.44288635253906,15.6591386795044,6.06691980361938,38.2841148376465,39.1576042175293,12631,1.02849996089935,40,"51.9 - 55.8 mg/kg"
9573,3814.00235598421,"0","0","1",41.86,2.99,13.6458330154419,9.125,37.2448997497559,556.859924316406,26.7999992370605,2.29999995231628,24.5,14.5833330154419,20.7666664123535,20.8333339691162,7.41666650772095,698,86,27,25.6710624694824,224,133,156,160,0.109779715538025,1.089998960495,66.4696426391602,14.0643110275269,27.6127319335938,13.5355138778687,30.3943061828613,363.94189453125,2.67825198173523,27.160623550415,6.25655221939087,34.9487609863281,37.4385070800781,14670,0.540600001811981,49,"100 - 108 mg/kg"
9574,2993.00656238818,"0","1","1",38.6,-2.7,13.1500005722046,13.5500001907349,39.1618499755859,752.818969726562,33.7000007629395,-0.899999976158142,34.6000022888184,8.66666698455811,22.9166679382324,23.1499996185303,4.90000009536743,459,60,8,43.8621025085449,163,41,47,152,0.0922135934233665,1.46260297298431,95.3032608032227,11.1220026016235,12.4848213195801,12.5070266723633,25.7480850219727,257.971313476562,1.42856800556183,6.96726512908936,6.66916656494141,56.8046646118164,30.7105102539062,16680.75,0.274599999189377,46,"80.4 - 86.5 mg/kg"
9576,4077.4715672222,"0",".","1",40.86,-4.11,10.4125003814697,9.44166660308838,34.2089385986328,664.390075683594,26.3999996185303,-1.20000004768372,27.6000003814697,6.59999990463257,18.966667175293,19.0499992370605,2.86666655540466,510,63,20,32.9874305725098,165,71,81,136,0.0855553224682808,1.07623708248138,45.2182121276855,12.5669822692871,15.8746013641357,12.8499889373779,23.7220516204834,229.979385375977,1.82258486747742,18.2639770507812,6.10212278366089,58.3322677612305,25.7931289672852,15550,0.383300006389618,61,"241 - 259 mg/kg"
9577,5313.52672672177,"0","0",".",42.34,2.17,9.09166717529297,9.53333377838135,37.3856201171875,577.749694824219,23.2000007629395,-2.29999995231628,25.5,10.3666667938232,3.16666650772095,16.5666675567627,2.63333320617676,913,106,58,18.6645164489746,270,184,218,193,0.120523765683174,1.07437539100647,59.2793197631836,15.1284170150757,19.2289333343506,12.9584398269653,20.961784362793,162.976669311523,3.31471514701843,19.0228614807129,6.19166135787964,45.2048416137695,35.5662231445312,14801.8330078125,0.757700026035309,39,"48.2 - 51.9 mg/kg"
9578,4525.48335212634,"0","0","1",42.13,-6.7,9.90416717529297,9.94166660308838,37.8010139465332,585.108581542969,25,-1.29999995231628,26.2999992370605,4.09999990463257,17.4500007629395,17.4500007629395,3.25,976,136,28,43.6888999938965,374,107,107,355,0.0910339653491974,1.15855610370636,0,11.1455526351929,13.8155746459961,12.2456855773926,22.3410816192627,136.133865356445,1.97867834568024,19.038818359375,6.33750152587891,51.174201965332,35.0102233886719,14789.1669921875,0.820800006389618,22,"13.9 - 15.0 mg/kg"
9579,4184.43348212774,"0","1","1",38.33,-3.51,14.9833335876465,13.1000003814697,39.3393402099609,717.192504882812,34.5,1.20000004768372,33.2999992370605,10.7166662216187,24.2333335876465,24.3999996185303,6.98333358764648,423,60,5,49.0964736938477,159,31,35,149,0.092098705470562,1.13072443008423,13.4478607177734,14.2057428359985,20.2333660125732,12.3778209686279,25.8958339691162,368.768432617188,1.64544904232025,29.7758502960205,6.67702388763428,42.8808059692383,36.8858261108398,16741,0.245900005102158,44,"69.5 - 74.8 mg/kg"
9581,4544.39025680413,"0","0","1",42.84,-5.12,10.3000001907349,9.68333339691162,37.2435874938965,582.248779296875,25.1000003814697,-0.899999976158142,26,4.34999990463257,17.7333335876465,17.75,3.58333325386047,685,80,30,29.0368251800537,223,108,110,210,0.106063760817051,1.24514198303223,2.99281048774719,13.3359632492065,24.3461589813232,11.8224058151245,20.0732250213623,156.695571899414,1.66438722610474,12.2111854553223,6.51599168777466,35.9037322998047,39.7501068115234,14069.25,0.607800006866455,35,"36.0 - 38.7 mg/kg"
9582,4355.8897211888,"0","0","1",41.48,-1.63,11.5791664123535,12.2916669845581,40.9722213745117,634.512878417969,29.1000003814697,-0.899999976158142,30,13.2333335876465,5.34999990463257,19.783332824707,4.43333339691162,425,62,26,30.3408679962158,151,80,100,92,0.0918701589107513,1.41235077381134,140.895843505859,12.596170425415,19.392297744751,11.4797372817993,24.6127433776855,177.56217956543,0.844030141830444,10.1980619430542,6.68018293380737,36.80810546875,43.7995986938477,15296.6669921875,0.288800001144409,23,"15.0 - 16.1 mg/kg"
9583,5121.86507315288,"0","0","1",37.09,-3.38,4.59999990463257,11.6499996185303,34.0643272399902,775.766479492188,25.6000003814697,-8.60000038146973,34.2000007629395,-2.66666674613953,14.6666669845581,14.8666667938232,-4.01666688919067,932,118,14,49.5668869018555,346,69,75,340,0.107609145343304,1.24779951572418,52.3443183898926,16.0757732391357,25.6177730560303,13.2019901275635,37.4204711914062,201.919967651367,5.98788261413574,27.1437664031982,6.28583765029907,29.7964248657227,44.5858001708984,17288,0.783900022506714,46,"80.4 - 86.5 mg/kg"
9584,5255.30085394026,"0","0","0",41.19,-3.58,10.0541667938232,10.6083335876465,36.8344917297363,657.493347167969,26.8999996185303,-1.89999997615814,28.7999992370605,6.34999990463257,18.5499992370605,18.5833339691162,2.61666655540466,491,58,18,31.7388076782227,157,70,77,134,0.113506719470024,1.39689946174622,35.0703735351562,19.1497497558594,31.1014366149902,10.137170791626,23.4685859680176,247.782897949219,2.07522368431091,29.826545715332,6.39197492599487,29.2378311157227,39.6607322692871,15155.75,0.381099998950958,49,"100 - 108 mg/kg"
9585,4338.1130849055,"0","0","1",43.4,-7.39,12.3333330154419,8.86666679382324,45.7044715881348,393.419342041016,23.2999992370605,3.90000009536743,19.3999996185303,8.63333320617676,17.1666660308838,17.5,7.90000009536743,1269,163,40,38.514575958252,455,143,174,437,0.0950601175427437,1.10551011562347,0,12.2824468612671,11.7014417648315,13.5879373550415,27.3427696228027,123.030113220215,2.56384706497192,24.1176700592041,5.46700096130371,49.550178527832,38.7483787536621,12475.75,1.27810001373291,16,"8.98 - 9.66 mg/kg"
9586,4839.73054432062,"0","0","1",41.03,-3.27,11.0666666030884,10.6999998092651,36.7697601318359,659.436157226562,28.1000003814697,-1,29.1000003814697,7.31666660308838,19.6333332061768,19.7000007629395,3.71666669845581,414,49,15,32.1737174987793,134,61,65,109,0.0892554000020027,1.17318916320801,109.760887145996,10.326210975647,13.0648965835571,12.329381942749,25.4426860809326,155.863220214844,1.30479264259338,6.30861902236938,6.62676286697388,52.7729034423828,34.1622009277344,15331.4169921875,0.307799994945526,53,"134 - 144 mg/kg"
9587,4085.39689049333,"0","0","1",41.5,-1.88,11.6083335876465,12.6333332061768,41.4207649230957,636.923828125,29.3999996185303,-1.10000002384186,30.5,13.25,19.8333339691162,19.8500003814697,4.44999980926514,426,59,23,28.6274261474609,146,78,92,100,0.0803510993719101,1.42651867866516,146.070129394531,9.43879222869873,16.904806137085,10.6671667098999,31.7629623413086,194.980117797852,1.04028487205505,6.720383644104,7.01164388656616,52.5258865356445,30.5693054199219,15179.25,0.294900000095367,28,"21.6 - 23.2 mg/kg"
9588,4648.00537145968,"0","0","1",42.11,0.6,11.7916669845581,10.7166662216187,36.7009124755859,649.863037109375,28.6000003814697,-0.600000023841858,29.2000007629395,13.1666669845581,5.19999980926514,20.3333339691162,4.38333320617676,708,76,37,22.1108322143555,214,137,163,152,0.118416108191013,1.14743649959564,271.810211181641,19.4379062652588,21.553638458252,15.8412742614746,18.180835723877,180.934829711914,3.11404371261597,6.35282564163208,7.28634405136108,43.4824371337891,34.9639282226562,15277,0.501399993896484,41,"55.8 - 60.0 mg/kg"
9589,4120.83000495116,"0",".","1",41.6,-2.83,10.7249994277954,12.1833333969116,40.3421630859375,649.382568359375,28.2999992370605,-1.89999997615814,30.1999988555908,12.4499998092651,19.1000003814697,19.1333332061768,3.38333344459534,436,51,18,26.9394931793213,136,69,81,117,0.082116574048996,1.38815462589264,155.055709838867,14.6581373214722,21.5500717163086,8.10737991333008,23.3657627105713,150.66032409668,1.21517419815063,6.89099550247192,7.86505746841431,49.4531860351562,28.9967422485352,14876.9169921875,0.330900013446808,15,"8.35 - 8.98 mg/kg"
9590,3948.33105102771,"0","1","1",43.37,-5.49,12.7083330154419,8.31666660308838,41.792293548584,433.583557128906,23.1000003814697,3.20000004768372,19.8999996185303,10.5666666030884,18.0833339691162,18.283332824707,7.66666650772095,918,98,49,25.0293560028076,282,151,156,264,0.104291900992393,0.998014092445374,0,13.185417175293,23.5308990478516,9.74592113494873,15.7659797668457,268.577087402344,2.81936192512512,37.1838722229004,5.73057317733765,42.5204696655273,33.9486312866211,12363.75,0.937799990177155,41,"55.8 - 60.0 mg/kg"
9591,5045.98353446108,"0","0","1",42.86,-3.59,11.0249996185303,10.2333335876465,41.2634391784668,533.7666015625,25.5,0.699999988079071,24.7999992370605,5.71666669845581,17.9500007629395,17.9500007629395,5,777,84,39,25.7465019226074,242,131,131,221,0.119707994163036,1.05684626102448,138.900772094727,15.2611522674561,18.7250595092773,14.0249843597412,21.0471611022949,173.479095458984,3.70759534835815,17.586332321167,7.16687822341919,49.8107986450195,31.4641418457031,13497.9169921875,0.684400022029877,35,"36.0 - 38.7 mg/kg"
9593,4656.20844834294,"0","0","1",42.26,-2.99,7.02916669845581,9.80833339691162,37.1527786254883,600.490173339844,22.7999992370605,-3.59999990463257,26.3999996185303,8.31666660308838,14.8499994277954,14.8499994277954,0.333333373069763,786,92,35,27.6053524017334,237,124,124,224,0.109842948615551,0.993690371513367,49.5437889099121,17.6478881835938,21.1026706695557,13.3361473083496,22.6020812988281,153.700424194336,2.11801362037659,12.272575378418,6.3530125617981,43.0691146850586,35.8282165527344,14244.0830078125,0.721800029277802,35,"36.0 - 38.7 mg/kg"
9594,3594.26227105691,"0","0","1",42.04,1.01,10.0249996185303,10.6000003814697,37.4558334350586,632.496826171875,26.2999992370605,-2,28.2999992370605,11.25,3.66666674613953,18.3333339691162,2.95000004768372,790,89,47,20.9654350280762,232,152,187,163,0.120759829878807,1.32076239585876,176.717880249023,31.2118225097656,15.6047916412354,13.5112724304199,22.4464683532715,231.521148681641,2.84462761878967,29.3976345062256,6.75485181808472,52.4373168945312,31.957893371582,15273.1669921875,0.594099998474121,40,"51.9 - 55.8 mg/kg"
9595,3357.30351117189,".","0","1",40.89,-5.5,12.2375001907349,12.0916662216187,40.440357208252,630.28173828125,29.7999992370605,-0.100000001490116,29.8999996185303,5.65000009536743,20.216667175293,20.3500003814697,5.01666688919067,428,50,13,34.7579383850098,142,57,63,131,0.0758104771375656,1.41901910305023,NA,NA,16.6458797454834,NA,17.5878086090088,NA,NA,NA,NA,58.6597442626953,24.6943740844727,15749.8330078125,0.303900003433228,45,"74.8 - 80.4 mg/kg"
9596,3998.83248532715,"0","0","1",41.95,-7.45,13.1499996185303,10.4166660308838,42.8669395446777,497.767730712891,26.8999996185303,2.59999990463257,24.2999992370605,8.14999961853027,19.4166660308838,19.6000003814697,7.43333339691162,1930,296,35,53.9757385253906,813,146,189,790,0.103275492787361,1.05036306381226,19.5277900695801,5.42481803894043,15.2803640365601,13.8517580032349,27.2343692779541,201.160659790039,2.19638848304749,31.2822933197021,5.72449731826782,46.8808898925781,37.8387451171875,14307.0830078125,1.5048999786377,30,"25.0 - 26.9 mg/kg"
9597,5117.58878295805,"0","0","0",42.31,-2.53,11.3458337783813,10.8916664123535,40.3395042419434,585.093078613281,27,0,27,12.9333333969116,18.8166656494141,18.8166656494141,4.59999990463257,459,58,23,27.5717334747314,156,81,81,114,0.0902882441878319,1.04667448997498,332.303924560547,17.563268661499,19.9127712249756,11.2452936172485,11.865406036377,252.585418701172,1.51491630077362,17.7599430084229,7.99414920806885,37.5776062011719,42.5096206665039,14069.3330078125,0.372200012207031,30,"25.0 - 26.9 mg/kg"
9598,4175.9936424454,"0","0","1",41.88,-6.51,12.0500001907349,10.9499998092651,39.2473106384277,590.107849121094,28,0.100000001490116,27.8999996185303,6.08333349227905,19.6499996185303,19.6499996185303,5.31666660308838,797,118,20,47.7745552062988,316,80,80,307,0.081850104033947,1.09797167778015,1.37468957901001,4.63154458999634,14.4675073623657,13.9852523803711,19.2795581817627,113.460990905762,1.297776222229,19.2768650054932,5.44940137863159,41.8926582336426,43.639835357666,15036.5,0.595300018787384,30,"25.0 - 26.9 mg/kg"
9599,4147.66886094231,"0","1","1",42.8,-5.77,9.92083358764648,10.4750003814697,38.3699607849121,601.6396484375,25.7000007629395,-1.60000002384186,27.3000011444092,3.86666679382324,17.7000007629395,17.7000007629395,3.06666660308838,847,101,37,30.1356639862061,288,129,129,270,0.10015344619751,1.01067161560059,25.6574020385742,10.2332963943481,18.9553127288818,11.6817321777344,20.6732273101807,121.291381835938,1.61106181144714,43.2821769714355,6.15340948104858,50.3742599487305,30.6704254150391,14228.0830078125,0.739700019359589,35,"36.0 - 38.7 mg/kg"
9600,3514.79027471675,"0","0","1",39.85,-6.04,15.7624998092651,10.4583339691162,37.2182693481445,624.824035644531,31.8999996185303,3.79999995231628,28.1000003814697,9.43333339691162,23.8500003814697,23.8500003814697,8.64999961853027,522,76,6,52.452449798584,215,40,40,199,0.0860712826251984,1.34312760829926,28.9200630187988,13.3485746383667,15.3552398681641,12.0376062393188,25.7790069580078,311.182922363281,1.73154187202454,13.9012823104858,6.91853332519531,52.1674270629883,32.4773330688477,16571.583984375,0.320199996232986,53,"134 - 144 mg/kg"
9601,4575.0708984624,"0","0","1",41.85,-1.88,10.783332824707,11.9166669845581,40.8105010986328,613.534240722656,28.1000003814697,-1.10000002384186,29.2000007629395,12.1499996185303,18.8166656494141,18.8166656494141,3.93333315849304,491,65,28,27.095386505127,169,91,91,117,0.106750287115574,1.27658677101135,375.270324707031,17.4222068786621,27.490306854248,11.3225660324097,14.9062204360962,255.36686706543,1.06120681762695,23.3982944488525,8.10759353637695,28.7418518066406,43.7678413391113,14719.5,0.369300007820129,32,"28.9 - 31.1 mg/kg"
9602,4439.50964680598,"0","1","0",40.5,-3.96,14.095832824707,11.5249996185303,37.7868843078613,680.028259277344,31.7000007629395,1.20000004768372,30.5,10.033332824707,22.9833335876465,22.9833335876465,6.43333339691162,374,45,12,35.5654716491699,128,53,53,105,0.0976560860872269,1.17537379264832,67.4095993041992,14.7116374969482,26.533224105835,9.20282173156738,15.9497318267822,271.762786865234,1.34860348701477,14.6888561248779,7.25485515594482,45.0535316467285,28.4132461547852,15860,0.243300005793571,62,"259 - 279 mg/kg"
9606,4975.91281074245,"0","0","1",31.48,-7.45,14.0666666030884,11.75,39.0365447998047,638.105590820312,30.6000003814697,0.5,30.1000003814697,9.86666679382324,22.1166667938232,22.216667175293,6.55000019073486,497,72,3,58.1099014282227,196,23,27,164,NA,NA,NA,NA,NA,NA,NA,NA,NA,NA,NA,NA,NA,18786.416015625,0.259400010108948,NA,""
9607,5179.91285667508,"0","0","1",53.05,52.15,4.37083339691162,9.65833377838135,22.566198348999,1234.26916503906,26.2000007629395,-16.6000003814697,42.8000030517578,18.966667175293,-3.43333339691162,18.966667175293,-10.9499998092651,534,62,28,24.5721759796143,170,94,170,121,NA,NA,NA,NA,NA,NA,NA,NA,NA,NA,NA,NA,NA,11353.4169921875,0.543699979782104,NA,""
9609,3760.14483892722,"0","0","1",51.41,59.98,1.86666667461395,11.4499998092651,24.1561183929443,1379.0400390625,26.1000003814697,-21.2999992370605,47.4000015258789,18.0499992370605,-14.25,18.0499992370605,-15.25,316,46,15,35.2759017944336,119,49,119,54,NA,NA,NA,NA,NA,NA,NA,NA,NA,NA,NA,NA,NA,13024.3330078125,0.301899999380112,NA,""
9611,5378.5365527651,"0","0","1",53.04,51.9,4.56666660308838,9.96666622161865,22.8070182800293,1252.97338867188,26.8999996185303,-16.7999992370605,43.6999969482422,19.3166656494141,-3.68333339691162,19.3166656494141,-10.7666664123535,530,61,28,24.1582794189453,164,93,164,122,NA,NA,NA,NA,NA,NA,NA,NA,NA,NA,NA,NA,NA,11367.4169921875,0.535700023174286,NA,""
9612,4720.49290331405,"0","0","1",53.04,51.94,4.50416660308838,9.80833339691162,22.6520404815674,1244.13256835938,26.7000007629395,-16.6000003814697,43.3000030517578,19.2000007629395,-3.66666650772095,19.2000007629395,-10.6999998092651,532,62,27,24.7311744689941,166,92,166,122,NA,NA,NA,NA,NA,NA,NA,NA,NA,NA,NA,NA,NA,11364.4169921875,0.543099999427795,NA,""
9613,4840.2371857356,"0","0","0",55.36,61.41,2.99166679382324,9.21666622161865,22.2624797821045,1215.77111816406,24,-17.3999996185303,41.4000015258789,17.5166664123535,-10.1000003814697,17.5166664123535,-12.216667175293,436,86,13,56.9166603088379,199,48,199,58,NA,NA,NA,NA,NA,NA,NA,NA,NA,NA,NA,NA,NA,11214.4169921875,0.507799983024597,NA,""
9616,5182.97203602198,"0","0","1",53.06,51.96,4.42916679382324,9.72500038146973,22.5638046264648,1239.24548339844,26.5,-16.6000003814697,43.0999984741211,19.0666656494141,-3.68333339691162,19.0666656494141,-10.7333335876465,536,63,28,25.0254764556885,169,94,169,122,NA,NA,NA,NA,NA,NA,NA,NA,NA,NA,NA,NA,NA,11358.8330078125,0.546800017356873,NA,""
9617,4509.83279299217,"0","0",".",51.37,59.44,2.68333315849304,11.1833333969116,23.5935306549072,1390.46813964844,27,-20.3999996185303,47.4000015258789,19.0166664123535,-13.5,19.0166664123535,-14.6499996185303,319,45,16,31.3570232391357,116,53,116,59,NA,NA,NA,NA,NA,NA,NA,NA,NA,NA,NA,NA,NA,13019.4169921875,0.298000007867813,NA,""
9619,5912.17486954965,"0","0","1",51.84,79.48,2.90833330154419,11.3499994277954,23.9957714080811,1375.19067382812,27.2999992370605,-20,47.2999992370605,19.2666664123535,-12.8166666030884,19.2666664123535,-14.0666666030884,302,54,11,45.389404296875,125,43,125,51,NA,NA,NA,NA,NA,NA,NA,NA,NA,NA,NA,NA,NA,12837.1669921875,0.275299996137619,NA,""
9620,5018.58466673935,"0","0","1",51.82,79.48,2.88333344459534,11.25,23.8853492736816,1369.16088867188,27.2000007629395,-19.8999996185303,47.0999984741211,19.1833343505859,-12.7666664123535,19.1833343505859,-14,303,54,11,45.0199813842773,125,44,125,52,NA,NA,NA,NA,NA,NA,NA,NA,NA,NA,NA,NA,NA,12832.8330078125,0.277900010347366,NA,""
9621,5693.13791632649,"0","0","1",51.84,79.46,2.95000004768372,11.3166666030884,23.9252986907959,1373.77551269531,27.3999996185303,-19.8999996185303,47.2999992370605,19.2999992370605,-12.75,19.2999992370605,-14,300,54,10,46.2993049621582,125,42,125,50,NA,NA,NA,NA,NA,NA,NA,NA,NA,NA,NA,NA,NA,12848,0.272700011730194,NA,""
9625,4988.98542697832,"0","0","1",51.31,82.59,2.70000004768372,11.7333335876465,27.4785327911377,1168.14343261719,25,-17.7000007629395,42.7000007629395,15.1833333969116,-10.5666666030884,16.7999992370605,-11.3333339691162,603,77,27,27.7460765838623,196,94,191,114,NA,NA,NA,NA,NA,NA,NA,NA,NA,NA,NA,NA,NA,13199.8330078125,0.604200005531311,NA,""
9626,5158.75225001743,"0","0","1",51.36,82.59,2.79583334922791,11.5083332061768,27.1422958374023,1164.66625976562,24.7999992370605,-17.6000003814697,42.4000015258789,15.25,-10.4499998092651,16.8500003814697,-11.1666669845581,597,77,27,28.7530708312988,198,92,192,111,NA,NA,NA,NA,NA,NA,NA,NA,NA,NA,NA,NA,NA,13206.3330078125,0.59909999370575,NA,""
9627,5400.9261186958,"0","0","1",51.32,82.55,2.72916674613953,11.9583330154419,27.6173973083496,1186.25170898438,25.2000007629395,-18.1000003814697,43.3000030517578,15.3833341598511,-10.75,16.9833335876465,-11.6000003814697,619,77,29,26.5682621002197,198,99,192,119,NA,NA,NA,NA,NA,NA,NA,NA,NA,NA,NA,NA,NA,13112,0.618099987506866,NA,""
9628,5367.99118782757,"0","0","1",51.33,82.54,2.6875,12.0749998092651,27.694953918457,1194.63024902344,25.2999992370605,-18.2999992370605,43.5999984741211,15.4166660308838,-10.9166660308838,17.0166664123535,-11.783332824707,617,77,29,25.9609680175781,196,100,190,120,NA,NA,NA,NA,NA,NA,NA,NA,NA,NA,NA,NA,NA,13110.25,0.614400029182434,NA,""
9629,4757.94844446457,"0","0",".",51.35,82.18,3,11.6333332061768,26.6208992004395,1214.59680175781,25.7000007629395,-18,43.7000007629395,16,-10.8833332061768,17.6333332061768,-11.6499996185303,597,74,28,24.4110240936279,185,102,180,123,NA,NA,NA,NA,NA,NA,NA,NA,NA,NA,NA,NA,NA,13181.8330078125,0.592999994754791,NA,""
9630,4627.53129351032,"0","0","1",51.34,82.16,2.85416674613953,11.6916666030884,26.7543849945068,1213.98193359375,25.6000003814697,-18.1000003814697,43.7000007629395,15.8500003814697,-11.0166664123535,17.466667175293,-11.7666664123535,596,74,28,24.5553512573242,185,101,180,121,NA,NA,NA,NA,NA,NA,NA,NA,NA,NA,NA,NA,NA,13190.0830078125,0.591600000858307,NA,""
9631,4821.37190499471,"0","0","1",51.65,80.79,2.72500014305115,10.5666666030884,23.1218090057373,1330.65856933594,26.2999992370605,-19.3999996185303,45.6999969482422,18.5666656494141,-12.6333332061768,18.5666656494141,-13.6666660308838,328,60,12,46.0506973266602,132,47,132,54,NA,NA,NA,NA,NA,NA,NA,NA,NA,NA,NA,NA,NA,13127.1669921875,0.319499999284744,NA,""
9634,4580.88344142056,"0","0","1",54.13,81.31,1.22083330154419,10.3416662216187,22.4331150054932,1340.19580078125,24.8999996185303,-21.2000007629395,46.0999984741211,17.25,-13.6499996185303,17.25,-15.3833332061768,352,61,10,51.7895050048828,155,41,155,49,NA,NA,NA,NA,NA,NA,NA,NA,NA,NA,NA,NA,NA,12089.8330078125,0.393400013446808,NA,""
9635,4414.93736345714,"0","0","1",51.87,80.6,2.58333325386047,10.9833335876465,23.8250198364258,1332.02905273438,26.2999992370605,-19.7999992370605,46.0999984741211,18.466667175293,-12.5333337783813,18.466667175293,-13.8666667938232,325,59,12,46.2150001525879,133,46,133,53,NA,NA,NA,NA,NA,NA,NA,NA,NA,NA,NA,NA,NA,12984.6669921875,0.314999997615814,NA,""
9636,5097.82758074848,"0","0","1",51.75,80.82,2.6875,10.7916660308838,23.358585357666,1341.15979003906,26.3999996185303,-19.7999992370605,46.1999969482422,18.6499996185303,-12.6833333969116,18.6499996185303,-13.8666667938232,334,59,13,43.8157081604004,133,49,133,55,NA,NA,NA,NA,NA,NA,NA,NA,NA,NA,NA,NA,NA,13043.0830078125,0.326200008392334,NA,""
9637,4473.60413487386,"0","0","1",51.77,80.85,2.66666674613953,10.6166658401489,23.0296459197998,1340.0361328125,26.2999992370605,-19.7999992370605,46.0999984741211,18.6333332061768,-12.6999998092651,18.6333332061768,-13.8499994277954,334,60,13,44.5090103149414,133,50,133,57,NA,NA,NA,NA,NA,NA,NA,NA,NA,NA,NA,NA,NA,13047.9169921875,0.329600006341934,NA,""
9638,4989.69125857848,"0","0","1",51.73,80.86,2.58333325386047,11,23.6559143066406,1346.79467773438,26.5,-20,46.5,18.6000003814697,-12.8500003814697,18.6000003814697,-14.033332824707,337,60,13,43.7748832702637,134,50,134,57,NA,NA,NA,NA,NA,NA,NA,NA,NA,NA,NA,NA,NA,13033.1669921875,0.328799992799759,NA,""
9639,5328.35932321828,"0","0","1",53.82,80.31,1.31666660308838,10.3666667938232,22.3419551849365,1366.34765625,25.2999992370605,-21.1000003814697,46.4000015258789,17.5666656494141,-7.55000019073486,17.5666656494141,-15.6666669845581,340,58,11,48.5031394958496,146,43,146,51,NA,NA,NA,NA,NA,NA,NA,NA,NA,NA,NA,NA,NA,12083.0830078125,0.3716000020504,NA,""
9640,5242.284876408,"0","0","1",51.87,80.06,2.79166674613953,11.3999996185303,23.9495811462402,1385.96997070312,27.2999992370605,-20.2999992370605,47.5999984741211,19.2333335876465,-6.13333320617676,19.2333335876465,-14.3666667938232,311,56,11,45.265193939209,127,45,127,54,NA,NA,NA,NA,NA,NA,NA,NA,NA,NA,NA,NA,NA,12848.0830078125,0.292100012302399,NA,""
9641,5139.56221818183,"0","0","1",51.9,80.06,2.75833344459534,11.7833337783813,24.4467487335205,1408.23364257812,27.5,-20.7000007629395,48.2000007629395,19.3833332061768,-6.30000019073486,19.3833332061768,-14.6999998092651,317,55,12,42.6623954772949,127,47,127,57,NA,NA,NA,NA,NA,NA,NA,NA,NA,NA,NA,NA,NA,12808.0830078125,0.291900008916855,NA,""
9643,5015.74024339644,"0","0","1",52.1,79.31,2.94166684150696,10.9166669845581,23.0309429168701,1390.9853515625,27.1000003814697,-20.2999992370605,47.4000015258789,19.4500007629395,-5.91666650772095,19.4500007629395,-14.2333335876465,303,53,11,44.4893608093262,125,43,125,53,NA,NA,NA,NA,NA,NA,NA,NA,NA,NA,NA,NA,NA,12696.75,0.278200000524521,NA,""
9644,5366.18987207766,"0","0",".",45.07,18.72,11.3125,10.6916666030884,34.4892463684082,780.568359375,27.7999992370605,-3.20000004768372,31,19.2333335876465,3.19999980926514,20.7000007629395,1.46666657924652,725,94,43,23.0522594451904,232,134,232,146,0.103070072829723,0.992081105709076,NA,NA,29.0593509674072,NA,11.8223962783813,NA,NA,NA,NA,10.1533279418945,60.7873229980469,12907,0.673699975013733,63,"279 - 300 mg/kg"
9645,5501.89977816425,"0","0","0",45.17,18.7,11.1416664123535,10.6499996185303,34.4660186767578,780.96044921875,27.5,-3.40000009536743,30.8999996185303,19.0499992370605,2.96666669845581,20.4833335876465,1.23333334922791,704,90,41,22.7040939331055,224,130,224,142,0.10248775780201,0.962766647338867,NA,NA,31.29518699646,NA,8.41433143615723,NA,NA,NA,NA,4.68121337890625,64.0235977172852,12922.4169921875,0.659699976444244,61,"241 - 259 mg/kg"
9647,4034.30483187156,"0","1","1",40.37,16.77,16.3583335876465,9.03333377838135,35.0129203796387,629.920043945312,30.7000007629395,4.90000009536743,25.8000011444092,13.4499998092651,24.3833332061768,24.3833332061768,9.21666717529297,624,86,18,44.0071830749512,248,69,69,203,0.126056745648384,1.32334852218628,84.9718627929688,22.1388835906982,42.440990447998,9.0076379776001,9.67858791351318,360.951477050781,1.41665053367615,20.93284034729,8.03755283355713,16.6546859741211,40.9043235778809,15062,0.450500011444092,46,"80.4 - 86.5 mg/kg"
9649,4808.87545465467,"0","0","0",39.13,16.17,14.408332824707,6.65000009536743,30.930233001709,552.806213378906,26.3999996185303,4.90000009536743,21.5,12.4166669845581,21.1333332061768,21.3999996185303,8.05000019073486,1000,138,20,51.7145690917969,400,77,110,366,0.105675637722015,1.03835189342499,6.12377595901489,15.1834869384766,22.8810291290283,12.7997856140137,23.7622814178467,187.750534057617,2.24483418464661,14.6025161743164,6.53878021240234,39.2716979980469,37.8472747802734,14893.75,0.763000011444092,34,"33.5 - 36.0 mg/kg"
9651,4729.85014373904,"0","0","0",40.68,14.87,15.4125003814697,9.69166660308838,39.7199440002441,552.136840820312,28.6000003814697,4.19999980926514,24.4000015258789,10.216667175293,22.2999992370605,22.2999992370605,9.01666641235352,1075,159,29,48.3120918273926,425,104,104,372,0.104990981519222,1.02401530742645,60.8779945373535,17.5097026824951,24.3595123291016,10.2896633148193,12.3907804489136,427.364593505859,2.11483335494995,32.6927070617676,6.89658164978027,37.8247375488281,37.8157501220703,14840.4169921875,0.813700020313263,43,"64.6 - 69.5 mg/kg"
9653,5062.32476273964,"0","0","0",38.44,16.13,15.3874998092651,6.47499990463257,30.6872043609619,544.410095214844,26.8999996185303,5.80000019073486,21.0999984741211,10.7333335876465,22.033332824707,22.2333335876465,9.14999961853027,910,127,19,52.8965644836426,365,69,111,342,0.108729556202888,1.42034995555878,5.18828105926514,14.2692222595215,14.3284339904785,11.9616403579712,15.963493347168,505.445251464844,2.50313901901245,26.2851676940918,5.99983215332031,56.4651260375977,29.2064361572266,15386.8330078125,0.657599985599518,44,"69.5 - 74.8 mg/kg"
9656,3731.4405644808,"0","1","1",40.64,17.31,13.7291669845581,8.09166622161865,32.627685546875,615.80126953125,27.7000007629395,2.90000009536743,24.8000011444092,11.0833330154419,21.6666660308838,21.6666660308838,6.91666650772095,585,70,21,36.5658912658691,210,77,77,187,0.113181971013546,0.963522911071777,102.480186462402,21.039680480957,21.7656154632568,12.4907102584839,14.9404964447021,840.27490234375,2.46738815307617,12.3721475601196,6.979567527771,32.4931488037109,45.7412338256836,15062.25,0.45440000295639,41,"55.8 - 60.0 mg/kg"
9660,4870.37430390654,"0","0","1",40.84,14.57,15.8541669845581,9.90833377838135,39.0091857910156,580.377868652344,29.6000003814697,4.19999980926514,25.4000015258789,13.1333332061768,23.1833343505859,23.1833343505859,9.16666698455811,998,149,26,46.6879539489746,392,94,94,321,0.10249649733305,1.21046984195709,87.89892578125,20.9375553131104,21.5953979492188,11.0101737976074,18.4234657287598,310.683258056641,2.05909323692322,15.6558103561401,7.2597713470459,45.0270118713379,33.3775939941406,14735.6669921875,0.774999976158142,40,"51.9 - 55.8 mg/kg"
9663,4652.31866787868,"0","1","1",41.33,14.09,14.3249998092651,9.36666679382324,35.4797973632812,625.127258300781,28.7999992370605,2.40000009536743,26.3999996185303,11.3000001907349,19.8833332061768,22.1833343505859,7.08333349227905,875,128,27,40.5101623535156,333,110,110,263,0.121083192527294,1.30410802364349,26.4001884460449,19.3517456054688,32.3099021911621,9.46555805206299,6.82153415679932,607.657470703125,1.43275666236877,28.4092540740967,6.89523839950562,27.8680877685547,39.8220100402832,14750.4169921875,0.690599977970123,48,"93.1 - 100 mg/kg"
9664,5498.41945834698,"0","0","1",46.36,11.28,11.1500005722046,9.80000019073486,32.7759208679199,762.081481933594,27,-2.90000009536743,29.8999996185303,20.5166664123535,1.80000007152557,20.5166664123535,1.80000007152557,799,97,33,31.3276538848877,257,119,257,119,0.102624528110027,1.15758836269379,37.4492263793945,26.3205471038818,20.2676372528076,12.3113107681274,17.014684677124,165.593307495117,2.94851303100586,26.3622360229492,6.74727725982666,40.5790634155273,39.1532974243164,12412.25,0.859000027179718,52,"125 - 134 mg/kg"
9665,4849.81323521256,"0","0","1",46.36,11.28,11.1500005722046,9.80000019073486,32.7759208679199,762.081481933594,27,-2.90000009536743,29.8999996185303,20.5166664123535,1.80000007152557,20.5166664123535,1.80000007152557,799,97,33,31.3276538848877,257,119,257,119,0.102624528110027,1.15758836269379,37.4492263793945,26.3205471038818,20.2676372528076,12.3113107681274,17.014684677124,165.593307495117,2.94851303100586,26.3622360229492,6.74727725982666,40.5790634155273,39.1532974243164,12412.25,0.859000027179718,52,"125 - 134 mg/kg"
9666,5129.99969089925,"0","0","1",46.36,11.28,11.1500005722046,9.80000019073486,32.7759208679199,762.081481933594,27,-2.90000009536743,29.8999996185303,20.5166664123535,1.80000007152557,20.5166664123535,1.80000007152557,799,97,33,31.3276538848877,257,119,257,119,0.102624528110027,1.15758836269379,37.4492263793945,26.3205471038818,20.2676372528076,12.3113107681274,17.014684677124,165.593307495117,2.94851303100586,26.3622360229492,6.74727725982666,40.5790634155273,39.1532974243164,12412.25,0.859000027179718,52,"125 - 134 mg/kg"
9667,4492.4901132369,"0","0","1",46.36,11.28,11.1500005722046,9.80000019073486,32.7759208679199,762.081481933594,27,-2.90000009536743,29.8999996185303,20.5166664123535,1.80000007152557,20.5166664123535,1.80000007152557,799,97,33,31.3276538848877,257,119,257,119,0.102624528110027,1.15758836269379,37.4492263793945,26.3205471038818,20.2676372528076,12.3113107681274,17.014684677124,165.593307495117,2.94851303100586,26.3622360229492,6.74727725982666,40.5790634155273,39.1532974243164,12412.25,0.859000027179718,52,"125 - 134 mg/kg"
9668,4793.57701433968,"0","0","1",46.37,11.28,10.8708333969116,9.85833358764648,33.0816535949707,754.644592285156,26.7000007629395,-3.09999990463257,29.8000011444092,20.1833343505859,3.5,20.1833343505859,1.66666662693024,770,92,31,32.7674369812012,255,112,255,112,0.112557448446751,1.10014545917511,15.2037086486816,30.5314178466797,24.3964309692383,14.0821180343628,30.9644584655762,151.526519775391,2.97141051292419,28.0278854370117,6.3503360748291,35.0894317626953,40.5141372680664,12462.1669921875,0.832000017166138,52,"125 - 134 mg/kg"
9669,5129.45770604993,"0","0","1",46.37,11.28,10.8708333969116,9.85833358764648,33.0816535949707,754.644592285156,26.7000007629395,-3.09999990463257,29.8000011444092,20.1833343505859,3.5,20.1833343505859,1.66666662693024,770,92,31,32.7674369812012,255,112,255,112,0.112557448446751,1.10014545917511,15.2037086486816,30.5314178466797,24.3964309692383,14.0821180343628,30.9644584655762,151.526519775391,2.97141051292419,28.0278854370117,6.3503360748291,35.0894317626953,40.5141372680664,12462.1669921875,0.832000017166138,52,"125 - 134 mg/kg"
9670,5054.29527186139,"0","0","1",46.37,11.28,10.8708333969116,9.85833358764648,33.0816535949707,754.644592285156,26.7000007629395,-3.09999990463257,29.8000011444092,20.1833343505859,3.5,20.1833343505859,1.66666662693024,770,92,31,32.7674369812012,255,112,255,112,0.112557448446751,1.10014545917511,15.2037086486816,30.5314178466797,24.3964309692383,14.0821180343628,30.9644584655762,151.526519775391,2.97141051292419,28.0278854370117,6.3503360748291,35.0894317626953,40.5141372680664,12462.1669921875,0.832000017166138,52,"125 - 134 mg/kg"
9671,6243.92610931835,"0","0","1",46.37,11.28,10.8708333969116,9.85833358764648,33.0816535949707,754.644592285156,26.7000007629395,-3.09999990463257,29.8000011444092,20.1833343505859,3.5,20.1833343505859,1.66666662693024,770,92,31,32.7674369812012,255,112,255,112,0.112557448446751,1.10014545917511,15.2037086486816,30.5314178466797,24.3964309692383,14.0821180343628,30.9644584655762,151.526519775391,2.97141051292419,28.0278854370117,6.3503360748291,35.0894317626953,40.5141372680664,12462.1669921875,0.832000017166138,52,"125 - 134 mg/kg"
9672,5443.78111949768,"0","0","1",46.37,11.28,10.8708333969116,9.85833358764648,33.0816535949707,754.644592285156,26.7000007629395,-3.09999990463257,29.8000011444092,20.1833343505859,3.5,20.1833343505859,1.66666662693024,770,92,31,32.7674369812012,255,112,255,112,0.112557448446751,1.10014545917511,15.2037086486816,30.5314178466797,24.3964309692383,14.0821180343628,30.9644584655762,151.526519775391,2.97141051292419,28.0278854370117,6.3503360748291,35.0894317626953,40.5141372680664,12462.1669921875,0.832000017166138,52,"125 - 134 mg/kg"
9673,5040.54405133778,"0","0","1",46.37,11.28,10.8708333969116,9.85833358764648,33.0816535949707,754.644592285156,26.7000007629395,-3.09999990463257,29.8000011444092,20.1833343505859,3.5,20.1833343505859,1.66666662693024,770,92,31,32.7674369812012,255,112,255,112,0.112557448446751,1.10014545917511,15.2037086486816,30.5314178466797,24.3964309692383,14.0821180343628,30.9644584655762,151.526519775391,2.97141051292419,28.0278854370117,6.3503360748291,35.0894317626953,40.5141372680664,12462.1669921875,0.832000017166138,52,"125 - 134 mg/kg"
9676,4906.59577935567,"0","0","1",46.37,11.29,11.2333335876465,9.89999961853027,33,763.259582519531,27.1000003814697,-2.90000009536743,30,20.6166667938232,1.88333332538605,20.6166667938232,1.88333332538605,802,98,33,31.7542343139648,258,118,258,118,0.10252583771944,1.17477238178253,86.1914825439453,25.0195159912109,35.3291702270508,12.8947439193726,28.2323741912842,173.548034667969,2.14769458770752,17.3692283630371,6.79183197021484,23.2273712158203,41.4434585571289,12422.25,0.866599977016449,53,"134 - 144 mg/kg"
9677,5275.64525448332,"0","0","1",46.37,11.29,11.2333335876465,9.89999961853027,33,763.259582519531,27.1000003814697,-2.90000009536743,30,20.6166667938232,1.88333332538605,20.6166667938232,1.88333332538605,802,98,33,31.7542343139648,258,118,258,118,0.10252583771944,1.17477238178253,86.1914825439453,25.0195159912109,35.3291702270508,12.8947439193726,28.2323741912842,173.548034667969,2.14769458770752,17.3692283630371,6.79183197021484,23.2273712158203,41.4434585571289,12422.25,0.866599977016449,53,"134 - 144 mg/kg"
9678,4802.59233707158,"0","0","1",46.37,11.29,11.2333335876465,9.89999961853027,33,763.259582519531,27.1000003814697,-2.90000009536743,30,20.6166667938232,1.88333332538605,20.6166667938232,1.88333332538605,802,98,33,31.7542343139648,258,118,258,118,0.10252583771944,1.17477238178253,86.1914825439453,25.0195159912109,35.3291702270508,12.8947439193726,28.2323741912842,173.548034667969,2.14769458770752,17.3692283630371,6.79183197021484,23.2273712158203,41.4434585571289,12422.25,0.866599977016449,53,"134 - 144 mg/kg"
9679,5563.66337416954,"1","0","1",46.34,11.29,11.25,9.36666679382324,31.53759765625,767.673583984375,27,-2.70000004768372,29.7000007629395,16.6000003814697,1.73333334922791,20.6166667938232,1.73333334922791,828,101,35,30.1141929626465,261,126,260,126,0.0992768630385399,1.12125813961029,105.279899597168,18.192663192749,17.4249668121338,12.379599571228,31.1380710601807,168.221389770508,1.97694838047028,30.1243629455566,6.78278207778931,42.3297805786133,40.2452545166016,12410.3330078125,0.888899981975555,52,"125 - 134 mg/kg"
9680,5668.12779946303,"1","0","1",46.34,11.29,11.25,9.36666679382324,31.53759765625,767.673583984375,27,-2.70000004768372,29.7000007629395,16.6000003814697,1.73333334922791,20.6166667938232,1.73333334922791,828,101,35,30.1141929626465,261,126,260,126,0.0992768630385399,1.12125813961029,105.279899597168,18.192663192749,17.4249668121338,12.379599571228,31.1380710601807,168.221389770508,1.97694838047028,30.1243629455566,6.78278207778931,42.3297805786133,40.2452545166016,12410.3330078125,0.888899981975555,52,"125 - 134 mg/kg"
9681,6030.61934787514,"1","0","1",46.34,11.29,11.25,9.36666679382324,31.53759765625,767.673583984375,27,-2.70000004768372,29.7000007629395,16.6000003814697,1.73333334922791,20.6166667938232,1.73333334922791,828,101,35,30.1141929626465,261,126,260,126,0.0992768630385399,1.12125813961029,105.279899597168,18.192663192749,17.4249668121338,12.379599571228,31.1380710601807,168.221389770508,1.97694838047028,30.1243629455566,6.78278207778931,42.3297805786133,40.2452545166016,12410.3330078125,0.888899981975555,52,"125 - 134 mg/kg"
9682,5079.73388717566,"1","0","1",46.34,11.29,11.25,9.36666679382324,31.53759765625,767.673583984375,27,-2.70000004768372,29.7000007629395,16.6000003814697,1.73333334922791,20.6166667938232,1.73333334922791,828,101,35,30.1141929626465,261,126,260,126,0.0992768630385399,1.12125813961029,105.279899597168,18.192663192749,17.4249668121338,12.379599571228,31.1380710601807,168.221389770508,1.97694838047028,30.1243629455566,6.78278207778931,42.3297805786133,40.2452545166016,12410.3330078125,0.888899981975555,52,"125 - 134 mg/kg"
9683,5992.18894662202,"1","0","1",46.34,11.29,11.25,9.36666679382324,31.53759765625,767.673583984375,27,-2.70000004768372,29.7000007629395,16.6000003814697,1.73333334922791,20.6166667938232,1.73333334922791,828,101,35,30.1141929626465,261,126,260,126,0.0992768630385399,1.12125813961029,105.279899597168,18.192663192749,17.4249668121338,12.379599571228,31.1380710601807,168.221389770508,1.97694838047028,30.1243629455566,6.78278207778931,42.3297805786133,40.2452545166016,12410.3330078125,0.888899981975555,52,"125 - 134 mg/kg"
9684,4976.91065571336,"0","0","1",46.34,11.29,11.25,9.36666679382324,31.53759765625,767.673583984375,27,-2.70000004768372,29.7000007629395,16.6000003814697,1.73333334922791,20.6166667938232,1.73333334922791,828,101,35,30.1141929626465,261,126,260,126,0.0992768630385399,1.12125813961029,105.279899597168,18.192663192749,17.4249668121338,12.379599571228,31.1380710601807,168.221389770508,1.97694838047028,30.1243629455566,6.78278207778931,42.3297805786133,40.2452545166016,12410.3330078125,0.888899981975555,52,"125 - 134 mg/kg"
9685,5327.59361821319,"0","0","1",46.34,11.29,11.25,9.36666679382324,31.53759765625,767.673583984375,27,-2.70000004768372,29.7000007629395,16.6000003814697,1.73333334922791,20.6166667938232,1.73333334922791,828,101,35,30.1141929626465,261,126,260,126,0.0992768630385399,1.12125813961029,105.279899597168,18.192663192749,17.4249668121338,12.379599571228,31.1380710601807,168.221389770508,1.97694838047028,30.1243629455566,6.78278207778931,42.3297805786133,40.2452545166016,12410.3330078125,0.888899981975555,52,"125 - 134 mg/kg"
9686,4532.98396340064,"0","0","1",46.34,11.29,11.25,9.36666679382324,31.53759765625,767.673583984375,27,-2.70000004768372,29.7000007629395,16.6000003814697,1.73333334922791,20.6166667938232,1.73333334922791,828,101,35,30.1141929626465,261,126,260,126,0.0992768630385399,1.12125813961029,105.279899597168,18.192663192749,17.4249668121338,12.379599571228,31.1380710601807,168.221389770508,1.97694838047028,30.1243629455566,6.78278207778931,42.3297805786133,40.2452545166016,12410.3330078125,0.888899981975555,52,"125 - 134 mg/kg"
9687,4741.14474939443,"0","0","1",46.34,11.29,11.25,9.36666679382324,31.53759765625,767.673583984375,27,-2.70000004768372,29.7000007629395,16.6000003814697,1.73333334922791,20.6166667938232,1.73333334922791,828,101,35,30.1141929626465,261,126,260,126,0.0992768630385399,1.12125813961029,105.279899597168,18.192663192749,17.4249668121338,12.379599571228,31.1380710601807,168.221389770508,1.97694838047028,30.1243629455566,6.78278207778931,42.3297805786133,40.2452545166016,12410.3330078125,0.888899981975555,52,"125 - 134 mg/kg"
9689,5040.58459323614,"0","0","1",46.34,11.29,11.25,9.36666679382324,31.53759765625,767.673583984375,27,-2.70000004768372,29.7000007629395,16.6000003814697,1.73333334922791,20.6166667938232,1.73333334922791,828,101,35,30.1141929626465,261,126,260,126,0.0992768630385399,1.12125813961029,105.279899597168,18.192663192749,17.4249668121338,12.379599571228,31.1380710601807,168.221389770508,1.97694838047028,30.1243629455566,6.78278207778931,42.3297805786133,40.2452545166016,12410.3330078125,0.888899981975555,52,"125 - 134 mg/kg"
9690,4964.64292287424,"0","0","1",46.34,11.29,11.25,9.36666679382324,31.53759765625,767.673583984375,27,-2.70000004768372,29.7000007629395,16.6000003814697,1.73333334922791,20.6166667938232,1.73333334922791,828,101,35,30.1141929626465,261,126,260,126,0.0992768630385399,1.12125813961029,105.279899597168,18.192663192749,17.4249668121338,12.379599571228,31.1380710601807,168.221389770508,1.97694838047028,30.1243629455566,6.78278207778931,42.3297805786133,40.2452545166016,12410.3330078125,0.888899981975555,52,"125 - 134 mg/kg"
9692,5347.60319336693,"0","0","1",46.34,11.29,11.25,9.36666679382324,31.53759765625,767.673583984375,27,-2.70000004768372,29.7000007629395,16.6000003814697,1.73333334922791,20.6166667938232,1.73333334922791,828,101,35,30.1141929626465,261,126,260,126,0.0992768630385399,1.12125813961029,105.279899597168,18.192663192749,17.4249668121338,12.379599571228,31.1380710601807,168.221389770508,1.97694838047028,30.1243629455566,6.78278207778931,42.3297805786133,40.2452545166016,12410.3330078125,0.888899981975555,52,"125 - 134 mg/kg"
9693,5637.44510728213,"0","0",".",46.34,11.29,11.25,9.36666679382324,31.53759765625,767.673583984375,27,-2.70000004768372,29.7000007629395,16.6000003814697,1.73333334922791,20.6166667938232,1.73333334922791,828,101,35,30.1141929626465,261,126,260,126,0.0992768630385399,1.12125813961029,105.279899597168,18.192663192749,17.4249668121338,12.379599571228,31.1380710601807,168.221389770508,1.97694838047028,30.1243629455566,6.78278207778931,42.3297805786133,40.2452545166016,12410.3330078125,0.888899981975555,52,"125 - 134 mg/kg"
9694,4200.3484436262,"0","1","1",46.34,11.29,11.25,9.36666679382324,31.53759765625,767.673583984375,27,-2.70000004768372,29.7000007629395,16.6000003814697,1.73333334922791,20.6166667938232,1.73333334922791,828,101,35,30.1141929626465,261,126,260,126,0.0992768630385399,1.12125813961029,105.279899597168,18.192663192749,17.4249668121338,12.379599571228,31.1380710601807,168.221389770508,1.97694838047028,30.1243629455566,6.78278207778931,42.3297805786133,40.2452545166016,12410.3330078125,0.888899981975555,52,"125 - 134 mg/kg"
9695,4939.26716770628,"0","1","1",46.34,11.29,11.25,9.36666679382324,31.53759765625,767.673583984375,27,-2.70000004768372,29.7000007629395,16.6000003814697,1.73333334922791,20.6166667938232,1.73333334922791,828,101,35,30.1141929626465,261,126,260,126,0.0992768630385399,1.12125813961029,105.279899597168,18.192663192749,17.4249668121338,12.379599571228,31.1380710601807,168.221389770508,1.97694838047028,30.1243629455566,6.78278207778931,42.3297805786133,40.2452545166016,12410.3330078125,0.888899981975555,52,"125 - 134 mg/kg"
9696,5293.75164125237,"1",".","1",46.34,11.29,11.25,9.36666679382324,31.53759765625,767.673583984375,27,-2.70000004768372,29.7000007629395,16.6000003814697,1.73333334922791,20.6166667938232,1.73333334922791,828,101,35,30.1141929626465,261,126,260,126,0.0992768630385399,1.12125813961029,105.279899597168,18.192663192749,17.4249668121338,12.379599571228,31.1380710601807,168.221389770508,1.97694838047028,30.1243629455566,6.78278207778931,42.3297805786133,40.2452545166016,12410.3330078125,0.888899981975555,52,"125 - 134 mg/kg"
9698,4745.24426191744,"0","0","1",41.57,23.85,11.216667175293,11.0166664123535,35.3098297119141,767.517639160156,28.2000007629395,-3,31.2000007629395,15.0833330154419,16.8166675567627,20.6666660308838,1.80000007152557,537,56,30,19.6859264373779,159,103,130,135,0.093269906938076,1.41459500789642,96.7564926147461,24.9063930511475,20.5603694915771,13.4343700408936,17.9866256713867,210.319198608398,0.79915988445282,17.7703437805176,6.74746751785278,46.9530258178711,32.4866027832031,13748.5,0.444799989461899,47,"86.5 - 93.1 mg/kg"
9699,4716.49555615305,"0","0","1",41.37,23.14,12.5749998092651,10.466667175293,33.1223640441895,789.802917480469,29.6000003814697,-2,31.6000003814697,7.84999990463257,21.5166664123535,22.2833347320557,2.76666665077209,473,53,28,19.974573135376,141,92,109,114,0.0920109525322914,1.25628530979156,100.24633026123,15.4783267974854,20.7047138214111,10.9751262664795,14.8691291809082,96.990234375,0.771268665790558,19.5701236724854,7.31818294525146,54.1628799438477,25.1324081420898,14051.6669921875,0.380100011825562,44,"69.5 - 74.8 mg/kg"
9700,5036.65367186748,"0","1","1",42.32,23.1,10.2375001907349,12.3583326339722,37.5633239746094,776.34375,28,-4.90000009536743,32.9000015258789,17.8333339691162,2.06666660308838,19.6666660308838,0.599999964237213,573,66,32,21.4450187683105,186,110,166,115,0.0923596769571304,1.37888920307159,57.6146392822266,24.4091358184814,22.083948135376,13.489236831665,22.0667610168457,161.49382019043,1.22583699226379,11.0680265426636,6.93112993240356,42.9006195068359,35.0154342651367,13154.0830078125,0.499399989843369,55,"155 - 167 mg/kg"
9701,4077.39294062375,"0","0","1",43.7,25.91,11.4916667938232,11.1000003814697,32.2674407958984,885.960754394531,29.5,-4.90000009536743,34.4000015258789,20.2999992370605,2.04999995231628,22.1333332061768,0.233333274722099,580,71,33,24.876012802124,199,107,182,111,0.0981398820877075,1.35240280628204,7.08096599578857,35.4850273132324,31.2553062438965,11.7558145523071,9.06715393066406,154.583389282227,1.21962928771973,21.8909397125244,6.61155939102173,23.1238632202148,45.6208305358887,13451,0.490099996328354,50,"108 - 116 mg/kg"
9703,4739.38088654524,"0","0","1",41.53,23.39,12.0749998092651,10.8666667938232,34.38818359375,777.769226074219,29.2000007629395,-2.40000009536743,31.6000003814697,15.966667175293,21,21.6833343505859,2.51666665077209,506,54,30,19.0477771759033,148,102,123,120,0.0970324203372002,1.39859867095947,87.6689453125,25.8160171508789,20.0022087097168,13.0919847488403,19.7115955352783,161.127883911133,1.02144634723663,10.2808494567871,6.86211204528809,47.3457145690918,32.6520767211914,13799.4169921875,0.412800014019012,39,"48.2 - 51.9 mg/kg"
9705,4822.54548818583,"0","0","1",41.5,23.33,13.5208330154419,11.625,34.5982131958008,813.484252929688,31.7000007629395,-1.89999997615814,33.6000022888184,8.53333377838135,22.8166675567627,23.6166667938232,3.51666665077209,474,53,27,19.8789482116699,142,93,110,116,0.0992494225502014,1.35324692726135,31.7386779785156,32.2546310424805,23.7367420196533,12.7783832550049,18.0393714904785,235.308242797852,1.32562494277954,15.5585050582886,6.92263269424438,49.3026809692383,26.960578918457,13919.3330078125,0.373299986124039,40,"51.9 - 55.8 mg/kg"
9706,4952.84524958937,"0","0","1",41.64,24.18,7.62083339691162,9.94166660308838,34.6399536132812,708.851379394531,23.2000007629395,-5.5,28.7000007629395,11.0500001907349,13.0166673660278,16.216667175293,-1.08333325386047,648,72,36,19.2730388641357,202,123,169,160,0.125677883625031,0.998147130012512,23.665355682373,12.8640623092651,30.9749794006348,16.7087249755859,20.3984298706055,111.522132873535,1.141028881073,12.0668067932129,5.67092514038086,27.3472137451172,41.677806854248,13489.5,0.582300007343292,44,"69.5 - 74.8 mg/kg"
9708,4374.50910063921,"0","0","1",41.62,25.35,12.0041666030884,10.7250003814697,33.9398727416992,775.430847167969,29,-2.59999990463257,31.6000003814697,7.69999980926514,20.9500007629395,21.5499992370605,2.56666660308838,591,73,29,25.0594749450684,188,97,120,171,0.0964713618159294,1.08308672904968,72.6734466552734,27.5016403198242,19.7761898040771,12.8149290084839,25.5539951324463,249.277084350586,1.33804988861084,19.8870544433594,6.90214586257935,49.8857955932617,30.3380126953125,13969.5,0.471100002527237,40,"51.9 - 55.8 mg/kg"
9710,5174.66675491886,"0","0","0",41.85,23.13,11.9750003814697,11.3833332061768,34.8114166259766,800.154846191406,29.6000003814697,-3.09999990463257,32.7000007629395,19.8666667938232,3.59999990463257,21.783332824707,2.03333330154419,502,53,32,18.1614360809326,149,103,130,112,0.116523914039135,1.2158397436142,65.0240783691406,29.8248157501221,26.4884376525879,11.0844974517822,11.1572523117065,371.199127197266,1.1917906999588,18.786304473877,7.26607751846313,44.6911392211914,28.8204193115234,13639.6669921875,0.418799996376038,44,"69.5 - 74.8 mg/kg"
9711,4571.73539333165,"0","0","1",42.32,23.1,10.2375001907349,12.3583326339722,37.5633239746094,776.34375,28,-4.90000009536743,32.9000015258789,17.8333339691162,2.06666660308838,19.6666660308838,0.599999964237213,573,66,32,21.4450187683105,186,110,166,115,0.0923596769571304,1.37888920307159,57.6146392822266,24.4091358184814,22.083948135376,13.489236831665,22.0667610168457,161.49382019043,1.22583699226379,11.0680265426636,6.93112993240356,42.9006195068359,35.0154342651367,13154.0830078125,0.499399989843369,55,"155 - 167 mg/kg"
9712,4747.99371072755,"0","1","1",42.32,23.1,10.2375001907349,12.3583326339722,37.5633239746094,776.34375,28,-4.90000009536743,32.9000015258789,17.8333339691162,2.06666660308838,19.6666660308838,0.599999964237213,573,66,32,21.4450187683105,186,110,166,115,0.0923596769571304,1.37888920307159,57.6146392822266,24.4091358184814,22.083948135376,13.489236831665,22.0667610168457,161.49382019043,1.22583699226379,11.0680265426636,6.93112993240356,42.9006195068359,35.0154342651367,13154.0830078125,0.499399989843369,55,"155 - 167 mg/kg"
9713,4912.54506648953,"0","1","1",42.49,25.61,11.1125001907349,10.7749996185303,33.8836479187012,784.416748046875,27.7999992370605,-4,31.7999992370605,15.283332824707,16.6666660308838,20.7666664123535,1.41666662693024,602,68,39,19.3086223602295,191,124,164,135,0.117265224456787,1.2712482213974,36.4454002380371,38.0429039001465,23.439754486084,11.2322511672974,18.6726245880127,345.423767089844,1.87326848506927,14.4659452438354,6.62894821166992,42.4916877746582,34.0685577392578,13444.1669921875,0.502499997615814,47,"86.5 - 93.1 mg/kg"
9717,5382.65791388624,"0","0","1",41.66,25.47,12.0791664123535,10.7749996185303,33.8836479187012,779.0654296875,29.2999992370605,-2.5,31.7999992370605,7.76666641235352,21.0833339691162,21.7000007629395,2.61666655540466,591,72,30,24.4927577972412,188,98,120,169,0.0975745394825935,1.25065648555756,52.6347160339355,24.7024059295654,25.9664993286133,14.1121034622192,22.4662971496582,260.405792236328,1.5495628118515,12.4140710830688,6.34156513214111,42.2427749633789,31.7907257080078,14022.8330078125,0.475899994373322,44,"69.5 - 74.8 mg/kg"
9718,4873.86110992552,"0","0","1",41.55,24.75,8.83749961853027,9.625,34.0106010437012,708.423767089844,24.1000003814697,-4.19999980926514,28.2999992370605,12.2166662216187,14.216667175293,17.4833335876465,0.200000047683716,655,70,35,20.8325672149658,200,119,158,173,0.118365406990051,1.00320637226105,121.268051147461,28.9282379150391,26.9077053070068,12.9760026931763,19.2711315155029,198.062850952148,1.63997983932495,9.40340995788574,6.58673286437988,32.5802993774414,40.5119934082031,13666.75,0.563199996948242,33,"31.1 - 33.5 mg/kg"
9719,4453.13739752878,".","0","1",41.83,25.69,12.5333337783813,11.4499998092651,34.6969718933105,801.862426757812,30.3999996185303,-2.59999990463257,33,8.01666641235352,21.716667175293,22.4166660308838,2.68333339691162,573,65,32,21.3914394378662,177,102,120,157,0.0981468111276627,1.04486906528473,5.81896638870239,37.0876159667969,28.8974018096924,11.5088262557983,17.9526748657227,426.250305175781,1.24525380134583,25.6478404998779,6.74291801452637,36.624626159668,34.4779739379883,13991.5,0.461699992418289,46,"80.4 - 86.5 mg/kg"
9720,5164.10348612147,"0","0","1",41.77,25.68,12.0583333969116,10.9499998092651,34.4339637756348,780.054870605469,29.1000003814697,-2.70000004768372,31.8000011444092,7.73333311080933,21,21.6333332061768,2.46666669845581,583,68,31,22.9381122589111,182,100,119,162,0.0973250269889832,1.11087727546692,8.95683479309082,36.9803466796875,23.1339092254639,11.3164253234863,18.5240917205811,408.847351074219,1.09917414188385,17.8014583587646,6.66692781448364,37.5923004150391,39.2737884521484,14068.4169921875,0.466399997472763,47,"86.5 - 93.1 mg/kg"
9721,3581.45640710667,"0","0","0",42.72,25.33,9.32499980926514,10.5,34.0909080505371,756.434509277344,25.6000003814697,-5.19999980926514,30.7999992370605,16.8000011444092,1.03333342075348,18.5666675567627,0.0333333797752857,652,80,40,24.1893062591553,220,132,198,135,0.108954161405563,1.13318562507629,28.8373584747314,24.1600379943848,21.4592990875244,14.9417705535889,34.6117095947266,163.25944519043,1.5932422876358,17.4721450805664,6.00886011123657,50.2175712585449,28.323127746582,13190.25,0.568199992179871,41,"55.8 - 60.0 mg/kg"
9722,4900.36214510828,"0","0","1",41.71,24.41,9.22500038146973,9.55000019073486,32.931037902832,735.166931152344,24.7999992370605,-4.19999980926514,29,12.966667175293,14.6833333969116,18.1333332061768,0.133333325386047,606,67,33,21.1981410980225,190,111,152,153,0.107905633747578,1.03289985656738,44.1630821228027,22.8284378051758,18.1901340484619,14.5002946853638,33.1647033691406,215.018997192383,2.26787996292114,16.759744644165,6.65918302536011,49.9636535644531,31.8462142944336,13577.25,0.527999997138977,41,"55.8 - 60.0 mg/kg"
9725,5052.46169480467,"0","0","1",37.6,23.08,15.5583333969116,9.85000038146973,35.8181838989258,668.698974609375,31.2999992370605,3.79999995231628,27.5,9.48333358764648,24.1499996185303,24.1499996185303,8.01666641235352,577,97,10,64.721565246582,259,35,35,245,0.126109108328819,0.956219613552094,153.290496826172,29.3824882507324,30.3158264160156,11.2588415145874,19.3150672912598,341.783203125,1.73829519748688,9.26416206359863,7.79064750671387,25.728271484375,43.9559020996094,15187.4169921875,0.373100012540817,53,"134 - 144 mg/kg"
9726,4689.59216930297,"0",".","0",37.07,22.04,17.1749992370605,10.7333335876465,40.6565628051758,601.348876953125,31.7000007629395,5.30000019073486,26.4000015258789,11.6833333969116,24.8166675567627,24.8166675567627,10.3999996185303,738,136,6,77.5013427734375,371,24,24,333,0.0874562188982964,1.42130517959595,64.5240859985352,20.4624423980713,10.6841125488281,11.732515335083,15.8935537338257,250.23078918457,1.63110518455505,37.1964797973633,7.15501546859741,60.8447494506836,28.4711380004883,15794.0830078125,0.470899999141693,45,"74.8 - 80.4 mg/kg"
9728,4937.39090151882,"0","0","0",48.46,18.9,7.01666688919067,9.83333396911621,32.7777786254883,764.327819824219,23.2000007629395,-6.80000019073486,30,14.8833332061768,-1.11666667461395,16.2999992370605,-2.5,787,92,44,22.3174419403076,249,140,248,154,0.105371534824371,1.00170540809631,24.7788734436035,14.3427143096924,25.3493099212646,10.8983192443848,12.0577573776245,152.50569152832,2.71480846405029,20.8805408477783,5.49420976638794,30.1532363891602,44.4974517822266,11368.4169921875,0.894900023937225,56,"167 - 180 mg/kg"
9730,5852.25987314345,"0","0","0",48.47,18.94,7.54166698455811,10.1833333969116,33.278865814209,774.531616210938,24.1000003814697,-6.5,30.6000003814697,15.5333337783813,-0.666666746139526,16.9333343505859,-2.15000009536743,740,87,41,22.4678592681885,235,130,232,144,0.0994469374418259,0.989718794822693,4.60835647583008,21.7326774597168,27.3291835784912,11.4920120239258,15.6640663146973,190.13346862793,2.17830872535706,27.0616130828857,5.91844272613525,17.7541732788086,54.9166412353516,11384.3330078125,0.832099974155426,56,"167 - 180 mg/kg"
9731,4878.20410819448,"0","0","0",48.46,18.9,7.01666688919067,9.83333396911621,32.7777786254883,764.327819824219,23.2000007629395,-6.80000019073486,30,14.8833332061768,-1.11666667461395,16.2999992370605,-2.5,787,92,44,22.3174419403076,249,140,248,154,0.105371534824371,1.00170540809631,24.7788734436035,14.3427143096924,25.3493099212646,10.8983192443848,12.0577573776245,152.50569152832,2.71480846405029,20.8805408477783,5.49420976638794,30.1532363891602,44.4974517822266,11368.4169921875,0.894900023937225,56,"167 - 180 mg/kg"
9732,4716.08769156819,"0","0","0",48.47,18.96,7.07916688919067,9.70833301544189,32.5783004760742,762.539001464844,23.1000003814697,-6.69999980926514,29.7999992370605,14.9166669845581,-1.01666665077209,16.3500003814697,-2.41666674613953,774,92,44,22.4805297851562,246,137,245,152,0.105357244610786,1.04134953022003,0,18.8840789794922,23.7346572875977,11.7490587234497,10.1394395828247,141.72428894043,2.15074610710144,19.6140155792236,5.4835410118103,27.6632537841797,48.6020889282227,11381.5830078125,0.883400022983551,57,"180 - 193 mg/kg"
9733,4229.80164987185,"0","0","1",48.47,18.94,7.54166698455811,10.1833333969116,33.278865814209,774.531616210938,24.1000003814697,-6.5,30.6000003814697,15.5333337783813,-0.666666746139526,16.9333343505859,-2.15000009536743,740,87,41,22.4678592681885,235,130,232,144,0.0994469374418259,0.989718794822693,4.60835647583008,21.7326774597168,27.3291835784912,11.4920120239258,15.6640663146973,190.13346862793,2.17830872535706,27.0616130828857,5.91844272613525,17.7541732788086,54.9166412353516,11384.3330078125,0.832099974155426,56,"167 - 180 mg/kg"
9736,4911.88722851037,"0",".","1",44.69,25.17,10.1833333969116,11.0666666030884,32.9365081787109,864.505493164062,27.7000007629395,-5.90000009536743,33.6000022888184,18.8833332061768,0.883333384990692,20.4833335876465,-0.683333337306976,565,75,29,36.0922813415527,218,90,205,92,0.0892535373568535,1.38780009746552,0,24.0623149871826,19.6739368438721,10.557692527771,14.9591417312622,228.71760559082,1.74407851696014,24.6806201934814,5.72096967697144,30.4392166137695,49.886848449707,13285.3330078125,0.518100023269653,NA,""
9738,5205.86587537195,"0","0","1",45.57,25.42,6.70833349227905,10.966667175293,34.7046394348145,805.827697753906,23,-8.60000038146973,31.6000003814697,14.8000001907349,-3.58333325386047,16.2666664123535,-3.58333325386047,620,94,26,48.5863723754883,263,84,259,84,0.0936538130044937,1.31695938110352,11.7104053497314,23.5725440979004,17.3349380493164,9.72198486328125,22.8505630493164,149.783447265625,2.84226608276367,20.7342166900635,6.23852920532227,40.5320167541504,42.1330451965332,12980.75,0.685100018978119,NA,""
9743,4783.11421859545,"0","0","1",45.14,25,8.67500019073486,10.4333333969116,33.7648315429688,790.3408203125,24.5,-6.40000009536743,30.8999996185303,16.6166667938232,0.133333280682564,18.1499996185303,-1.20000004768372,628,88,29,42.4816131591797,254,89,240,92,0.10798304527998,1.0167099237442,2.27576351165771,32.7656784057617,25.3152236938477,10.0618772506714,21.4829444885254,195.907989501953,1.630087018013,18.2720108032227,6.68202781677246,28.0590057373047,46.6257705688477,13109.5830078125,0.644900023937225,NA,""
9744,4766.39461460619,"0","0","1",47.16,27.59,9.89999961853027,9.68333339691162,29.4326229095459,882.867248535156,27.1000003814697,-5.80000019073486,32.9000015258789,19.0666656494141,0.249999925494194,20.533332824707,-1.10000014305115,578,92,25,45.1209945678711,238,83,230,84,0.0735814869403839,1.43725216388702,16.7185707092285,26.3274803161621,16.4866428375244,10.8343544006348,5.757004737854,515.394287109375,2.33109879493713,21.1147193908691,7.19443988800049,42.8360443115234,40.6773147583008,12894.4169921875,0.530600011348724,NA,""
9745,5274.42534109502,"0","0","1",41.45,70.05,2.24583339691162,11.5916662216187,31.7579917907715,903.8037109375,22.2999992370605,-14.1999998092651,36.5,0.39999994635582,12.9666662216187,13.033332824707,-8.53333377838135,688,102,17,44.8125343322754,267,68,92,188,NA,NA,NA,NA,NA,NA,NA,NA,NA,NA,NA,NA,NA,15165.8330078125,0.590900003910065,NA,""
9748,4738.31790647442,"0","0","1",44.23,21.71,9.875,10.5500001907349,33.8141021728516,786.241027832031,26.7000007629395,-4.5,31.2000007629395,14.5166664123535,1.51666665077209,19.3833332061768,0,671,82,42,20.7000732421875,216,132,195,139,0.113043822348118,0.963183104991913,NA,NA,27.1457786560059,NA,13.933295249939,NA,NA,NA,NA,28.2959213256836,44.5583000183105,13140.75,0.630599975585938,60,"224 - 241 mg/kg"
9749,4403.57435853008,"0","1","0",43.54,22.29,10.3166666030884,10.8666667938232,35.1672058105469,765.272766113281,26.8999996185303,-4,30.8999996185303,14.75,2.18333315849304,19.5833339691162,0.749999940395355,630,74,39,18.9363746643066,197,127,176,130,0.122369930148125,1.09839165210724,NA,NA,35.4019470214844,NA,15.1758346557617,NA,NA,NA,NA,19.5703735351562,45.0276794433594,13199.4169921875,0.568700015544891,53,"134 - 144 mg/kg"
9754,5515.36093459368,"0","0","1",44.66,21.37,10.7333335876465,9.78333377838135,32.0765037536621,791.202575683594,26.8999996185303,-3.59999990463257,30.5,18.6833343505859,2.36666655540466,20.25,0.76666659116745,675,88,41,23.0183010101318,222,128,215,137,0.0823833867907524,1.01345801353455,NA,NA,31.9561309814453,NA,8.89683437347412,NA,NA,NA,NA,15.3554992675781,52.6883697509766,13182.25,0.604600012302399,59,"208 - 224 mg/kg"
9755,5601.82119625102,"0","0","1",44.56,22.56,11.5749998092651,10.3500003814697,31.7484664916992,846.10205078125,29.1000003814697,-3.5,32.5999984741211,16.5,2.66666674613953,21.8500003814697,1.06666672229767,610,68,37,18.9713096618652,191,122,166,130,0.106403730809689,1.44067823886871,NA,NA,27.2532138824463,NA,4.87221050262451,NA,NA,NA,NA,32.9710006713867,39.7757873535156,13184.8330078125,0.548200011253357,63,"279 - 300 mg/kg"
9756,5084.32271052093,"0","0","1",44.3,21.08,11.1291666030884,10.7583332061768,34.5927124023438,775.457214355469,27.7999992370605,-3.29999995231628,31.0999984741211,19.1000003814697,2.96666669845581,20.5499992370605,1.45000004768372,652,87,39,23.9053211212158,217,125,206,128,0.117100425064564,1.26946139335632,NA,NA,31.3131256103516,NA,9.05489921569824,NA,NA,NA,NA,18.9935455322266,49.6933288574219,13180,0.588500022888184,61,"241 - 259 mg/kg"
9757,5171.62991575068,"0","0","0",44.3,21.08,11.1291666030884,10.7583332061768,34.5927124023438,775.457214355469,27.7999992370605,-3.29999995231628,31.0999984741211,19.1000003814697,2.96666669845581,20.5499992370605,1.45000004768372,652,87,39,23.9053211212158,217,125,206,128,0.117100425064564,1.26946139335632,NA,NA,31.3131256103516,NA,9.05489921569824,NA,NA,NA,NA,18.9935455322266,49.6933288574219,13180,0.588500022888184,61,"241 - 259 mg/kg"
9758,5057.55255440853,"0",".","1",47.75,88.4,3.83333325386047,12.5500001907349,24.9007930755615,1412.11206054688,28.7999992370605,-21.6000003814697,50.4000015258789,20.3333339691162,-11.9333333969116,20.3333339691162,-14.0500001907349,172,27,6,38.1632766723633,62,20,62,29,NA,NA,NA,NA,NA,NA,NA,NA,NA,NA,NA,NA,NA,14569.0830078125,0.138400003314018,NA,""
9759,4525.6020676782,"0","0","1",37.47,49.47,13.5500001907349,8.23333358764648,26.4737396240234,833.603881835938,29.3999996185303,-1.70000004768372,31.1000003814697,10.25,21.1000003814697,23.5833339691162,3.25,1069,181,25,57.9363670349121,479,97,111,326,NA,NA,NA,NA,NA,NA,NA,NA,NA,NA,NA,NA,NA,14023.4169921875,1.11049997806549,NA,""
9764,4032.22719874144,".","0",".",34.1,35.84,14.7083330154419,11.3166666030884,39.4308929443359,672.6806640625,30.2000007629395,1.5,28.7000007629395,6.48333358764648,22.5500011444092,22.5500011444092,6.48333358764648,1239,270,1,99.5731353759766,729,4,4,729,NA,NA,NA,NA,NA,NA,NA,NA,NA,NA,NA,NA,NA,17519.833984375,0.691600024700165,NA,""
9766,4937.00021095926,"0","0","1",42.26,74.16,-1.92916667461395,14.5250005722046,30.3870296478271,1238.69519042969,21.6000003814697,-26.2000007629395,47.8000030517578,4.43333339691162,-17.9333343505859,11.3666667938232,-17.9333343505859,425,64,17,44.4394645690918,175,59,135,59,NA,NA,NA,NA,NA,NA,NA,NA,NA,NA,NA,NA,NA,14976,0.423200011253357,NA,""
9768,5457.68926160463,"0","0","1",48.57,9.16,8.69166660308838,8.69999980926514,33.5907325744629,659.04833984375,23,-2.90000009536743,25.8999996185303,15.283332824707,1.84999990463257,16.8833332061768,0.700000047683716,737,96,39,27.7284317016602,257,127,245,134,0.0925942286849022,1.33268547058105,58.1006927490234,21.6674537658691,24.7071990966797,10.7178249359131,9.58525943756104,204.116592407227,1.99729692935944,30.4593353271484,6.62162256240845,23.4339141845703,51.85888671875,11066,0.852299988269806,44,"69.5 - 74.8 mg/kg"
9769,4912.39937382305,"0","0","1",48.55,8.99,8.47083377838135,8.70833301544189,33.4935913085938,656.614807128906,22.8999996185303,-3.09999990463257,26,15.033332824707,1.65000009536743,16.6666660308838,0.566666662693024,792,99,45,24.3259029388428,269,146,253,154,0.0965140759944916,1.14287793636322,84.8600463867188,27.2558002471924,22.724214553833,11.2822141647339,13.4080381393433,206.133361816406,2.69689130783081,24.2136993408203,6.61317348480225,30.1561431884766,47.1196441650391,11062.4169921875,0.910000026226044,47,"86.5 - 93.1 mg/kg"
9770,5481.56914810835,"0",".","1",48.53,9.01,8.85833358764648,8.96666717529297,33.9646453857422,662.830810546875,23.5,-2.90000009536743,26.3999996185303,15.5166664123535,2,17.1166667938232,0.849999964237213,751,95,41,26.1322498321533,259,133,244,140,0.0970161482691765,1.1362601518631,106.193374633789,21.2541694641113,19.9982738494873,11.4388666152954,15.7059926986694,199.765762329102,2.33166861534119,25.5915203094482,6.62304067611694,37.8423385620117,42.1593856811523,11040.6669921875,0.857299983501434,46,"80.4 - 86.5 mg/kg"
9771,4146.39802731145,"0","1","1",48.56,9.11,8.43333339691162,8.51666641235352,33.1387786865234,655.193725585938,22.6000003814697,-3.09999990463257,25.7000007629395,14.9833335876465,1.61666667461395,16.5833339691162,0.516666650772095,765,97,42,25.9610271453857,262,135,250,144,0.104593865573406,1.30182087421417,44.4995727539062,24.2155380249023,27.5272388458252,10.4801416397095,14.3654222488403,269.817993164062,2.40825223922729,33.9637451171875,6.7230978012085,14.1339721679688,58.3387908935547,11093.75,0.900799989700317,45,"74.8 - 80.4 mg/kg"
9772,4174.87708312062,"0","1","1",48.41,8.85,8.41250038146973,9.30833339691162,34.9937362670898,660.368774414062,23.2999992370605,-3.29999995231628,26.5999984741211,15.0166664123535,1.51666676998138,16.6499996185303,0.466666698455811,795,94,50,21.0399494171143,261,154,246,166,0.1069545596838,1.26137900352478,29.3816356658936,19.2006607055664,30.5562534332275,10.2932939529419,9.37494087219238,279.429229736328,1.70005834102631,29.1099872589111,6.48914766311646,10.2774124145508,59.1663360595703,11127.25,0.931699991226196,46,"80.4 - 86.5 mg/kg"
9774,5456.19578153881,"0","0","0",48.59,9.22,8.84583282470703,8.92500019073486,33.935359954834,661.84814453125,23.3999996185303,-2.90000009536743,26.2999992370605,15.4666662216187,1.99999988079071,17.0833320617676,0.816666603088379,736,97,39,28.3316955566406,258,126,248,133,0.108826339244843,1.06629061698914,67.8324356079102,18.1525497436523,30.5883102416992,10.7006406784058,19.4668483734131,188.484329223633,3.24376225471497,45.5126113891602,6.64390087127686,32.3103637695312,37.1013259887695,11034.1669921875,0.837400019168854,43,"64.6 - 69.5 mg/kg"
9775,4861.92447868053,"0","0","1",48.41,8.79,8.12083339691162,9.09166622161865,34.4381332397461,654.628479003906,22.8999996185303,-3.5,26.3999996185303,14.6500005722046,1.28333330154419,16.3166656494141,0.283333271741867,831,92,55,16.4570846557617,258,175,242,192,0.100122131407261,1.24330008029938,34.5089645385742,19.1012840270996,24.1246070861816,9.85849952697754,9.59266471862793,311.250274658203,1.80725109577179,34.8796653747559,7.10765647888184,15.4358978271484,60.4394950866699,11156.9169921875,0.989600002765656,46,"80.4 - 86.5 mg/kg"
9776,4547.0307231005,"0","0","1",48.43,8.79,8.125,9.03333377838135,34.4783706665039,654.423767089844,22.7999992370605,-3.40000009536743,26.1999988555908,14.6499996185303,1.28333330154419,16.3166656494141,0.299999922513962,834,92,56,16.3470592498779,259,177,241,193,0.0961348563432693,1.1043883562088,0,24.2057666778564,24.696195602417,10.5276575088501,8.38326263427734,240.707412719727,2.11506748199463,42.5701293945312,7.04326248168945,12.9098358154297,62.3939666748047,11166.4169921875,0.992399990558624,46,"80.4 - 86.5 mg/kg"
9777,3540.85824742231,"0","0","1",48.57,9.17,8.72916698455811,8.77499961853027,33.75,659.612365722656,23.1000003814697,-2.90000009536743,26,15.3333330154419,1.89999997615814,16.9333343505859,0.733333349227905,737,96,39,27.8627548217773,257,127,246,134,0.098275899887085,1.21491718292236,21.1965236663818,15.1838331222534,24.3693695068359,9.3382740020752,8.75650215148926,253.726470947266,2.62832450866699,47.1775283813477,7.09804773330688,31.5013732910156,44.1292572021484,11071.8330078125,0.850899994373322,44,"69.5 - 74.8 mg/kg"
9778,5018.90305335246,"0","0","0",48.41,8.84,8.33333301544189,9.25,34.7744369506836,658.287536621094,23.2000007629395,-3.40000009536743,26.6000003814697,14.9000005722046,1.46666669845581,16.5666675567627,0.433333367109299,804,94,52,20.0070762634277,261,159,246,172,0.106588453054428,1.284552693367,53.8672218322754,21.2701187133789,29.7690811157227,9.63929748535156,14.4591979980469,386.436614990234,2.38571763038635,42.4655380249023,6.95137596130371,11.0979614257812,59.1329574584961,11129.1669921875,0.948199987411499,46,"80.4 - 86.5 mg/kg"
9779,3956.41822350785,"0","1","1",48.5,8.78,8.33333301544189,9.43333339691162,35.1990051269531,657.261291503906,23.5,-3.29999995231628,26.7999992370605,14.8500003814697,1.5,16.5666656494141,0.466666698455811,858,93,59,15.4883041381836,263,183,244,199,0.103344164788723,1.34031820297241,15.0249147415161,15.7513837814331,25.7028522491455,9.12885856628418,10.551417350769,337.750457763672,1.75191187858582,47.3017539978027,6.94833469390869,11.0661315917969,63.2310180664062,11074,1.00339996814728,46,"80.4 - 86.5 mg/kg"
9780,4320.04533859531,"0","1","1",48.43,8.79,8.125,9.03333377838135,34.4783706665039,654.423767089844,22.7999992370605,-3.40000009536743,26.1999988555908,14.6499996185303,1.28333330154419,16.3166656494141,0.299999922513962,834,92,56,16.3470592498779,259,177,241,193,0.0961348563432693,1.1043883562088,0,24.2057666778564,24.696195602417,10.5276575088501,8.38326263427734,240.707412719727,2.11506748199463,42.5701293945312,7.04326248168945,12.9098358154297,62.3939666748047,11166.4169921875,0.992399990558624,46,"80.4 - 86.5 mg/kg"
9781,4999.64459147152,"0","0","1",48.52,9.11,8.66250038146973,8.94166660308838,33.7421379089355,667.611511230469,23.3999996185303,-3.09999990463257,26.5,15.3666667938232,1.75,17,0.583333313465118,744,96,39,28.1026153564453,261,127,248,135,0.0878374576568604,1.27362704277039,52.4726219177246,22.0374870300293,16.4610538482666,9.46008586883545,11.7978801727295,243.266525268555,2.12943840026855,49.3164710998535,7.14157247543335,39.5851974487305,43.9537506103516,11095.5830078125,0.853799998760223,45,"74.8 - 80.4 mg/kg"
9782,3811.17091342491,"0","1","1",48.53,9.09,9.05000019073486,9.06666660308838,34.0852127075195,668.726745605469,23.8999996185303,-2.70000004768372,26.6000003814697,15.8000001907349,2.15000009536743,17.3833332061768,0.933333277702332,715,93,37,28.8264636993408,253,121,239,128,0.111806757748127,1.09899473190308,70.6612930297852,20.6040325164795,32.0474243164062,11.5971641540527,15.0275630950928,166.023391723633,2.37933158874512,39.5459213256836,6.89520978927612,28.0770111083984,39.8755645751953,11036.6669921875,0.819599986076355,45,"74.8 - 80.4 mg/kg"
9783,4885.86044980472,"0","0","1",48.52,9.05,9.16666698455811,9.11666679382324,34.0174140930176,669.576965332031,24.1000003814697,-2.70000004768372,26.8000011444092,15.9499998092651,2.26666665077209,17.5166664123535,1.04999995231628,721,94,38,28.4452610015869,255,123,240,131,0.0935939103364944,1.15571904182434,58.4258422851562,15.6363229751587,25.156099319458,12.5861597061157,11.0327920913696,184.307968139648,2.62070679664612,29.5445423126221,6.6573657989502,31.1732177734375,43.6706848144531,11013.0830078125,0.818199992179871,46,"80.4 - 86.5 mg/kg"
9784,5337.61843335492,"0","0","1",48.5,8.8,8.375,9.39999961853027,35.0746269226074,659.853637695312,23.5,-3.29999995231628,26.7999992370605,14.9166669845581,1.51666665077209,16.6333332061768,0.466666698455811,841,93,57,16.4875507354736,262,176,244,190,0.100829631090164,1.34525442123413,0,12.1138916015625,23.7931060791016,9.12265205383301,8.8122673034668,220.52197265625,2.16090607643127,40.4034538269043,6.42813158035278,17.6067123413086,58.6001815795898,11074.3330078125,0.97979998588562,46,"80.4 - 86.5 mg/kg"
9785,4432.16479302534,"0","0","1",48.54,9.02,8.82916641235352,8.875,33.745246887207,661.820678710938,23.3999996185303,-2.90000009536743,26.2999992370605,15.4833335876465,1.98333334922791,17.0833339691162,0.849999964237213,748,96,41,26.747652053833,260,132,245,140,0.108462929725647,1.05577254295349,19.5163402557373,24.4314250946045,20.5173835754395,10.7931900024414,12.9593496322632,213.628356933594,2.85348916053772,25.3566665649414,6.77711343765259,34.576530456543,44.9060859680176,11058.9169921875,0.858799993991852,46,"80.4 - 86.5 mg/kg"
9786,4445.06013310707,"0","0","1",48.54,9.01,8.69999980926514,8.80000019073486,33.5877838134766,660.984130859375,23.2000007629395,-3,26.2000007629395,15.3333330154419,1.84999990463257,16.9500007629395,0.733333349227905,764,97,42,25.7694473266602,262,136,247,144,0.104813471436501,1.03940737247467,65.7983627319336,22.4607696533203,31.2419586181641,11.1672191619873,16.1647891998291,204.204803466797,3.32539582252502,39.1709060668945,6.62199258804321,19.6755294799805,49.0825119018555,11061.5830078125,0.870999991893768,46,"80.4 - 86.5 mg/kg"
9787,4684.52609254431,"0","1","1",48.5,9,9.06666660308838,9.08333301544189,34.2767295837402,663.911743164062,23.7999992370605,-2.70000004768372,26.5,15.7666664123535,2.20000004768372,17.3333339691162,1.01666665077209,723,93,39,27.2673492431641,252,125,238,134,0.104216016829014,1.18464684486389,46.28759765625,11.8830118179321,21.9162826538086,9.20907211303711,17.7544384002686,261.133117675781,1.94702482223511,36.5623054504395,7.05180931091309,38.0331268310547,40.0505905151367,11036.25,0.834699988365173,48,"93.1 - 100 mg/kg"
9788,5458.15619049943,"0","0","1",48.53,9.01,8.85833358764648,8.96666717529297,33.9646453857422,662.830810546875,23.5,-2.90000009536743,26.3999996185303,15.5166664123535,2,17.1166667938232,0.849999964237213,751,95,41,26.1322498321533,259,133,244,140,0.0970161482691765,1.1362601518631,106.193374633789,21.2541694641113,19.9982738494873,11.4388666152954,15.7059926986694,199.765762329102,2.33166861534119,25.5915203094482,6.62304067611694,37.8423385620117,42.1593856811523,11040.6669921875,0.857299983501434,46,"80.4 - 86.5 mg/kg"
9789,5005.55252547763,"0","0","1",48.39,8.96,8.125,9.11666679382324,34.1448173522949,664.264831542969,23,-3.70000004768372,26.7000007629395,14.8166666030884,1.23333323001862,16.4166660308838,0.149999976158142,814,105,43,28.0054531097412,287,141,271,148,0.10609894245863,1.30116271972656,25.7878437042236,24.9458675384521,24.4441242218018,10.2622375488281,7.66864919662476,271.284729003906,3.01829433441162,33.6832809448242,6.75468873977661,18.0793838500977,57.4764938354492,11137.5830078125,0.9617999792099,45,"74.8 - 80.4 mg/kg"
9791,4873.44357337949,"0","0","1",48.6,9.2,8.65833282470703,8.73333358764648,33.5897445678711,659.075927734375,23,-3,26,15.2333335876465,1.83333325386047,16.8666667938232,0.683333396911621,753,98,40,27.6761837005615,263,130,250,138,0.103569455444813,1.18622052669525,108.500350952148,21.3964233398438,24.0297031402588,10.1167774200439,13.3314151763916,287.370666503906,1.87216925621033,34.8076438903809,7.26183652877808,12.8657760620117,63.1045227050781,11025.9169921875,0.863399982452393,44,"69.5 - 74.8 mg/kg"
9792,4455.99728353245,"0","1","1",48.54,9.09,8.76666641235352,8.86666679382324,33.7135620117188,665.590393066406,23.3999996185303,-2.90000009536743,26.2999992370605,15.4499998092651,1.88333332538605,17.0666656494141,0.716666698455811,742,96,40,27.4723587036133,259,129,246,136,0.106553465127945,1.12695443630219,55.8779067993164,23.2834072113037,28.828218460083,11.0916004180908,8.96576881408691,235.390960693359,2.7421600818634,33.5211448669434,6.70180940628052,30.6135940551758,40.5581893920898,11057.9169921875,0.849500000476837,45,"74.8 - 80.4 mg/kg"
9793,4413.09449476647,"0","0","1",48.57,9.16,8.69166660308838,8.69999980926514,33.5907325744629,659.04833984375,23,-2.90000009536743,25.8999996185303,15.283332824707,1.84999990463257,16.8833332061768,0.700000047683716,737,96,39,27.7284317016602,257,127,245,134,0.0925942286849022,1.33268547058105,58.1006927490234,21.6674537658691,24.7071990966797,10.7178249359131,9.58525943756104,204.116592407227,1.99729692935944,30.4593353271484,6.62162256240845,23.4339141845703,51.85888671875,11066,0.852299988269806,44,"69.5 - 74.8 mg/kg"
9794,5409.08750901877,"0","0","1",48.52,9.08,9.09166717529297,9.11666679382324,34.1448173522949,669.015014648438,24,-2.70000004768372,26.7000007629395,15.8500003814697,2.18333339691162,17.4333343505859,0.98333328962326,713,93,37,28.8542423248291,252,120,239,128,0.0995688810944557,1.14101827144623,76.236930847168,23.4808006286621,25.227991104126,11.8101062774658,11.7956142425537,167.971252441406,2.87325048446655,31.1508026123047,6.91998291015625,32.6380462646484,42.1339645385742,11042.0830078125,0.817099988460541,45,"74.8 - 80.4 mg/kg"
9795,5101.25051161404,"0","1","0",48.5,9.11,8.69166660308838,9.03333377838135,33.9598999023438,666.636169433594,23.5,-3.09999990463257,26.6000003814697,15.3999996185303,1.80000007152557,17,0.616666674613953,737,96,38,28.4921417236328,260,126,247,133,0.106931447982788,1.32252192497253,39.9860877990723,19.0260410308838,26.0402240753174,9.62835884094238,10.2916498184204,264.821655273438,2.18537974357605,38.2333526611328,7.12531042098999,22.3148880004883,51.644889831543,11096.6669921875,0.849799990653992,44,"69.5 - 74.8 mg/kg"
9796,4184.72330856606,"0","0","1",48.41,8.84,8.33333301544189,9.25,34.7744369506836,658.287536621094,23.2000007629395,-3.40000009536743,26.6000003814697,14.9000005722046,1.46666669845581,16.5666675567627,0.433333367109299,804,94,52,20.0070762634277,261,159,246,172,0.106588453054428,1.284552693367,53.8672218322754,21.2701187133789,29.7690811157227,9.63929748535156,14.4591979980469,386.436614990234,2.38571763038635,42.4655380249023,6.95137596130371,11.0979614257812,59.1329574584961,11129.1669921875,0.948199987411499,46,"80.4 - 86.5 mg/kg"
9797,5550.40456126765,"0","1","0",48.54,9.02,8.82916641235352,8.875,33.745246887207,661.820678710938,23.3999996185303,-2.90000009536743,26.2999992370605,15.4833335876465,1.98333334922791,17.0833339691162,0.849999964237213,748,96,41,26.747652053833,260,132,245,140,0.108462929725647,1.05577254295349,19.5163402557373,24.4314250946045,20.5173835754395,10.7931900024414,12.9593496322632,213.628356933594,2.85348916053772,25.3566665649414,6.77711343765259,34.576530456543,44.9060859680176,11058.9169921875,0.858799993991852,46,"80.4 - 86.5 mg/kg"
9798,5550.07882615945,"1","0","1",48.54,9.01,8.69999980926514,8.80000019073486,33.5877838134766,660.984130859375,23.2000007629395,-3,26.2000007629395,15.3333330154419,1.84999990463257,16.9500007629395,0.733333349227905,764,97,42,25.7694473266602,262,136,247,144,0.104813471436501,1.03940737247467,65.7983627319336,22.4607696533203,31.2419586181641,11.1672191619873,16.1647891998291,204.204803466797,3.32539582252502,39.1709060668945,6.62199258804321,19.6755294799805,49.0825119018555,11061.5830078125,0.870999991893768,46,"80.4 - 86.5 mg/kg"
9799,3936.81731722442,"0","0","1",48.39,8.85,8.36250019073486,9.39166641235352,35.1747817993164,661.311096191406,23.2999992370605,-3.40000009536743,26.6999988555908,14.9666662216187,1.46666669845581,16.6166667938232,0.416666656732559,795,95,50,21.1257591247559,261,154,247,166,0.112337797880173,1.19122684001923,28.4593410491943,20.1589450836182,27.2625789642334,9.59828662872314,10.0254573822021,307.980895996094,1.76551926136017,40.0757865905762,6.97068452835083,13.5805282592773,59.1568908691406,11140.75,0.932500004768372,46,"80.4 - 86.5 mg/kg"
9800,3333.68976272038,"0","1","1",48.54,9.01,8.69999980926514,8.80000019073486,33.5877838134766,660.984130859375,23.2000007629395,-3,26.2000007629395,15.3333330154419,1.84999990463257,16.9500007629395,0.733333349227905,764,97,42,25.7694473266602,262,136,247,144,0.104813471436501,1.03940737247467,65.7983627319336,22.4607696533203,31.2419586181641,11.1672191619873,16.1647891998291,204.204803466797,3.32539582252502,39.1709060668945,6.62199258804321,19.6755294799805,49.0825119018555,11061.5830078125,0.870999991893768,46,"80.4 - 86.5 mg/kg"
9801,5789.3339560125,"1","0",".",48.54,9.01,8.69999980926514,8.80000019073486,33.5877838134766,660.984130859375,23.2000007629395,-3,26.2000007629395,15.3333330154419,1.84999990463257,16.9500007629395,0.733333349227905,764,97,42,25.7694473266602,262,136,247,144,0.104813471436501,1.03940737247467,65.7983627319336,22.4607696533203,31.2419586181641,11.1672191619873,16.1647891998291,204.204803466797,3.32539582252502,39.1709060668945,6.62199258804321,19.6755294799805,49.0825119018555,11061.5830078125,0.870999991893768,46,"80.4 - 86.5 mg/kg"
9802,5323.6123793194,"0","0","0",48.51,9.11,8.66250038146973,8.95833301544189,33.8050308227539,667.345886230469,23.3999996185303,-3.09999990463257,26.5,15.3666667938232,1.75,16.9833335876465,0.583333313465118,744,96,39,27.9063205718994,260,127,248,135,0.102750144898891,1.30191910266876,31.1416492462158,22.3914833068848,27.4334945678711,9.92581558227539,9.68073177337646,299.633514404297,1.65885782241821,47.8344497680664,7.13806676864624,15.4020538330078,57.1644515991211,11103.3330078125,0.852699995040894,44,"69.5 - 74.8 mg/kg"
9803,4187.670990482,"0","1","1",48.42,8.76,8.58333301544189,9.36666679382324,35.0811462402344,658.49462890625,23.6000003814697,-3.09999990463257,26.7000007629395,15.1999998092651,1.71666669845581,16.8166656494141,0.650000035762787,812,91,54,16.7701034545898,253,170,237,186,0.100452840328217,1.16608905792236,165.656478881836,25.2978534698486,20.5391693115234,13.9063539505005,20.7248611450195,141.165557861328,4.00635766983032,17.1858654022217,6.81890058517456,30.019287109375,49.4415435791016,11130.3330078125,0.962700009346008,46,"80.4 - 86.5 mg/kg"
9804,4387.53797790691,"0","1","1",48.45,8.87,8.80000019073486,9.26666641235352,34.8370933532715,659.15234375,23.7000007629395,-2.90000009536743,26.6000003814697,15.4000005722046,1.93333327770233,17.0166664123535,0.849999964237213,770,93,47,22.2454280853271,256,146,239,158,0.111493110656738,1.18022239208221,158.668472290039,25.2235050201416,20.5413494110107,14.4625883102417,16.8192348480225,100.652038574219,3.45129728317261,18.6644821166992,6.91716861724854,35.2972183227539,44.1614303588867,11085.5830078125,0.90039998292923,47,"86.5 - 93.1 mg/kg"
9805,4230.25275883801,"0","0","1",48.54,9.09,8.76666641235352,8.86666679382324,33.7135620117188,665.590393066406,23.3999996185303,-2.90000009536743,26.2999992370605,15.4499998092651,1.88333332538605,17.0666656494141,0.716666698455811,742,96,40,27.4723587036133,259,129,246,136,0.106553465127945,1.12695443630219,55.8779067993164,23.2834072113037,28.828218460083,11.0916004180908,8.96576881408691,235.390960693359,2.7421600818634,33.5211448669434,6.70180940628052,30.6135940551758,40.5581893920898,11057.9169921875,0.849500000476837,45,"74.8 - 80.4 mg/kg"
9806,5247.55757207953,"1","0","1",48.56,9.16,8.88749980926514,8.875,33.8740463256836,661.7783203125,23.3999996185303,-2.79999995231628,26.1999988555908,15.5166664123535,2.03333330154419,17.1166667938232,0.849999964237213,719,95,37,28.8136291503906,253,121,242,129,0.0950975492596626,1.31132090091705,25.3704433441162,21.0884113311768,20.3633403778076,14.2207794189453,15.87437915802,177.099807739258,1.62715709209442,13.0015726089478,6.05808782577515,43.0783309936523,36.5583267211914,11062.1669921875,0.828199982643127,44,"69.5 - 74.8 mg/kg"
9807,4530.14018198761,"0","0","1",48.6,9.22,8.83333301544189,8.88333320617676,33.9058532714844,661.095275878906,23.2999992370605,-2.90000009536743,26.1999988555908,15.4499998092651,1.99999988079071,17.0666656494141,0.816666603088379,739,97,39,28.5466556549072,260,126,248,133,0.112359330058098,1.07073581218719,116.880592346191,19.9251346588135,27.6837005615234,9.1639928817749,19.7195472717285,283.708709716797,1.64887738227844,45.418701171875,7.36342906951904,24.3422775268555,47.9740219116211,11010.1669921875,0.842199981212616,43,"64.6 - 69.5 mg/kg"
9808,4866.55009189626,"0","0","0",48.52,9.08,9.09166717529297,9.11666679382324,34.1448173522949,669.015014648438,24,-2.70000004768372,26.7000007629395,15.8500003814697,2.18333339691162,17.4333343505859,0.98333328962326,713,93,37,28.8542423248291,252,120,239,128,0.0995688810944557,1.14101827144623,76.236930847168,23.4808006286621,25.227991104126,11.8101062774658,11.7956142425537,167.971252441406,2.87325048446655,31.1508026123047,6.91998291015625,32.6380462646484,42.1339645385742,11042.0830078125,0.817099988460541,45,"74.8 - 80.4 mg/kg"
9809,5014.35604112077,"0","0",".",48.52,9.05,9.16666698455811,9.11666679382324,34.0174140930176,669.576965332031,24.1000003814697,-2.70000004768372,26.8000011444092,15.9499998092651,2.26666665077209,17.5166664123535,1.04999995231628,721,94,38,28.4452610015869,255,123,240,131,0.0935939103364944,1.15571904182434,58.4258422851562,15.6363229751587,25.156099319458,12.5861597061157,11.0327920913696,184.307968139648,2.62070679664612,29.5445423126221,6.6573657989502,31.1732177734375,43.6706848144531,11013.0830078125,0.818199992179871,46,"80.4 - 86.5 mg/kg"
9810,5008.34151532228,"0","0","1",48.53,9.07,9.10000038146973,9.08333301544189,34.0199737548828,668.886474609375,24,-2.70000004768372,26.7000007629395,15.8666667938232,2.20000004768372,17.4500007629395,1.01666665077209,719,94,38,28.7028865814209,255,123,241,131,0.108143381774426,1.11289000511169,94.7033920288086,24.021167755127,29.4286212921143,12.1849784851074,9.33479499816895,313.844818115234,2.78523826599121,31.8097381591797,6.76579570770264,35.7666244506836,34.8047561645508,11033.3330078125,0.818700015544891,46,"80.4 - 86.5 mg/kg"
9811,3845.37188229018,"0","0","1",48.52,9.05,9.16666698455811,9.11666679382324,34.0174140930176,669.576965332031,24.1000003814697,-2.70000004768372,26.8000011444092,15.9499998092651,2.26666665077209,17.5166664123535,1.04999995231628,721,94,38,28.4452610015869,255,123,240,131,0.0935939103364944,1.15571904182434,58.4258422851562,15.6363229751587,25.156099319458,12.5861597061157,11.0327920913696,184.307968139648,2.62070679664612,29.5445423126221,6.6573657989502,31.1732177734375,43.6706848144531,11013.0830078125,0.818199992179871,46,"80.4 - 86.5 mg/kg"
9812,4619.0732364277,"0","0","1",48.52,9.03,9.12916660308838,9.09166717529297,34.0511856079102,666.27001953125,24,-2.70000004768372,26.7000007629395,15.8666667938232,2.26666665077209,17.4333343505859,1.04999995231628,723,92,39,27.1694183349609,252,125,237,134,0.10321069508791,1.16684436798096,26.2624206542969,14.5297155380249,26.8426780700684,11.5293703079224,9.73069477081299,252.625503540039,3.10725498199463,36.6665153503418,5.70329666137695,25.0108489990234,48.1464729309082,11043.8330078125,0.824999988079071,46,"80.4 - 86.5 mg/kg"
9813,4918.70950994259,".","0","1",48.4,8.77,8.15833282470703,9.19999980926514,34.7169799804688,656.398010253906,23,-3.5,26.5,14.7333335876465,1.28333330154419,16.3666667938232,0.283333301544189,824,91,55,16.4839935302734,256,174,240,191,0.099848598241806,1.2702704668045,54.4324226379395,27.9173831939697,23.8666305541992,11.4851016998291,9.97759819030762,238.41438293457,2.94569540023804,20.5958156585693,6.650390625,26.1652069091797,49.9681625366211,11153.25,0.978500008583069,46,"80.4 - 86.5 mg/kg"
9814,3940.54676912988,"0","1","1",48.42,8.79,8.12083339691162,9.05833339691162,34.3118705749512,655.176818847656,22.8999996185303,-3.5,26.3999996185303,14.6500005722046,1.26666665077209,16.3166656494141,0.283333271741867,831,92,55,16.5241088867188,258,175,242,192,0.116252601146698,1.17578852176666,13.2917165756226,15.6036987304688,27.7355079650879,10.8076810836792,10.1000413894653,337.351654052734,1.71920919418335,31.0516815185547,6.50185775756836,10.0407180786133,62.2237739562988,11165.9169921875,0.989499986171722,46,"80.4 - 86.5 mg/kg"
9815,4717.13129947511,"0","0","1",48.54,9.02,8.82916641235352,8.875,33.745246887207,661.820678710938,23.3999996185303,-2.90000009536743,26.2999992370605,15.4833335876465,1.98333334922791,17.0833339691162,0.849999964237213,748,96,41,26.747652053833,260,132,245,140,0.108462929725647,1.05577254295349,19.5163402557373,24.4314250946045,20.5173835754395,10.7931900024414,12.9593496322632,213.628356933594,2.85348916053772,25.3566665649414,6.77711343765259,34.576530456543,44.9060859680176,11058.9169921875,0.858799993991852,46,"80.4 - 86.5 mg/kg"
9817,3682.04614230246,"0","0","1",39.84,-6.6,15.9833335876465,10.5333337783813,37.7538833618164,622.61669921875,32.2000007629395,4.30000019073486,27.9000015258789,9.75,24.0499992370605,24.0666675567627,8.96666717529297,606,90,7,54.2079315185547,253,41,45,230,0.0616543591022491,1.47864174842834,0,7.3731484413147,11.0212955474854,10.1666965484619,20.6816902160645,294.671997070312,1.6843409538269,8.07387065887451,6.11170959472656,51.5263900756836,37.4523162841797,16543.75,0.36259999871254,34,"33.5 - 36.0 mg/kg"
9819,4453.44112875176,"0","1","1",42.35,-3.03,9.92083358764648,10.4583339691162,40.0702438354492,567.676513671875,25.1000003814697,-1,26.1000003814697,11.3000001907349,17.2333335876465,17.2333335876465,3.48333334922791,567,65,27,25.2464122772217,176,97,97,155,0.115901000797749,1.09305465221405,198.792617797852,20.2680568695068,21.4462203979492,11.6390180587769,13.0915756225586,182.939376831055,1.64561867713928,17.1937923431396,6.96962928771973,49.9618721008301,28.5919036865234,14065.25,0.482800006866455,42,"60.0 - 64.6 mg/kg"
9820,4370.27574270178,"0","0","1",41,-4.71,11.6333332061768,11.8999996185303,40.2027015686035,632.427978515625,29,-0.600000023841858,29.6000003814697,7.88333320617676,19.6333332061768,19.8166656494141,4.43333339691162,376,46,13,32.6333847045898,120,59,63,102,0.0626707598567009,1.19730412960052,35.7662239074707,6.78001546859741,7.21502256393433,13.5198841094971,24.4539318084717,154.928466796875,0.961916267871857,13.7415800094604,6.91881370544434,71.426513671875,21.3584671020508,15586.6669921875,0.271499991416931,55,"155 - 167 mg/kg"
9821,5159.08112480778,"0","0","1",41.81,2.49,12.7749996185303,9.14999961853027,37.0445327758789,560.208984375,26.1000003814697,1.39999997615814,24.7000007629395,13.6999998092651,7.08333349227905,20.0166664123535,6.46666669845581,787,86,39,21.6078567504883,241,162,190,170,0.112994693219662,0.995443344116211,61.0684547424316,14.4881296157837,25.0011672973633,13.1573438644409,16.9232635498047,235.984664916992,2.91762280464172,10.1703357696533,6.40737438201904,33.0723190307617,41.926513671875,14796.6669921875,0.638700008392334,46,"80.4 - 86.5 mg/kg"
9822,4287.4918677487,"0","0",".",40.52,-4.02,13.3041667938232,10.875,36.7398643493652,676.365478515625,30.5,0.899999976158142,29.6000003814697,9.31666660308838,22.033332824707,22.1833343505859,5.75,392,49,13,35.243782043457,132,55,58,107,0.0797496438026428,1.10085844993591,41.3666191101074,10.4341535568237,17.448450088501,10.6662673950195,26.6075000762939,310.901214599609,1.6208997964859,30.3882694244385,6.97707366943359,46.9905853271484,35.5609664916992,15868.0830078125,0.258399993181229,60,"224 - 241 mg/kg"
9823,4620.39311186604,"0",".","1",43.34,-5.84,12.8708333969116,8.49166679382324,42.6716918945312,426.142608642578,23.5,3.59999990463257,19.8999996185303,11.4499998092651,18.1666660308838,18.4166660308838,8.01666641235352,952,105,48,26.3334693908691,284,153,153,272,0.110564202070236,1.01559150218964,13.1599960327148,12.8555574417114,22.4269866943359,11.5885601043701,22.4864120483398,89.6100616455078,3.70010733604431,35.2966690063477,5.4853138923645,42.6910400390625,34.8819732666016,12387.75,0.929300010204315,41,"55.8 - 60.0 mg/kg"
9824,5760.59208639603,"0","0","0",42.91,-4.91,7.875,8.83333301544189,35.4752349853516,578.581726074219,22.3999996185303,-2.5,24.8999996185303,2.19999980926514,15.3500003814697,15.3500003814697,1.28333330154419,876,105,37,30.2884731292725,295,134,134,278,0.122595682740211,1.0172131061554,13.0256061553955,11.7845821380615,24.4627933502197,15.3655033111572,20.9939651489258,160.327941894531,2.6853723526001,16.3659114837646,5.70106315612793,37.5424270629883,37.9947814941406,14169.0830078125,0.847199976444244,33,"31.1 - 33.5 mg/kg"
9825,4389.94831406031,"0","0","0",40.4,-3.88,14.2875003814697,11.3583335876465,37.2404365539551,687.773498535156,31.8999996185303,1.39999997615814,30.5,10.1666669845581,23.1333332061768,23.3166675567627,6.56666660308838,394,48,11,38.0984535217285,137,51,52,114,0.0857321098446846,1.37136101722717,98.1231536865234,18.6574478149414,23.1361751556396,10.2981157302856,13.2337560653687,389.506866455078,1.28145861625671,4.81980323791504,7.37215185165405,38.7792892456055,38.0845336914062,15912,0.25560000538826,63,"279 - 300 mg/kg"
9826,4156.22309594783,"0","1","0",42.49,-6.71,12.029167175293,10.5083332061768,39.0644378662109,582.121765136719,27.6000003814697,0.699999988079071,26.8999996185303,8.55000019073486,19.5,19.5,5.23333358764648,1010,136,27,44.6095008850098,393,106,106,351,0.109365366399288,0.982380270957947,53.8632392883301,8.88501071929932,20.0255661010742,11.6434688568115,22.6955642700195,154.449295043945,1.65032696723938,32.4130630493164,6.3098349571228,46.8378143310547,33.1366195678711,14174.6669921875,0.827600002288818,27,"20.1 - 21.6 mg/kg"
9827,5907.46212664414,"0","0","1",42.78,0.69,10.4958333969116,9.72500038146973,37.6937980651855,577.13818359375,24.7000007629395,-1.10000002384186,25.8000011444092,11.8833332061768,4.43333339691162,17.8666667938232,3.79999995231628,1089,110,65,13.9741954803467,305,244,244,250,0.11052817851305,1.0648912191391,NA,NA,18.7266387939453,NA,26.2883815765381,NA,NA,NA,NA,47.6873474121094,33.5860137939453,14162.25,0.917500019073486,44,"69.5 - 74.8 mg/kg"
9828,4179.93760049494,"0","1","0",42.5,-6.15,10.1875,10.9250001907349,38.8790016174316,611.046508789062,26.6000003814697,-1.5,28.1000003814697,4.09999990463257,18.1499996185303,18.1499996185303,3.29999995231628,932,118,36,35.5863418579102,333,125,125,311,0.0910027176141739,1.07572042942047,0,9.69253063201904,10.3612499237061,10.920539855957,17.8862895965576,149.188827514648,2.21368670463562,15.7673177719116,6.00271272659302,54.0239944458008,35.6147537231445,14468.3330078125,0.776799976825714,15,"8.35 - 8.98 mg/kg"
9830,4196.72071255684,"0","1","1",36.97,-3.28,11.2541666030884,12.8249998092651,40.078125,672.882019042969,30.1000003814697,-1.89999997615814,32,4.78333330154419,20,20.1000003814697,3.75,567,75,6,51.9085311889648,215,37,38,210,0.10355418920517,1.38565111160278,18.4260158538818,16.4185409545898,23.0304431915283,12.3176107406616,32.354564666748,231.823532104492,2.64708614349365,26.9971466064453,6.4227876663208,43.3361968994141,33.6333618164062,17171.166015625,0.389800012111664,48,"93.1 - 100 mg/kg"
9831,4243.37541209074,"0","0","1",38.54,-3.39,14.3958330154419,13.7916669845581,39.7454376220703,742.129760742188,34.7999992370605,0.100000001490116,34.7000007629395,9.89999961853027,23.9499988555908,24.1833324432373,6.11666679382324,439,60,6,46.536693572998,161,36,41,149,0.0896613523364067,1.43255364894867,44.2887802124023,13.8640069961548,27.5750904083252,9.03856658935547,28.3823852539062,336.276031494141,1.3689968585968,16.209358215332,7.19623184204102,42.0790252685547,30.3458862304688,16583.333984375,0.261700004339218,46,"80.4 - 86.5 mg/kg"
9832,3550.48470896895,"0",".","1",40.54,-3.69,13.75,11.5,37.5816993713379,681.512329101562,31.3999996185303,0.800000011920929,30.6000003814697,9.66666698455811,22.6666660308838,22.6666660308838,6.06666660308838,409,53,11,39.5229568481445,148,51,51,121,0.100234784185886,1.3123517036438,27.8236827850342,14.4274234771729,10.7371912002563,11.6792678833008,22.8883380889893,267.326416015625,1.28452515602112,15.7363338470459,6.94149494171143,45.2379570007324,44.0248527526855,15808.3330078125,0.26690000295639,62,"259 - 279 mg/kg"
9833,4235.74185179623,"0",".","0",40.38,-4.21,14.0124998092651,11.1916666030884,37.0584983825684,679.415283203125,31.5,1.29999995231628,30.2000007629395,9.96666622161865,22.7666664123535,22.9333343505859,6.40000009536743,358,44,12,34.4298896789551,119,51,55,96,0.0923738181591034,1.03786742687225,58.4091987609863,12.3915328979492,20.6406021118164,10.3666343688965,19.2879524230957,397.978485107422,1.19487261772156,20.6892375946045,7.13476324081421,53.1511764526367,26.2082214355469,15944.9169921875,0.23199999332428,49,"100 - 108 mg/kg"
9834,3958.43198928433,"0",".","0",40.51,-3.9,13.7791662216187,11.2416667938232,37.347728729248,679.600341796875,31.2000007629395,1.10000002384186,30.1000003814697,9.69999980926514,22.533332824707,22.7000007629395,6.16666650772095,392,47,12,36.758731842041,136,53,54,113,0.0884580314159393,1.37972450256348,103.991271972656,13.2626247406006,20.1009254455566,10.9697895050049,18.2025661468506,250.875610351562,1.36842823028564,15.4613914489746,7.30329275131226,45.5005149841309,34.3985595703125,15888.3330078125,0.256300002336502,63,"279 - 300 mg/kg"
9835,3757.87607661566,"0","0","1",40.61,-6.57,13.1499996185303,10.1833333969116,38.8676834106445,573.038146972656,28.3999996185303,2.20000004768372,26.1999988555908,7.55000019073486,20.6833324432373,20.6833324432373,6.75,948,143,15,55.3347244262695,398,73,73,398,0.074891023337841,1.48067438602448,0,5.98834943771362,14.0647058486938,8.94546127319336,25.5673141479492,193.839645385742,1.73201096057892,19.8418979644775,6.17797040939331,45.078857421875,40.8564376831055,15919.75,0.643800020217896,20,"12.0 - 12.9 mg/kg"
9836,5894.87080452518,"0","0","1",41.25,-1.32,11.125,12.8500003814697,41.5857582092285,641.307250976562,29.2000007629395,-1.70000004768372,30.9000015258789,12.8166666030884,4.83333349227905,19.4333343505859,3.93333339691162,442,68,23,36.3958206176758,166,74,113,84,0.112403243780136,1.38031089305878,93.1516189575195,12.6508417129517,22.7967681884766,13.3156032562256,20.141149520874,197.180435180664,2.15030074119568,22.7729549407959,6.17212343215942,34.2856750488281,42.9175567626953,15470.6669921875,0.307399988174438,22,"13.9 - 15.0 mg/kg"
9837,4185.56863893681,"0","0","1",37.94,-5.6,14.2041664123535,11.8249998092651,39.5484924316406,629.030517578125,31.7000007629395,1.79999995231628,29.9000015258789,8.05000019073486,22.2999992370605,22.466667175293,7.11666679382324,694,111,4,61.8847694396973,305,33,35,282,0.100450694561005,1.40150606632233,62.1045875549316,10.9311532974243,12.8404808044434,14.8348817825317,20.1921768188477,412.566650390625,1.07828068733215,1.44834530353546,5.69928073883057,53.1408386230469,34.0186767578125,17152.583984375,0.415600001811981,30,"25.0 - 26.9 mg/kg"
9838,4312.19266162798,"0","0","1",41.83,-5.38,12.1416664123535,11.1000003814697,39.0845069885254,618.248413085938,28.7000007629395,0.300000011920929,28.4000015258789,5.78333330154419,20.1499996185303,20.1499996185303,5.08333349227905,516,65,17,35.3686180114746,179,67,67,169,0.0847691595554352,1.38173818588257,35.164421081543,9.87438774108887,16.7856178283691,7.80725336074829,16.0023727416992,129.560485839844,1.06954705715179,10.1292285919189,7.02451753616333,48.7307319641113,34.4836502075195,15199.6669921875,0.377799987792969,47,"86.5 - 93.1 mg/kg"
9839,4079.81700272744,"0","0",".",40.44,-4.27,12.3208332061768,9.75833320617676,34.4817428588867,666.525756835938,28.7999992370605,0.5,28.2999992370605,8.44999980926514,20.9833335876465,21.1166667938232,4.94999980926514,396,48,15,34.6419258117676,133,56,62,105,0.0929712876677513,1.07000494003296,34.3865814208984,9.551438331604,16.6202449798584,14.2626533508301,25.9791965484619,257.555267333984,1.74914371967316,32.7614097595215,6.58902549743652,40.217887878418,43.161865234375,16060.4169921875,0.268999993801117,45,"74.8 - 80.4 mg/kg"
9840,5403.78481486054,"0","0","1",41.13,-1.43,11.9708337783813,13.4583330154419,42.4553108215332,650.23583984375,30.2999992370605,-1.39999997615814,31.6999988555908,13.8000001907349,5.63333320617676,20.4166660308838,4.63333320617676,412,64,20,38.2448501586914,157,66,107,75,0.0929095074534416,1.43043446540833,236.770812988281,20.2767753601074,15.9488391876221,18.1592922210693,21.5486679077148,237.664398193359,1.46343016624451,18.8415184020996,7.00595331192017,47.1387329101562,36.9124298095703,15442,0.274899989366531,26,"18.6 - 20.1 mg/kg"
9841,3930.06770822919,"0","1","1",40.59,-4.15,11.6083335876465,9.53333377838135,34.5410652160645,657.518859863281,27.5,-0.100000001490116,27.6000003814697,7.81666660308838,20.1333332061768,20.216667175293,4.23333311080933,429,54,17,33.5302696228027,140,63,68,112,0.103403925895691,1.06490230560303,NA,NA,18.3173561096191,NA,27.4752712249756,NA,NA,NA,NA,53.8591194152832,27.8235244750977,15838.3330078125,0.31470000743866,55,"155 - 167 mg/kg"
9843,3459.28797949628,"0","1","1",40.53,-3.92,14.0291662216187,11.3250007629395,37.624584197998,676.499877929688,31.3999996185303,1.29999995231628,30.1000003814697,9.98333358764648,22.7333335876465,22.8833332061768,6.41666650772095,375,45,11,37.3996772766113,131,50,51,107,0.0872208997607231,1.20819425582886,24.0951671600342,12.6562614440918,17.9990749359131,11.3792314529419,30.4726161956787,208.961883544922,1.31074094772339,18.5538482666016,6.92746591567993,49.8437652587891,32.1571578979492,15883.0830078125,0.244599997997284,63,"279 - 300 mg/kg"
9844,5003.40251592294,"0","0","1",42.27,0.19,13.7041664123535,10.125,35.4020957946777,651.220764160156,30.2000007629395,1.60000002384186,28.6000003814697,15,21.8666667938232,22.2000007629395,6.18333339691162,612,65,27,22.4716663360596,186,125,131,145,0.107849068939686,1.39534866809845,233.749099731445,16.5877590179443,21.3388900756836,13.8992290496826,8.11128807067871,169.077102661133,1.79041147232056,17.9411277770996,7.98058462142944,28.6402206420898,50.0208892822266,15010,0.406300008296967,54,"144 - 155 mg/kg"
9845,3526.13461249893,"0",".","1",40.48,-3.96,14.2041664123535,11.5416669845581,37.8415298461914,680.405822753906,31.7999992370605,1.29999995231628,30.5,10.1333332061768,22.9500007629395,23.1000003814697,6.53333330154419,369,44,11,36.5118522644043,127,50,51,105,0.0873232930898666,1.31625771522522,95.7967147827148,14.3702201843262,23.8037796020508,10.3681421279907,22.1012783050537,323.424285888672,1.38611781597137,16.5763530731201,7.23985576629639,45.6197280883789,30.5764923095703,15885.9169921875,0.239999994635582,62,"259 - 279 mg/kg"
9846,4377.18969114845,"0","0","1",42.31,-3.02,10.25,10.5833330154419,40.2408103942871,571.890808105469,25.5,-0.800000011920929,26.2999992370605,11.7333335876465,17.5666675567627,17.5666675567627,3.71666669845581,526,61,25,24.9798431396484,164,90,90,142,0.111507900059223,1.03624165058136,96.9253387451172,16.7425308227539,19.1335258483887,12.1043319702148,17.0135765075684,204.275436401367,1.6742467880249,32.9632759094238,6.51299142837524,53.28369140625,27.5827789306641,14084,0.445800006389618,38,"44.8 - 48.2 mg/kg"
9847,4148.4456145392,"0","0","1",43.31,-5.7,13.0874996185303,8.34166622161865,42.3434867858887,428.210479736328,23.3999996185303,3.70000004768372,19.6999988555908,10.9666662216187,18.3666667938232,18.6000003814697,8.11666679382324,920,97,48,25.6004180908203,281,148,151,263,0.116251870989799,0.947040498256683,NA,NA,32.7895240783691,NA,14.7053661346436,NA,NA,NA,NA,24.1816864013672,43.0287895202637,12389.6669921875,0.903199970722198,42,"60.0 - 64.6 mg/kg"
9848,4212.92859118181,"0","1","0",40.11,-5.77,13.4499998092651,10.3000001907349,38.2899627685547,594.76123046875,28.6000003814697,1.70000004768372,26.8999996185303,7.44999980926514,21.1833324432373,21.1833324432373,6.69999980926514,598,81,9,47.6199569702148,228,49,49,221,0.0828139409422874,1.10183930397034,19.1464729309082,11.7494258880615,16.5737571716309,12.6305055618286,28.6387519836426,290.192138671875,1.43495690822601,26.9570045471191,6.62293004989624,52.3501892089844,31.0760498046875,16323.5,0.409799993038177,28,"21.6 - 23.2 mg/kg"
9849,5549.30118757081,"0","0","0",40.65,-4.11,11.2875003814697,9.17500019073486,33.731616973877,653.769226074219,27,-0.200000002980232,27.2000007629395,7.55000019073486,19.7666664123535,19.8500003814697,3.96666669845581,447,56,18,33.0907020568848,146,66,71,118,0.0929072201251984,1.08184885978699,50.5188140869141,7.58577537536621,13.3503255844116,14.3088941574097,23.6086654663086,218.963241577148,1.27373075485229,21.2469062805176,6.2730860710144,52.8987693786621,33.7509078979492,15801.5830078125,0.331699997186661,57,"180 - 193 mg/kg"
9850,4401.5880135405,"0","0","1",42.86,-0.7,7.36250019073486,9.70833301544189,36.7739906311035,595.346069335938,23,-3.40000009536743,26.3999996185303,1.68333327770233,15.1333332061768,15.1333332061768,0.666666686534882,1088,113,55,20.3471012115479,320,193,193,301,0.123462691903114,0.954210162162781,88.5461349487305,23.3778476715088,29.4112586975098,13.0395050048828,34.8446769714355,187.527130126953,3.73070621490479,29.8979721069336,6.41650629043579,38.0875587463379,32.5011825561523,13868.5830078125,0.999199986457825,38,"44.8 - 48.2 mg/kg"
9851,4479.52738874913,"0",".","1",42.96,-6.1,8.32916641235352,10.125,38.0639114379883,595.236633300781,23.8999996185303,-2.70000004768372,26.6000003814697,2.51666665077209,15.9499998092651,16.0499992370605,1.54999995231628,1120,133,47,32.1673011779785,387,160,165,361,0.118983000516891,1.00606179237366,94.7534866333008,22.0390586853027,22.1085681915283,12.2513608932495,17.0561790466309,136.612197875977,1.960728764534,13.3974237442017,6.8869948387146,45.8208694458008,32.0705642700195,13867,1.04670000076294,36,"38.7 - 41.7 mg/kg"
9852,3614.89963318991,"0","1","1",40.46,-3.75,14.3625001907349,11.2416667938232,37.1012115478516,677.898254394531,31.7999992370605,1.5,30.2999992370605,10.2833337783813,23.216667175293,23.216667175293,6.68333339691162,389,49,10,40.1784133911133,140,48,48,117,0.0787083134055138,1.42842590808868,83.9294662475586,15.9438257217407,18.2117309570312,9.27571105957031,14.3287401199341,408.065490722656,1.49994707107544,18.7520217895508,7.30288600921631,45.6380004882812,36.1502685546875,15897.6669921875,0.254000008106232,63,"279 - 300 mg/kg"
9853,4247.23263595755,"0","1",".",43.33,-5.91,13.1875,8.44166660308838,43.5137481689453,408.618103027344,23.3999996185303,4,19.3999996185303,11.25,18.216667175293,18.4833335876465,8.48333358764648,948,103,47,27.8541240692139,294,145,149,274,0.106589332222939,1.03232777118683,82.8426895141602,18.3968906402588,22.5595302581787,11.9252901077271,29.5117225646973,105.826271057129,3.04853129386902,21.5392456054688,6.34204626083374,39.7928924560547,37.647575378418,12348.5,0.953499972820282,40,"51.9 - 55.8 mg/kg"
9854,4870.00659448866,"0","0","1",43.36,-5.88,13.1208333969116,8.625,43.125,423.794860839844,23.7999992370605,3.79999995231628,20,11.0833330154419,18.3833332061768,18.6499996185303,8.30000019073486,961,105,49,26.3856754302979,290,153,155,275,0.119189105927944,1.00903618335724,138.761947631836,18.3709182739258,32.724739074707,12.0721788406372,12.827618598938,211.943862915039,2.73614597320557,10.2158002853394,6.70673751831055,21.4832382202148,45.7920227050781,12317.8330078125,0.925000011920929,40,"51.9 - 55.8 mg/kg"
9855,3129.33651681264,"0","1","0",40.57,-3.89,13.6416664123535,10.9499998092651,36.8686866760254,673.615844726562,30.7999992370605,1.10000002384186,29.6999988555908,9.63333320617676,22.466667175293,22.466667175293,6.06666660308838,391,47,12,36.6333045959473,136,54,54,110,0.0924323946237564,1.08355367183685,68.8322219848633,12.9357995986938,20.4545974731445,11.2972888946533,19.2363147735596,234.559371948242,1.20304155349731,32.0507507324219,7.03958177566528,46.9984169006348,32.5469818115234,15827.75,0.25670000910759,63,"279 - 300 mg/kg"
9866,3788.23963043803,"0","1","1",41.89,-2.79,9.35000038146973,10.5333337783813,38.5836372375488,602.034423828125,25.2000007629395,-2.09999990463257,27.3000011444092,10.8166666030884,17.1499996185303,17.1499996185303,2.58333325386047,495,59,22,26.0477256774902,154,81,81,136,0.105305410921574,1.16364109516144,2.22608804702759,11.0522632598877,19.084285736084,13.3377256393433,16.7014865875244,146.855743408203,1.9537787437439,12.6251401901245,6.02237939834595,54.7396926879883,26.176025390625,14787.6669921875,0.404000014066696,17,"9.66 - 10.4 mg/kg"
9867,4945.51039773827,"0","0","1",40.94,-3.22,11.3791666030884,10.8583335876465,36.93310546875,662.122802734375,28.5,-0.899999976158142,29.3999996185303,7.63333320617676,19.9833335876465,20.0499992370605,4,398,48,13,33.413745880127,132,57,60,105,0.0925649553537369,1.44459402561188,93.8611602783203,11.0854816436768,11.4882259368896,13.177393913269,27.0069217681885,209.046600341797,1.49231886863708,14.2374706268311,6.24994993209839,54.3925857543945,34.1191864013672,15442.8330078125,0.290600001811981,52,"125 - 134 mg/kg"
9868,4627.25481215453,"0","1",".",41.78,2.37,11.6374998092651,9.05833339691162,36.2333335876465,572.133666992188,25.3999996185303,0.400000005960464,25,16.5833339691162,5.81666660308838,19.0666675567627,5.25,820,93,45,21.8592643737793,244,156,208,166,0.105431854724884,1.05476534366608,69.6629180908203,15.3620128631592,18.1816883087158,13.705717086792,28.4678630828857,209.723556518555,2.17903399467468,32.8880844116211,6.44383907318115,32.3098907470703,49.5084228515625,14851.25,0.677299976348877,43,"64.6 - 69.5 mg/kg"
9869,4128.4255705473,"0","0",".",36.76,-5.28,14.1333332061768,10.783332824707,39.6446075439453,572.273498535156,29.8999996185303,2.70000004768372,27.1999988555908,8.78333377838135,21.466667175293,21.7333335876465,7.73333311080933,765,122,2,70.6357498168945,351,21,26,340,0.111178293824196,0.988147735595703,110.294357299805,10.1795597076416,21.0323715209961,13.8729553222656,15.044228553772,302.363555908203,0.846886098384857,10.9898805618286,6.0138144493103,43.2256622314453,35.7419662475586,17553,0.467900007963181,60,"224 - 241 mg/kg"
9870,4688.39456171773,"0",".","1",41.91,0.17,15.1083335876465,11.25,37.6254196166992,676.161743164062,31.7999992370605,1.89999997615814,29.8999996185303,16.1666660308838,23.5499992370605,23.6666660308838,7.09999990463257,453,54,17,27.6004028320312,140,88,95,97,0.10090808570385,1.34983420372009,230.614944458008,17.8526592254639,23.7369651794434,12.1580467224121,12.0472478866577,205.653900146484,1.51086056232452,26.8203392028809,7.8876051902771,27.8123168945312,48.4507179260254,15194.4169921875,0.294800013303757,44,"69.5 - 74.8 mg/kg"
9871,3502.85361569859,"0","0","1",40.75,-3.99,9.13749980926514,8.54166698455811,32.3547973632812,653.845703125,24.5,-1.89999997615814,26.3999996185303,5.61666679382324,17.7333335876465,17.7333335876465,1.93333339691162,664,80,21,38.2777900695801,230,81,81,191,0.105171881616116,1.0736483335495,55.3218078613281,14.2338151931763,17.5209007263184,11.8600959777832,32.6948471069336,107.610244750977,1.74749982357025,25.2604446411133,6.5848126411438,50.4518890380859,32.0272064208984,15637.5830078125,0.52319997549057,61,"241 - 259 mg/kg"
9873,4180.20468041299,"0","0","1",37.94,-5.45,15.8833332061768,12.5999994277954,41.3114776611328,624.664733886719,33.5999984741211,3.09999990463257,30.4999980926514,9.68333339691162,23.8833332061768,24.0499992370605,8.80000019073486,602,99,3,63.5477485656738,269,26,30,242,0.0937450379133224,1.40975832939148,20.4688968658447,15.3679485321045,20.4317779541016,9.01500511169434,12.8661327362061,188.08088684082,1.78733897209167,11.3855628967285,6.42658567428589,35.8941650390625,43.6740570068359,17079.25,0.341600000858307,34,"33.5 - 36.0 mg/kg"
9874,3809.85223153028,"0","1","1",42.34,-3,10.1625003814697,10.5083332061768,40.1081428527832,569.864929199219,25.3999996185303,-0.800000011920929,26.1999988555908,11.6000003814697,17.466667175293,17.466667175293,3.66666674613953,543,62,25,25.4184703826904,169,91,91,148,0.11258727312088,1.14381265640259,115.22631072998,14.4202766418457,27.8124160766602,10.3452262878418,16.8202438354492,225.480133056641,1.91937351226807,22.5072746276855,7.02262163162231,37.7941589355469,34.393424987793,14069,0.460999995470047,42,"60.0 - 64.6 mg/kg"
9875,5446.61566367972,"0","0",".",43.38,-5.87,12.4208335876465,8.57499980926514,42.0343132019043,438.823089599609,23.5,3.09999990463257,20.3999996185303,10.8833332061768,18.1666660308838,18.1666660308838,7.5,993,115,51,25.9815311431885,302,162,162,280,0.112255662679672,0.973620116710663,11.2672882080078,19.8289451599121,19.7255516052246,12.1346673965454,22.8604202270508,107.828666687012,5.39028310775757,32.0370635986328,5.50683975219727,38.7171592712402,41.5572891235352,12331.1669921875,0.955099999904633,38,"44.8 - 48.2 mg/kg"
9876,4311.02021615116,"0","0","1",41.34,0.99,10.9791669845581,10.6583337783813,37.7955093383789,628.455749511719,27.1000003814697,-1.10000002384186,28.2000007629395,11.9499998092651,19.033332824707,19.1499996185303,3.90000009536743,679,78,28,25.3770217895508,208,135,138,149,0.13403232395649,1.12237370014191,72.3769226074219,18.6976146697998,24.8849868774414,13.9112863540649,20.2670249938965,167.906890869141,1.26654970645905,14.0527944564819,6.56577777862549,36.8857192993164,38.2292938232422,15525.3330078125,0.51690000295639,45,"74.8 - 80.4 mg/kg"
9877,5080.46992052746,"0",".","1",43.02,-5.6,7.46666669845581,8.33333301544189,34.153003692627,584.999328613281,21.8999996185303,-2.5,24.3999996185303,1.86666667461395,15.033332824707,15.033332824707,0.883333325386047,1079,125,46,29.6973705291748,358,163,163,337,0.125705868005753,0.986530721187592,28.302173614502,11.8818416595459,27.4039993286133,14.6705827713013,31.5685501098633,194.437728881836,4.96214008331299,21.2338676452637,5.81858396530151,28.2254333496094,44.3705673217773,13726.9169921875,1.07599997520447,43,"64.6 - 69.5 mg/kg"
9878,4465.35626685941,"0","0","1",40.78,-3.62,12.3791666030884,11.4250001907349,37.5822372436523,679.827697753906,30.1000003814697,-0.300000011920929,30.3999996185303,8.41666698455811,21.1833324432373,21.2666664123535,4.73333311080933,404,48,14,34.4034881591797,138,57,58,110,0.0849685594439507,1.37299835681915,172.249160766602,15.3310623168945,17.7505435943604,12.3601579666138,19.5279273986816,265.044067382812,1.33539211750031,14.9094352722168,7.23700380325317,46.8799819946289,35.3694763183594,15550.25,0.277700006961823,60,"224 - 241 mg/kg"
9879,4108.05268779044,"0","0","1",37.6,-1.12,16.5874996185303,11.6416664123535,41.7264060974121,593.648681640625,31.7999992370605,3.90000009536743,27.8999996185303,13.5500001907349,24.1333332061768,24.3166656494141,9.89999961853027,321,45,5,42.6141777038574,113,29,37,88,0.0906253457069397,1.11227631568909,269.378875732422,13.2828502655029,24.7955722808838,11.8174982070923,18.5625247955322,277.2275390625,1.37366092205048,17.575309753418,6.81951236724854,31.851676940918,43.3527526855469,16749.666015625,0.18809999525547,57,"180 - 193 mg/kg"
9880,4649.6359911107,"0","1","1",42.72,-3.44,11.6374998092651,10.4416666030884,41.4351844787598,544.017578125,26.2000007629395,1,25.2000007629395,6.13333320617676,18.6166667938232,18.6166667938232,5.44999980926514,692,77,34,25.576789855957,212,115,115,193,0.105944484472275,0.997532308101654,108.46110534668,12.1018581390381,22.5725650787354,13.6663694381714,17.338264465332,264.977325439453,1.66264855861664,30.3928260803223,6.62662792205811,34.3801956176758,43.0472412109375,13569.5830078125,0.60180002450943,42,"60.0 - 64.6 mg/kg"
9881,4977.08744786089,"0","0","0",40.46,-5.32,10.6291666030884,10.4583330154419,37.0862884521484,628.159118652344,27.2000007629395,-1,28.2000007629395,7.09999990463257,18.7666664123535,18.7666664123535,3.53333330154419,558,70,14,38.5639991760254,194,63,73,181,0.0818513929843903,1.34194266796112,49.8234977722168,17.065408706665,14.0577783584595,10.5782070159912,26.626974105835,142.317672729492,1.78089392185211,36.7319946289062,6.35774517059326,57.4974517822266,28.4447708129883,16074.3330078125,0.415699988603592,24,"16.1 - 17.3 mg/kg"
9882,4873.80017003382,"0","0","0",40.46,-4.26,12.6666669845581,10.0833330154419,35.3801155090332,663.952819824219,29.2000007629395,0.699999988079071,28.5,8.80000019073486,21.2666664123535,21.3833332061768,5.26666688919067,375,47,13,34.9845848083496,125,53,59,99,0.0891697257757187,1.03732693195343,45.463809967041,11.4929447174072,14.9170827865601,12.9548225402832,29.1819305419922,244.517150878906,2.13177585601807,31.5244178771973,6.69571971893311,49.0198593139648,36.0630569458008,16019.25,0.255800008773804,49,"100 - 108 mg/kg"
9883,4752.16432325744,"0","0","1",42.1,-2.56,8.1875,10.7083330154419,39.2246627807617,592.541259765625,24.3999996185303,-2.90000009536743,27.2999992370605,9.51666641235352,15.9000005722046,15.9000005722046,1.51666665077209,624,76,31,25.9328689575195,195,106,106,170,0.110290482640266,1.01712644100189,30.7362194061279,14.1992168426514,26.0651359558105,11.6579189300537,16.5825309753418,189.801223754883,3.15947389602661,14.3532724380493,6.24280786514282,44.5385246276855,29.3963394165039,14431.25,0.539900004863739,22,"13.9 - 15.0 mg/kg"
9885,4557.40688404996,"0","0","0",41.14,-3.68,10.0416669845581,9.90000057220459,35.4838714599609,652.996032714844,26.3999996185303,-1.5,27.8999996185303,6.36666679382324,18.4833335876465,18.5166664123535,2.65000009536743,501,61,19,32.1680908203125,161,71,79,136,0.088644728064537,1.40828990936279,149.571319580078,22.8404674530029,17.9391136169434,11.1098699569702,29.0841617584229,245.570556640625,2.35191822052002,21.0624675750732,7.1667857170105,46.4864387512207,35.5744476318359,15155.3330078125,0.39300000667572,52,"125 - 134 mg/kg"
9886,4740.01970789022,"0","0","1",42.38,1.73,9.00416660308838,10.6416664123535,39.2681427001953,598.530212402344,24.1000003814697,-3,27.1000003814697,10.3166666030884,2.91666674613953,16.7666664123535,2.28333330154419,868,97,56,18.1497650146484,256,173,212,183,0.109055377542973,1.07907116413116,4.06080007553101,14.7019824981689,18.1957035064697,10.2456073760986,16.6225528717041,176.932174682617,2.89483761787415,33.4577445983887,6.19966697692871,46.1491851806641,35.6551132202148,15160.4169921875,0.685800015926361,33,"31.1 - 33.5 mg/kg"
9887,3863.23572655285,"0","0","1",40.4,-4.77,12.4124994277954,10.625,37.1503486633301,640.213500976562,28.7999992370605,0.200000002980232,28.5999984741211,8.64999961853027,20.5833320617676,20.7333335876465,5.11666679382324,372,45,13,33.045036315918,119,53,59,101,0.0711569488048553,1.11778271198273,130.214508056641,10.0152406692505,9.93999767303467,11.3827085494995,21.8379039764404,211.647399902344,1.49403977394104,26.1435890197754,6.80219697952271,73.0028991699219,17.0571060180664,16015.1669921875,0.264899998903275,32,"28.9 - 31.1 mg/kg"
9888,3792.58824368924,"0","0","1",40.93,-3.31,12.1333332061768,11.6666669845581,38.2513656616211,671.583374023438,29.8999996185303,-0.600000023841858,30.5,8.21666717529297,20.8333339691162,20.9166660308838,4.59999990463257,383,47,12,34.2352142333984,129,54,56,102,0.0870990827679634,1.4031218290329,116.113761901855,10.4345722198486,15.6055917739868,10.4736776351929,33.7580261230469,214.965896606445,1.11963748931885,11.8600597381592,6.93666648864746,47.7729721069336,36.6214370727539,15366.25,0.269199997186661,55,"155 - 167 mg/kg"
9890,4728.94405845059,"0","0","1",43.16,-5.07,10.4041662216187,8.32499980926514,37.5,507.357055664062,22.7000007629395,0.5,22.2000007629395,5.33333349227905,16.7999992370605,16.8666667938232,4.53333330154419,834,90,40,26.2768325805664,259,137,137,245,0.109903052449226,1.11343467235565,38.0445785522461,18.6538028717041,26.5356884002686,13.5670785903931,27.5360298156738,190.474243164062,2.71469259262085,14.5086421966553,6.39111852645874,40.8954849243164,32.5688247680664,13218.75,0.836700022220612,34,"33.5 - 36.0 mg/kg"
9891,4887.84599968018,".","0","1",41.93,2.92,13.6458330154419,9.47500038146973,37.9000015258789,559.209899902344,27.1000003814697,2.09999990463257,25,14.5500001907349,20.7999992370605,20.8500003814697,7.36666679382324,718,86,30,24.1373100280762,226,141,160,163,0.101935051381588,1.02337598800659,91.2292251586914,10.8831014633179,19.4205226898193,14.8947811126709,22.8816795349121,316.392333984375,1.78143775463104,16.0104484558105,6.34795427322388,41.1136779785156,39.4657974243164,14590.1669921875,0.551900029182434,49,"100 - 108 mg/kg"
9892,4621.89982325445,"0","0",".",42.68,-6.96,10.5916662216187,10.0833330154419,40.3333320617676,539.27490234375,25,0,25,5.11666679382324,17.4833335876465,17.5166664123535,4.38333320617676,1248,164,36,42.5743446350098,469,133,154,434,0.0996580868959427,1.06774771213531,0,8.14610862731934,12.3667640686035,16.0359764099121,28.2730693817139,98.4191513061523,2.67735576629639,20.5161762237549,5.28036737442017,41.0068702697754,46.6263656616211,13835.5,1.11039996147156,28,"21.6 - 23.2 mg/kg"
9894,4519.02643399887,"0","0","1",42.59,0.76,6.62083339691162,9.94166660308838,36.0205307006836,632.938537597656,22.5,-5.09999990463257,27.6000003814697,7.90000009536743,14.8333330154419,14.8333330154419,-0.566666662693024,1135,121,66,16.4179649353027,321,241,241,268,0.132249727845192,1.02039289474487,38.7193908691406,16.1066493988037,27.1422843933105,14.4869194030762,24.7260494232178,176.731628417969,3.98999834060669,22.0548553466797,6.18741273880005,32.1119232177734,40.745792388916,14545.1669921875,0.98879998922348,46,"80.4 - 86.5 mg/kg"
9895,4267.95800890529,"0",".","1",41.78,2.57,13.9791669845581,9.92500019073486,38.76953125,563.400634765625,27.6000003814697,2,25.6000003814697,14.9000005722046,21.1499996185303,21.2333335876465,7.59999990463257,808,94,37,22.6482105255127,256,155,185,184,0.0933526083827019,0.988490104675293,183.701919555664,11.6928024291992,19.7368354797363,13.8499689102173,26.2501659393311,279.694580078125,3.17564558982849,14.0040063858032,6.48689556121826,43.8122520446777,36.4509124755859,14656.4169921875,0.627099990844727,47,"86.5 - 93.1 mg/kg"
9897,5010.57589098513,"0","0","1",40.95,-5.63,12.3583335876465,11.8500003814697,40.0337829589844,624.244384765625,29.7999992370605,0.200000002980232,29.5999984741211,5.86666679382324,20.3166675567627,20.4166660308838,5.23333358764648,504,63,14,37.980899810791,178,61,66,170,0.0918664261698723,1.39453566074371,NA,NA,14.603422164917,NA,15.4996957778931,NA,NA,NA,NA,56.6712036132812,28.7253723144531,15738.1669921875,0.353899985551834,42,"60.0 - 64.6 mg/kg"
9898,5199.45948137258,"0","0","0",41.14,-3.58,8.60416698455811,9.60833358764648,35.1953582763672,643.285095214844,24.7000007629395,-2.59999990463257,27.3000011444092,5.13333320617676,17.0833339691162,17.0833339691162,1.54999995231628,666,79,22,35.3781127929688,222,85,85,192,0.120499700307846,1.07704484462738,108.959800720215,16.0073986053467,20.8811321258545,11.615177154541,18.6154670715332,159.932418823242,2.21852850914001,34.3136901855469,6.53641271591187,39.7366638183594,39.3822021484375,15206.8330078125,0.539900004863739,51,"116 - 125 mg/kg"
9899,4244.00740554797,"0","0",".",42.54,0.84,7.12083339691162,10.4083337783813,37.1726188659668,631.460998535156,23.1000003814697,-4.90000009536743,28,8.39999961853027,0.516666650772095,15.3166666030884,-0.0499999932944775,1094,118,66,16.6732978820801,309,238,239,253,0.128414422273636,1.09043276309967,45.6207275390625,17.3204231262207,25.8884449005127,14.5600605010986,23.9654693603516,200.337020874023,2.0742359161377,26.4807739257812,6.20913457870483,32.96533203125,41.1462249755859,14653.6669921875,0.9442999958992,42,"60.0 - 64.6 mg/kg"
9900,3895.06829381324,"0","0","1",37.38,-6.01,18.591667175293,11.5666666030884,41.0165481567383,587.079956054688,34.4000015258789,6.19999980926514,28.2000007629395,12.5999994277954,26,26.1333332061768,11.7666664123535,528,93,2,67.3633651733398,250,22,27,222,0.090595006942749,1.31890439987183,98.4920806884766,18.185338973999,29.2668323516846,11.0607385635376,11.8576536178589,605.039001464844,1.25445353984833,22.7282619476318,7.32840538024902,42.3568115234375,28.3763580322266,17329.25,0.299499988555908,52,"125 - 134 mg/kg"
9901,4993.77602558714,"0","0","1",42.27,-2.98,7.94583320617676,10.0083332061768,37.9103546142578,594.028869628906,23.6000003814697,-2.79999995231628,26.3999996185303,9.31666660308838,15.6333332061768,15.6333332061768,1.25,683,81,31,26.8846759796143,209,111,111,191,0.123331226408482,1.04707729816437,41.3718109130859,16.1948089599609,19.182559967041,14.2688026428223,29.9992790222168,169.910247802734,4.03292226791382,23.1552143096924,6.11506032943726,46.8240356445312,33.993408203125,14210.0830078125,0.612600028514862,35,"36.0 - 38.7 mg/kg"
9902,4478.92886765614,"0","0","1",40.71,-3.24,12.8000001907349,12.3000001907349,38.8012619018555,688.14306640625,31.2999992370605,-0.400000005960464,31.6999988555908,8.81666660308838,21.783332824707,21.783332824707,5.09999990463257,393,51,11,38.156810760498,142,50,50,110,0.093189001083374,1.37115442752838,114.805023193359,12.6316471099854,23.3571891784668,7.86751413345337,17.082202911377,276.421081542969,1.28570604324341,20.4938144683838,7.26586151123047,42.7074546813965,33.9353561401367,15433.75,0.264400005340576,53,"134 - 144 mg/kg"
9903,4041.54994929912,"0","0","1",42.31,-3.1,8.88749980926514,10.1083335876465,38.5814247131348,580.200317382812,24.2999992370605,-1.89999997615814,26.1999988555908,10.2333335876465,16.3999996185303,16.3999996185303,2.35000014305115,627,74,30,26.1213340759277,193,105,105,174,0.105940945446491,1.05577611923218,47.7916717529297,18.4997634887695,22.4730415344238,14.3541536331177,22.9449825286865,138.689422607422,1.52326834201813,12.6726808547974,6.112135887146,44.4569664001465,33.0699920654297,14131.1669921875,0.551400005817413,42,"60.0 - 64.6 mg/kg"
9904,3657.60241008885,"0","0","1",40.95,-3.31,12.0791664123535,11.5583333969116,38.0208358764648,671.56689453125,29.7999992370605,-0.600000023841858,30.3999996185303,8.16666698455811,20.7666664123535,20.8666667938232,4.55000019073486,386,46,13,33.2239189147949,128,56,58,102,0.0856506302952766,1.3904629945755,90.18603515625,10.8565893173218,9.14409446716309,11.0399436950684,23.0421447753906,210.412216186523,1.54733645915985,22.4568710327148,6.87590408325195,64.1831512451172,26.6727523803711,15318,0.274599999189377,55,"155 - 167 mg/kg"
9906,4615.17861523212,"0","0","1",40,4.25,16.9541664123535,7.09166717529297,33.6097946166992,522.952514648438,28.7000007629395,7.59999990463257,21.1000003814697,15.1999998092651,23.4333343505859,23.8666667938232,11.3500003814697,542,81,3,51.3235931396484,220,39,75,152,NA,NA,NA,NA,24.8731918334961,NA,NA,NA,NA,NA,NA,47.7587127685547,27.3680953979492,15612.0830078125,0.362399995326996,NA,""
9918,4410.28014842192,"0","0","1",47.43,5.21,10.3916664123535,8.34999942779541,32.7450981140137,645.761840820312,24.7999992370605,-0.699999988079071,25.5,10.6500005722046,6.31666660308838,18.466667175293,2.66666674613953,803,84,53,12.8737115859985,220,169,197,193,0.116099245846272,1.13160729408264,63.501636505127,23.7537879943848,33.318244934082,9.72093105316162,16.4137668609619,334.534240722656,1.86871933937073,51.421932220459,7.31006097793579,7.35298156738281,59.3287734985352,11745.6669921875,0.839600026607513,28,"21.6 - 23.2 mg/kg"
9925,5226.66419566235,"0","0","1",48.91,4.52,10.4916667938232,9.44999980926514,36.9140625,595.8486328125,25.2999992370605,-0.300000011920929,25.5999984741211,18.0499992370605,6.41666650772095,18.0499992370605,3.46666669845581,673,69,45,12.9047975540161,188,141,188,159,0.107227116823196,1.29557859897614,397.255157470703,15.0752010345459,29.0660285949707,9.74748229980469,15.4853019714355,288.782287597656,1.75813341140747,48.2852439880371,7.87498474121094,22.3547744750977,48.5791969299316,11090.4169921875,0.72869998216629,32,"28.9 - 31.1 mg/kg"
9933,5149.87190329811,"0","0","1",43.74,3.89,14.0791664123535,9.14166641235352,35.2960090637207,605.116271972656,28.3999996185303,2.5,25.8999996185303,10.6666669845581,21.8666667938232,21.8666667938232,7.11666679382324,683,103,22,34.9028511047363,232,102,102,193,0.106816418468952,1.21235334873199,130.809600830078,14.0424976348877,34.9907417297363,17.7720928192139,21.7987155914307,261.559997558594,1.59896075725555,10.9671249389648,6.83793783187866,23.7438812255859,41.2653770446777,14307,0.468899995088577,44,"69.5 - 74.8 mg/kg"
9938,4967.20969531179,"0","0","1",50.65,2.99,10.3458337783813,7.67500019073486,34.4170417785645,542.320190429688,23.1000003814697,0.800000011920929,22.3000011444092,10.9166669845581,6.38333320617676,17.1000003814697,3.93333339691162,723,75,43,14.8190908432007,208,147,183,167,0.0820327624678612,1.44514799118042,34.7266235351562,7.54039096832275,16.7920150756836,13.5350208282471,6.82348155975342,149.106689453125,1.50996065139771,49.4178657531738,6.47159481048584,28.8469390869141,54.3610458374023,10262.6669921875,0.837599992752075,36,"38.7 - 41.7 mg/kg"
10020,5158.20546782235,"1","0","1",49.17,16.5,8.85416698455811,8.45833301544189,29.9940891265869,755.646789550781,24.2000007629395,-4,28.2000007629395,16.5666675567627,0.933333337306976,18.0666675567627,-0.516666650772095,503,79,23,43.6877899169922,205,72,203,75,0.102609813213348,1.35777390003204,13.4025325775146,21.9576320648193,23.8792495727539,9.5559139251709,9.07507991790771,341.494598388672,1.55345046520233,40.0856132507324,7.54966592788696,16.8944244384766,59.2263259887695,11056.9169921875,0.538500010967255,53,"134 - 144 mg/kg"
10022,4467.36292540138,"0","1","1",48.0333,7.7667,10.7833337783813,8.46666717529297,32.816535949707,660.266235351562,25.2000007629395,-0.600000023841858,25.8000011444092,17.4500007629395,4.06666660308838,19.0833339691162,2.84999990463257,893,97,56,19.7844200134277,287,169,267,187,0.105340115725994,1.01997947692871,38.3968811035156,18.4402961730957,22.8547096252441,11.7712440490723,9.12587261199951,208.210235595703,2.71101999282837,36.571174621582,6.66756916046143,22.3513793945312,54.7939109802246,11402.5,0.939199984073639,41,"55.8 - 60.0 mg/kg"
10023,4881.72690604577,"0","0","0",68.8,15.45,NA,NA,NA,NA,NA,NA,NA,NA,NA,NA,NA,NA,NA,NA,NA,NA,NA,NA,NA,NA,NA,NA,NA,NA,NA,NA,NA,NA,NA,NA,NA,NA,NA,NA,NA,""
