Mg(Leaf)	latitude	longitude	bio1	bio2	bio3	bio4	bio5	bio6	bio7	bio8	bio9	bio10	bio11	bio12	bio13	bio14	bio15	bio16	bio17	bio18	bio19	wind	srad	ai	awc	bulk_density	clay	coarse_frag	texture_usda	sand	silt	pH	CN	CEC	CaCO3	N	P	K	Mg(Soil)
6425.217028	55.9473	13.821	6.800000191	7.099999905	29.83193398	632.6710815	20.39999962	-3.400000095	23.79999924	3.716666698	5.483333111	14.86666679	-0.566666663	781	80	46	19.21126175	237	152	194	199	3.266666651	9807.5	1.100299954	0.075444773	1.114229679	8.573512077	9.122881889	12	64.65504456	26.77144623	5.099497795	16.01782799	11.40405273	8.995235443	2.903223276	34.8819313	99.04319763	37
6106.090545	55.7714	14.1208	7.400000095	6.966666698	29.64539146	620.901123	21	-2.5	23.5	4.400000095	2.383333445	15.38333321	0.283333331	697	72	40	19.01852226	211	135	179	171	4.741666794	9921.916992	0.954400003	0.067773469	1.265206575	5.83579731	6.162236214	12	76.00878906	18.15541077	5.306688309	16.93301201	11.27379608	11.3391571	2.775038958	43.91685104	128.4640503	40
5937.667641	49.4112	16.2815	7.395833492	8.241666794	30.07907486	733.8084106	22.5	-4.900000095	27.39999962	16.35000038	-0.300000012	16.35000038	-1.633333325	560	85	26	42.74531555	226	82	226	85	3.858333349	10930.91699	0.642199993	0.082404971	1.400041461	18.05256653	16.11732292	9	44.13959503	37.80783844	5.724782944	10.38245678	11.53142357	0	2.134118557	38.88417053	205.5180206	47
5936.194976	55.4234	13.9905	7.9375	6.741666317	28.56638336	631.2761841	21.29999924	-2.299999952	23.59999847	8.766666412	2.783333302	15.96666622	0.650000036	625	70	35	23.54902267	205	118	149	153	5.191666603	10084.16699	0.837400019	0.077214062	1.426484346	14.06045628	6.882913113	12	64.81222534	21.12731934	6.321225166	11.38406277	13.24622822	10.35396385	2.153087139	56.94608688	138.1038666	39
5842.619693	50.0667	8.5333	10.33749962	8.458333015	32.53205109	672.6478271	25.10000038	-0.899999976	26	17.16666603	6.133333206	18.81666756	2.25	592	64	38	16.0363884	180	121	171	132	2.724999905	10368.41699	0.643100023	0.085787334	1.084117293	17.27628708	7.450330734	6	54.80624008	27.91747284	6.733436108	13.33543205	11.83618355	54.41788101	1.57054913	32.7956543	158.9656219	43
5841.596886	49.5166	9.3166	8.375	8.383333206	32.61997604	668.694458	22.79999924	-2.900000095	25.69999886	1.333333373	8.100000381	16.75	0.316666633	815	91	53	14.85519505	239	183	196	236	3.075000048	10662.33301	0.974099994	0.113260776	1.135579348	25.21360207	10.18247604	3	21.60198975	53.1844101	6.776215076	10.21646786	17.99176216	15.03878212	1.951367617	35.70798111	272.7032166	36
5780.468701	41.62	12.87	15.65833378	10.23333359	37.4847374	624.1424561	31	3.700000048	27.29999924	12.61666679	23.60000038	23.60000038	8.566666603	984	144	25	43.9987793	385	104	104	310	2.049999952	14648.08301	0.738200009	0.122703731	0.997447908	29.57351112	6.02536726	9	31.19380188	39.2326889	6.997727394	10.68985462	21.1458683	93.35690308	1.940408587	26.23869705	552.1654053	48
5771.758484	46.37	11.28	10.8708334	9.858333588	33.08165359	754.6445923	26.70000076	-3.099999905	29.80000114	20.18333435	3.5	20.18333435	1.666666627	770	92	31	32.76743698	255	112	255	112	1.049999952	12462.16699	0.778199971	0.112557448	1.100145459	24.39643097	30.96445847	9	35.08943176	40.51413727	6.350336075	14.08211803	30.53141785	15.20370865	2.971410513	28.02788544	151.5265198	52
5758.305922	56.06	14.29	7.425000191	7.600000381	31.2757206	637.5788574	21.5	-2.799999952	24.29999924	14.78333378	2.416666508	15.60000038	0.049999993	575	60	32	20.48856544	173	104	167	125	4.300000191	9883.083008	0.784300029	0.071636371	1.522172213	6.884860992	8.382564545	12	74.22499084	18.89015198	5.968779564	12.10207176	10.55120087	26.39396667	1.714125752	40.81027603	104.6217575	36
5738.625771	49.3667	16.2667	7.804166794	8.408333778	30.24580383	742.3563843	23.10000038	-4.699999809	27.79999924	16.85000038	0.01666672	16.85000038	-1.350000024	533	82	24	44.10128784	218	76	218	78	3.599999905	10949.58301	0.598800004	0.083690062	1.448729992	12.89013767	16.02251244	9	44.20360184	42.90626144	5.271644115	14.64622784	10.36869335	0	1.608090878	25.184412	180.9618988	47
5731.685932	55.7491	13.399	7.895833492	6.825000286	28.91949081	642.7301636	21.20000076	-2.400000095	23.60000038	8.550000191	2.766666651	16.04999924	0.416666657	674	70	37	20.54702759	205	125	181	158	3.158333302	9829.333008	0.888199985	0.076592125	1.141643763	12.95347691	7.555639267	12	64.85991669	22.18660736	6.489133358	11.9537344	12.88129234	3.066901207	1.764479756	46.89822006	133.4222565	36
5676.012558	56.047	13.9519	6.949999809	7.233333111	30.64971733	621.0950928	20.60000038	-3	23.60000038	7.5	2.033333302	14.91666698	-0.233333305	725	73	43	18.75135422	215	140	193	177	3.333333254	9843.5	1.023800015	0.07062792	1.216094613	6.729318619	14.95559025	12	62.34954834	30.92113495	4.924771786	17.51932144	10.96911144	0.837289274	2.400722742	20.57275963	104.7794724	35
5655.379842	52.6058	11.8558	9.741666794	8.716667175	32.52487564	685.3925171	25.10000038	-1.700000048	26.80000114	18.28333282	5.449999809	18.28333282	1.516666651	550	63	30	23.01215935	181	104	181	119	3.583333254	9982.416992	0.588	0.064373553	1.419660807	7.20187664	4.543951988	12	85.84837341	6.949752808	6.183071613	12.88516521	10.18510818	23.11630058	1.549370885	37.75364685	149.5847015	25
5623.830644	46.34	11.29	11.25	9.366666794	31.53759766	767.673584	27	-2.700000048	29.70000076	16.60000038	1.733333349	20.61666679	1.733333349	828	101	35	30.11419296	261	126	260	126	1	12410.33301	0.850300014	0.099276863	1.12125814	17.42496681	31.13807106	9	42.32978058	40.24525452	6.699357033	12.37959957	18.19266319	105.2798996	1.97694838	30.12436295	168.2213898	52
5621.899874	49.4112	16.2815	7.395833492	8.241666794	30.07907486	733.8084106	22.5	-4.900000095	27.39999962	16.35000038	-0.300000012	16.35000038	-1.633333325	560	85	26	42.74531555	226	82	226	85	3.858333349	10930.91699	0.642199993	0.082404971	1.400041461	18.05256653	16.11732292	9	44.13959503	37.80783844	5.724782944	10.38245678	11.53142357	0	2.134118557	38.88417053	205.5180206	47
5613.047205	46.34	11.29	11.25	9.366666794	31.53759766	767.673584	27	-2.700000048	29.70000076	16.60000038	1.733333349	20.61666679	1.733333349	828	101	35	30.11419296	261	126	260	126	1	12410.33301	0.850300014	0.099276863	1.12125814	17.42496681	31.13807106	9	42.32978058	40.24525452	6.699357033	12.37959957	18.19266319	105.2798996	1.97694838	30.12436295	168.2213898	52
5611.569446	55.7488	13.3742	7.962500095	6.824999809	28.91949081	644.6814575	21.29999924	-2.299999952	23.59999847	8.583333015	2.833333254	16.14999962	0.483333349	667	70	36	21.30728149	204	122	179	157	3.174999952	9844.416992	0.871299982	0.076947294	1.186851263	10.72564411	6.74111414	12	67.62792206	21.64643097	6.27104187	11.93923569	12.37764931	3.43039465	2.188888073	47.78464508	136.8060913	36
5601.381653	55.8097	13.1342	8.041666985	6.633333206	28.22694969	644.8707886	21.29999924	-2.200000048	23.5	8.783332825	2.866666555	16.18333244	0.5	651	68	33	21.2498951	199	118	175	149	3.791666746	9879.75	0.839900017	0.091025338	1.435461879	16.41829491	6.012359142	12	51.99074554	31.59095764	6.477526188	11.69563293	13.81221676	0	1.61041224	53.69176483	130.0686798	36
5594.044602	42.69	-6.93	11.35000038	10.4333334	41.56706619	532.3190918	25.79999924	0.699999988	25.09999847	8.383333206	18.13333321	18.14999962	5.183333397	1208	161	33	43.63153839	458	125	148	420	2.591666698	13808.16699	1.039899945	0.110463418	1.052633882	17.08262444	37.76240921	9	40.6244278	42.29294586	5.776559353	14.867383	10.24164009	33.51169205	2.987702608	24.33219719	144.9991455	29
5578.672475	56.68	16.5	7.183333397	7.516666889	29.24773026	665.9591064	21.70000076	-4	25.70000076	15.01666737	1.733333349	15.8166666	-0.433333367	509	54	30	20.01824188	158	96	148	116	4.699999809	10149.91699	0.683499992	0.084575415	1.095831633	13.948493	3.901371479	12	61.47021103	24.58129883	6.25242424	12.83271503	15.40527725	12.2441988	3.223742008	26.28514671	123.6753235	29
5554.168665	57.2746	16.1494	6.416666508	9.350000381	32.92253494	694.2861938	22.39999962	-6	28.39999962	14.26666641	1.066666722	15.41666698	-1.633333325	565	62	33	21.08746529	177	105	171	124	2.891666651	9939.75	0.749499977	0.080146931	1.118587136	12.92919827	12.98601913	12	58.83724976	28.23355103	4.639000893	19.95918655	16.27943993	0	2.211841822	23.44090843	88.58093262	39
5543.555487	41.25	-1.32	11.125	12.85000038	41.58575821	641.307251	29.20000076	-1.700000048	30.90000153	12.8166666	4.833333492	19.43333435	3.933333397	442	68	23	36.39582062	166	74	113	84	3.433333397	15470.66699	0.302399993	0.112403244	1.380310893	22.79676819	20.14114952	9	34.28567505	42.91755676	6.172123432	13.31560326	12.65084171	93.15161896	2.150300741	22.77295494	197.1804352	22
5534.623062	49.1	16.2	8.845833778	8.641666412	30.42840385	756.7077637	24.5	-3.900000095	28.39999962	16.51666641	0.98333329	18.10000038	-0.5	512	78	23	43.12439728	208	75	206	76	3.233333349	11115.83301	0.530099988	0.085490525	1.408218741	13.75310516	15.78114796	9	40.48628998	45.76060486	6.365754128	10.67679024	15.62842274	0.114053428	1.446843982	38.34349442	309.2537842	48
5533.419694	49.7878	9.9361	9.666666985	8.816666603	33.27043915	676.0861206	24.60000038	-1.899999976	26.5	16.66666794	5.400000095	18.16666603	1.533333302	601	67	40	16.23859596	182	125	178	143	2.625	10507.16699	0.667800009	0.083368249	1.410161138	24.03914642	9.475642204	9	31.08544922	44.87540436	7.016925335	11.60622787	11.94752502	21.97924614	1.603218913	31.10923958	182.0524902	43
5525.789053	48.47	18.94	7.541666985	10.1833334	33.27886581	774.5316162	24.10000038	-6.5	30.60000038	15.53333378	-0.666666746	16.93333435	-2.150000095	740	87	41	22.46785927	235	130	232	144	2.716666698	11384.33301	0.818000019	0.099446937	0.989718795	27.32918358	15.66406631	9	17.75417328	54.91664124	5.918442726	11.49201202	21.73267746	4.608356476	2.178308725	27.06161308	190.1334686	56
5523.601187	48.54	9.01	8.699999809	8.800000191	33.58778381	660.9841309	23.20000076	-3	26.20000076	15.33333302	1.849999905	16.95000076	0.733333349	764	97	42	25.76944733	262	136	247	144	2.558333397	11061.58301	0.893000007	0.104813471	1.039407372	31.24195862	16.1647892	9	19.67552948	49.0825119	6.621992588	11.16721916	22.46076965	65.79836273	3.325395823	39.17090607	204.2048035	46
5519.670282	49.3853	16.2544	7.387500286	8.375	30.34420395	734.7761841	22.60000038	-5	27.60000038	16.35000038	-0.333333343	16.35000038	-1.666666627	560	84	26	42.10400391	225	82	225	85	3.849999905	10941.25	0.640100002	0.082091711	1.441226125	20.07265663	18.32217026	9	41.8339386	38.09340668	5.974895	10.42246342	10.01639652	0	1.628341079	37.95294189	178.3940735	47
5516.195889	55.7686	14.1383	7.429166794	6.941666603	29.66524315	617.9712524	21	-2.400000095	23.39999962	8.100000381	2.416666746	15.40000057	0.383333325	692	71	39	19.05508804	209	133	178	170	4.883333206	9924.833008	0.943199992	0.063249201	1.238641858	1.25124681	13.88807297	11	91.48612213	7.262634277	4.333413601	17.42000389	15.51086617	0	2.269230843	32.85057449	113.1739502	40
5498.875026	40.45	-1.6	9.600000381	13.48333359	42.00415421	658.1965942	28.5	-3.599999905	32.09999847	11.36666679	3.149999857	18.28333282	2.316666603	535	74	28	29.11072731	180	103	115	120	2.758333206	15721.33301	0.387499988	0.100315414	1.163255334	23.76479721	28.2337265	9	48.42141724	27.81378174	7.311369419	12.57422924	21.10969734	218.790741	1.50688839	26.1336422	151.9069214	35
5480.617693	46.36	11.28	11.15000057	9.800000191	32.77592087	762.0814819	27	-2.900000095	29.89999962	20.51666641	1.800000072	20.51666641	1.800000072	799	97	33	31.32765388	257	119	257	119	1.016666651	12412.25	0.809300005	0.102624528	1.157588363	20.26763725	17.01468468	9	40.57906342	39.15329742	6.74727726	12.31131077	26.3205471	37.44922638	2.948513031	26.36223602	165.5933075	52
5477.395813	55.8383	13.2906	7.820833206	6.758333206	28.75886536	642.6806641	21	-2.5	23.5	4.75	2.666666746	15.96666622	0.349999964	725	75	41	20.48360634	221	137	189	176	3.349999905	9838.083008	0.947099984	0.070265479	1.29481113	10.29608154	7.47104311	12	66.73973083	22.96418762	5.982221603	14.54407501	9.685768127	2.897897959	2.495770216	38.48313141	89.8239212	36
5470.090254	56.06	14.29	7.425000191	7.600000381	31.2757206	637.5788574	21.5	-2.799999952	24.29999924	14.78333378	2.416666508	15.60000038	0.049999993	575	60	32	20.48856544	173	104	167	125	4.300000191	9883.083008	0.784300029	0.071636371	1.522172213	6.884860992	8.382564545	12	74.22499084	18.89015198	5.968779564	12.10207176	10.55120087	26.39396667	1.714125752	40.81027603	104.6217575	36
5470.047958	56.3333	15.9667	7.229166508	6.558333397	27.78954887	637.1865234	20.60000038	-3	23.60000038	8.100000381	5.300000191	15.46666718	0.049999971	595	62	35	18.18660355	175	114	159	147	4.141666889	10027.75	0.815999985	0.077064872	1.125396967	9.564622879	13.06265163	12	74.05254364	16.38283539	5.389511585	19.78914833	29.2597084	5.772596359	6.656756878	25.63184166	95.00409698	40
5466.317882	48.52	8.8	8.287500381	9.258333206	34.80576706	657.0946045	23.29999924	-3.299999952	26.59999847	14.80000019	1.450000167	16.51666641	0.416666746	861	94	58	16.5585041	268	180	248	196	2.691666603	11078.16699	1.024799943	0.097251303	1.312234759	28.90787506	15.5940876	9	20.34440613	50.74771881	6.039533138	12.01840782	9.667133331	9.774938583	1.963220954	29.30315208	205.3316345	45
5463.456241	49	16	8.770833015	8.675000191	30.33216858	759.9624634	24.5	-4.099999905	28.60000038	16.5	0.916666746	18.08333397	-0.599999964	523	79	23	43.22377777	212	76	211	76	3.066666603	11098.5	0.543500006	0.095077582	1.400957227	18.38443184	8.761940002	8	32.16527557	49.45029449	6.846261501	9.982477188	16.96296692	27.66553116	1.598848343	32.66728973	255.3479767	42
5454.761713	47.5	7.5	9.537500381	8.375	32.97244263	642.8704224	23.5	-1.899999976	25.39999962	15.73333359	2.933333397	17.46666718	1.683333278	838	90	51	18.98698997	264	159	255	174	2.375	11669.91699	0.935699999	0.104968861	1.386594296	29.72930717	9.183799744	8	14.89689636	55.37379456	6.730482101	9.044992447	17.51766777	13.14381695	2.245384216	40.09043884	251.2560883	33
5447.656982	42.91	-4.91	7.875	8.833333015	35.47523499	578.5817261	22.39999962	-2.5	24.89999962	2.199999809	15.35000038	15.35000038	1.283333302	876	105	37	30.28847313	295	134	134	278	3.849999905	14169.08301	0.789699972	0.122595683	1.017213106	24.46279335	20.99396515	9	37.54242706	37.99478149	5.906594753	15.36550331	11.78458214	13.02560616	2.685372353	16.36591148	160.3279419	33
5442.316125	55.7167	14.1333	7.579166889	6.858333111	29.18439674	620.701416	21.10000038	-2.400000095	23.5	8.300000191	2.533333302	15.5666666	0.466666639	679	70	39	18.88563538	206	132	171	167	4.766666412	9923.833008	0.939100027	0.072546445	1.445899963	10.59540081	8.468811035	12	66.51721191	22.88739014	6.227268696	10.90642357	11.89028263	8.966086388	1.613370895	50.66030502	117.4298019	40
5441.890631	55.76	14.12	7.416666985	6.966666698	29.51977348	621.5425415	21.10000038	-2.5	23.60000038	8.100000381	2.400000095	15.41666698	0.283333331	696	71	40	19.01164436	210	135	178	171	4.741666794	9910.416992	0.959999979	0.069194511	1.329394102	9.280697823	13.58012295	12	70.67905426	20.04024506	5.90877676	14.76015663	11.52854347	14.69206524	2.395784855	56.59951019	119.394043	40
5431.222147	51.1	0.4	9.916666985	7.566666603	37.64510727	468.79599	21.39999962	1.299999952	20.10000038	5.516666889	14.1833334	15.88333321	4.566666603	777	87	46	25.74650192	257	150	153	223	4.074999809	9997.583008	0.991400003	0.092696622	1.155851364	17.05481529	13.37088013	8	32.17354584	50.77163696	6.070944786	12.39321423	16.95636177	15.2138195	1.560422659	36.27475357	250.4067841	34
5415.653535	49.2771	16.6314	7.833333492	7.716666698	28.79353333	732.09021	22.5	-4.300000191	26.79999924	15.30000019	0.149999991	16.79999924	-1.166666746	550	84	26	41.58181	219	82	219	87	3.75	11083.41699	0.608900011	0.093962431	1.433717012	18.05912018	11.72886753	9	24.50906372	57.4318161	4.883142948	12.81509876	8.511604309	0	1.819576025	21.02882195	166.837677	50
5411.205085	55.7967	13.1044	8.116666794	6.599999905	28.20512962	644.2625732	21.29999924	-2.099999905	23.39999962	8.833333015	2.949999809	16.26666641	0.600000024	632	66	32	21.07146072	193	115	171	143	3.974999905	9897.333008	0.815400004	0.075687438	1.496724963	9.056997299	6.175642967	12	74.29826355	16.64473724	5.948578835	14.85229683	15.03261948	0	1.785014033	43.70156479	131.1622009	34
5408.696361	46.34	11.29	11.25	9.366666794	31.53759766	767.673584	27	-2.700000048	29.70000076	16.60000038	1.733333349	20.61666679	1.733333349	828	101	35	30.11419296	261	126	260	126	1	12410.33301	0.850300014	0.099276863	1.12125814	17.42496681	31.13807106	9	42.32978058	40.24525452	6.699357033	12.37959957	18.19266319	105.2798996	1.97694838	30.12436295	168.2213898	52
5405.066679	55.8	13.1367	8.116666794	6.616666794	28.27635384	643.0973511	21.29999924	-2.099999905	23.39999962	8.850000381	2.966666698	16.23333359	0.600000024	633	66	32	21.1103363	193	116	172	143	3.816666603	9889.75	0.816999972	0.071872309	1.4608953	12.19585514	6.13730526	12	64.38553619	23.41860962	6.394207478	11.86791229	13.04079628	0	1.68482101	47.23298264	134.2882385	35
5399.041233	55.7491	13.399	7.895833492	6.825000286	28.91949081	642.7301636	21.20000076	-2.400000095	23.60000038	8.550000191	2.766666651	16.04999924	0.416666657	674	70	37	20.54702759	205	125	181	158	3.158333302	9829.333008	0.888199985	0.076592125	1.141643763	12.95347691	7.555639267	12	64.85991669	22.18660736	6.489133358	11.9537344	12.88129234	3.066901207	1.764479756	46.89822006	133.4222565	36
5390.727697	46.34	11.29	11.25	9.366666794	31.53759766	767.673584	27	-2.700000048	29.70000076	16.60000038	1.733333349	20.61666679	1.733333349	828	101	35	30.11419296	261	126	260	126	1	12410.33301	0.850300014	0.099276863	1.12125814	17.42496681	31.13807106	9	42.32978058	40.24525452	6.699357033	12.37959957	18.19266319	105.2798996	1.97694838	30.12436295	168.2213898	52
5381.8934	52.0918	5.1145	9.970833778	8.024999619	35.5088501	555.3109741	22.70000076	0.100000001	22.60000038	6.983333111	5.866666794	16.93333435	3.383333206	812	83	46	16.45676041	239	162	206	197	3.966666698	9679.5	0.985499978	0.068436451	1.395935178	12.37729168	9.568652153	9	57.14498138	30.4777298	6.36613512	14.84675407	9.812186241	50.93326187	1.677203417	28.26629829	117.136116	52
5381.490368	46.36	11.23	9.162500381	9.158333778	32.70833206	712.489624	24.20000076	-3.799999952	28	18.01666641	0.583333313	18.01666641	0.583333313	661	81	25	39.40713882	242	85	242	85	1.25	12484.75	0.682099998	0.113647059	0.996389091	21.59215164	28.4668026	9	44.40963745	33.99821472	6.397152424	13.5691452	20.02822113	61.33630371	1.893737674	16.86612701	198.3658295	52
5377.871642	47	15.5	9.041666985	9.733333588	32.01754379	778.5325317	24.79999924	-5.599999905	30.39999962	18.41666603	-0.766666591	18.41666603	-0.766666591	841	122	25	47.67466736	355	97	355	97	1.766666651	11590.5	0.935699999	0.095919132	1.283595562	17.7629528	13.6844635	8	42.33211517	39.90493011	7.030344486	9.776987076	12.88587666	9.012620926	1.628978133	37.09595871	255.1627502	51
5374.215188	53.3422	8.42255	8.941666603	6.766666412	31.03975487	577.1829224	21.10000038	-0.699999988	21.80000114	16.10000038	4.599999905	16.10000038	2.066666603	729	77	37	19.54482651	221	132	221	158	4.483333588	9549.333008	0.971499979	0.094790228	1.040278912	21.13660812	6.350375652	12	53.89360809	24.9697876	6.241703033	10.743577	19.86984825	0.692849755	3.875818491	64.7352829	137.4288177	48
5365.665249	49.4112	16.2815	7.395833492	8.241666794	30.07907486	733.8084106	22.5	-4.900000095	27.39999962	16.35000038	-0.300000012	16.35000038	-1.633333325	560	85	26	42.74531555	226	82	226	85	3.858333349	10930.91699	0.642199993	0.082404971	1.400041461	18.05256653	16.11732292	9	44.13959503	37.80783844	5.724782944	10.38245678	11.53142357	0	2.134118557	38.88417053	205.5180206	47
5356.817884	42.49	0.54	7.699999809	10.91666698	38.71158218	617.553833	24	-4.199999809	28.20000076	4.766666412	15.8166666	15.8166666	0.816666663	1027	110	57	18.50198746	303	216	216	253	4.300000191	14977.16699	0.815900028	0.124436714	1.004649878	16.92626572	27.35143852	9	55.19431686	27.87941742	5.53834343	16.8992157	18.34130096	56.30521011	3.70413065	11.99711609	126.7816696	51
5356.781339	49	15	7.316666603	8.233333588	30.26960754	714.2520752	22.10000038	-5.099999905	27.20000076	16.16666603	-1.399999976	16.16666603	-1.399999976	640	89	32	37.10423279	247	105	247	105	2.450000048	10858.91699	0.789600015	0.094371602	1.39522624	12.36066914	16.26023674	9	57.43692398	30.20240784	4.948495388	18.99585915	12.67557526	11.04993629	1.61029923	30.20872688	188.6918488	44
5350.375463	49.4167	16.2667	7.208333492	8.216666222	30.09768105	729.4887085	22.29999924	-5	27.29999924	16.11666679	-0.466666669	16.11666679	-1.766666651	570	86	26	42.59706879	230	83	230	87	3.966666698	10919.75	0.661599994	0.088787861	1.36053741	20.06467056	23.75632858	9	42.77149963	37.1638298	5.93426466	11.14409065	10.26636887	0	1.659950852	36.61385345	234.4702911	47
5344.93397	48.54	9.02	8.829166412	8.875	33.74524689	661.8206787	23.39999962	-2.900000095	26.29999924	15.48333359	1.983333349	17.08333397	0.849999964	748	96	41	26.74765205	260	132	245	140	2.516666651	11058.91699	0.878600001	0.10846293	1.055772543	20.51738358	12.95934963	9	34.57653046	44.90608597	6.777113438	10.79319	24.43142509	19.51634026	2.853489161	25.35666656	213.6283569	46
5343.630027	54.6833	25.3167	6.520833492	7.708333492	26.21882057	827.3656616	22.39999962	-7	29.39999962	16.68333244	-2.666666746	16.68333244	-3.533333302	648	82	32	27.15677834	222	112	222	125	3.458333254	10038	0.816100001	0.065207936	1.199448466	5.3104105	7.292406559	12	73.37068176	21.31890869	5.527270794	13.42060852	11.46143341	1.3936975	1.245455742	39.54847717	151.6940918	38
5342.668715	46.34	11.29	11.25	9.366666794	31.53759766	767.673584	27	-2.700000048	29.70000076	16.60000038	1.733333349	20.61666679	1.733333349	828	101	35	30.11419296	261	126	260	126	1	12410.33301	0.850300014	0.099276863	1.12125814	17.42496681	31.13807106	9	42.32978058	40.24525452	6.699357033	12.37959957	18.19266319	105.2798996	1.97694838	30.12436295	168.2213898	52
5335.307407	56.06	14.29	7.425000191	7.600000381	31.2757206	637.5788574	21.5	-2.799999952	24.29999924	14.78333378	2.416666508	15.60000038	0.049999993	575	60	32	20.48856544	173	104	167	125	4.300000191	9883.083008	0.784300029	0.071636371	1.522172213	6.884860992	8.382564545	12	74.22499084	18.89015198	5.968779564	12.10207176	10.55120087	26.39396667	1.714125752	40.81027603	104.6217575	36
5330.486601	52.08	4.3	10.0666666	6.683333397	32.13140869	523.0258789	21.5	0.699999988	20.79999924	10.94999981	8.933333397	16.51666641	3.866666555	854	99	48	24.63122749	287	162	200	205	5.75	9933.75	1.090600014	0.057550769	1.470436931	15.67229748	11.3887291	9	52.30503845	32.02266693	6.460595131	14.59097862	10.35186768	60.00289536	1.77370131	26.09018707	125.968071	42
5327.305222	48.54	9.01	8.699999809	8.800000191	33.58778381	660.9841309	23.20000076	-3	26.20000076	15.33333302	1.849999905	16.95000076	0.733333349	764	97	42	25.76944733	262	136	247	144	2.558333397	11061.58301	0.893000007	0.104813471	1.039407372	31.24195862	16.1647892	9	19.67552948	49.0825119	6.621992588	11.16721916	22.46076965	65.79836273	3.325395823	39.17090607	204.2048035	46
5324.469662	51.3333	6.1	10.15833378	7.983333111	34.55988312	572.7717285	23.10000038	0	23.10000038	15.91666698	6.066666603	17.33333397	3.350000143	725	72	45	12.84802246	202	153	198	176	3.658333302	9860.833008	0.85619998	0.073713824	1.135129452	9.69048214	7.96609354	12	66.91563416	23.39388275	6.311720848	13.74251938	13.60710335	20.71254349	1.713669896	52.1629982	136.0535126	35
5318.03289	55.7509	13.3712	7.941666603	6.816666603	28.88418198	643.3959351	21.29999924	-2.299999952	23.59999847	8.583333015	2.816666603	16.10000038	0.466666669	677	71	37	20.90590096	207	125	180	160	3.174999952	9822.666992	0.882799983	0.076581366	1.186851263	10.72564411	6.74111414	12	67.62792206	21.64643097	6.335465431	12.22127724	8.632165909	0	1.651660323	48.25697327	123.129097	36
5315.940725	40.65	-4.11	11.28750038	9.175000191	33.73161697	653.7692261	27	-0.200000003	27.20000076	7.550000191	19.76666641	19.85000038	3.966666698	447	56	18	33.09070206	146	66	71	118	2.533333302	15801.58301	0.327899992	0.09290722	1.08184886	13.35032558	23.60866547	9	52.89876938	33.7509079	6.292580605	14.30889416	7.585775375	50.51881409	1.273730755	21.24690628	218.9632416	57
5315.516192	49.42	16.36	7.708333492	8.133333206	30.01230049	732.1724854	22.60000038	-4.5	27.10000038	15.16666603	0.01666666	16.64999962	-1.299999952	538	82	24	43.37608337	218	78	218	80	3.691666603	10971.83301	0.604499996	0.084765039	1.431786418	17.22577095	29.83935356	9	26.509552	56.26467896	5.70526886	16.05817223	11.15738773	25.95822716	3.301705599	34.5234375	147.6229858	45
5313.559178	49.631	11.5722	7.883333206	8.466666222	32.19264984	690.5180054	22.5	-3.799999952	26.29999924	16.45000076	3.483333349	16.45000076	-0.5	906	96	62	14.389884	262	193	262	229	2.575000048	10437	1.124500036	0.100688919	1.047428608	23.62896538	9.957122803	9	45.22618103	31.14485168	6.447457314	11.07784843	8.892261505	7.605176926	2.07717514	29.40957451	210.8255157	43
5313.436792	62.9619	18.35	3.325000048	7.75	26.27118683	783.8584595	19.60000038	-9.899999619	29.5	3.566666842	1.883333325	13.58333302	-5.733333111	726	89	37	28.48166847	244	125	201	156	3.941666603	8998	1.16170001	0.072715178	1.180881143	7.302974224	11.06334686	12	72.87371063	19.82331848	4.394490719	27.86372566	11.67888069	0	1.808948517	26.5671463	183.4286041	37
5310.529829	55.6739	-3.78181	8.199999809	6.433333397	37.6218338	411.7755432	18	0.899999976	17.10000038	4.233333111	9.666666031	13.51666641	3.549999952	1356	157	70	30.51320457	457	213	246	419	4.183333397	8582.583008	1.961899996	0.090884715	1.099273682	19.27253914	16.59208298	9	52.19203568	28.53542328	5.296599865	16.19130516	12.56620502	3.73574996	5.641590595	17.55496979	156.3155518	43
5309.624145	56.0648	13.9707	7.212500095	7.408333302	30.86805534	627.4013062	21.10000038	-2.900000095	24	7.800000191	2.283333302	15.23333359	-0.083333373	679	67	40	18.62249184	199	128	187	162	3.191666603	9863.5	0.950100005	0.073026523	1.392862916	8.804350853	12.62323284	12	65.19975281	25.99589539	5.355846882	14.09511852	14.88817787	9.826323509	2.449366093	44.61601639	113.0771866	35
5309.470838	49.4112	16.2815	7.395833492	8.241666794	30.07907486	733.8084106	22.5	-4.900000095	27.39999962	16.35000038	-0.300000012	16.35000038	-1.633333325	560	85	26	42.74531555	226	82	226	85	3.858333349	10930.91699	0.642199993	0.082404971	1.400041461	18.05256653	16.11732292	9	44.13959503	37.80783844	5.724782944	10.38245678	11.53142357	0	2.134118557	38.88417053	205.5180206	47
5304.723405	41.7	-3.68	11.77083302	11.95833302	39.72868347	653.3148193	29.29999924	-0.800000012	30.09999847	13.71666718	20.06666565	20.20000076	4.283333302	375	43	12	29.74526405	116	56	64	104	2.816666603	14821.08301	0.275599986	0.080997124	1.427150488	16.13351631	15.98140526	9	54.35190964	29.51457214	6.53834486	9.149763107	8.895600319	36.98142242	1.207029939	19.2502346	154.7711334	32
5301.737946	49.3853	16.2544	7.387500286	8.375	30.34420395	734.7761841	22.60000038	-5	27.60000038	16.35000038	-0.333333343	16.35000038	-1.666666627	560	84	26	42.10400391	225	82	225	85	3.849999905	10941.25	0.640100002	0.082091711	1.441226125	20.07265663	18.32217026	9	41.8339386	38.09340668	5.974895	10.42246342	10.01639652	0	1.628341079	37.95294189	178.3940735	47
5299.20822	56.6	-4.1	6.641666889	6.216666698	36.5686264	414.0093994	16.20000076	-0.800000012	17	2.716666698	8.083333015	11.9333334	2.016666651	1555	201	76	31.71343994	539	247	276	499	4.050000191	8425.916992	2.616899967	0.095263004	1.074335217	21.74430656	14.54389763	9	34.2982254	43.95746613	5.454907894	15.12775135	18.26365852	49.54417419	4.574044704	23.50403595	155.1622925	26
5296.7781	48.59	9.22	8.845832825	8.925000191	33.93535995	661.8481445	23.39999962	-2.900000095	26.29999924	15.46666622	1.999999881	17.08333206	0.816666603	736	97	39	28.33169556	258	126	248	133	2.491666794	11034.16699	0.862600029	0.108826339	1.066290617	30.58831024	19.46684837	9	32.31036377	37.10132599	6.643900871	10.70064068	18.15254974	67.83243561	3.243762255	45.51261139	188.4843292	43
5295.048509	50.4	-4.9	10.39166641	5.75	36.85897446	371.1887207	19	3.400000095	15.60000038	7.233333111	13.5	15.16666603	6.333333015	1056	123	60	27.84159851	366	188	222	289	5.566666603	10587.83301	1.358700037	0.0967388	1.042926192	21.60126686	11.55328751	9	39.55083466	38.84790039	5.519815445	14.14374065	14.98484135	7.479747772	2.761478662	45.45023346	193.9339905	36
5293.079238	49.4112	16.2815	7.395833492	8.241666794	30.07907486	733.8084106	22.5	-4.900000095	27.39999962	16.35000038	-0.300000012	16.35000038	-1.633333325	560	85	26	42.74531555	226	82	226	85	3.858333349	10930.91699	0.642199993	0.082404971	1.400041461	18.05256653	16.11732292	9	44.13959503	37.80783844	5.724782944	10.38245678	11.53142357	0	2.134118557	38.88417053	205.5180206	47
5293.002305	43.92	3.71	13.48333359	8.616666794	34.60508728	595.446106	27.29999924	2.400000095	24.89999962	10.13333321	21.10000038	21.10000038	6.616666794	658	96	25	31.17964745	215	109	109	177	3.766666651	14092.83301	0.496199995	0.108522497	1.015049815	28.2384243	11.53726959	9	25.67809296	46.08348083	7.682940006	10.85185242	16.7951622	241.9948273	1.877531171	27.12122726	569.9416504	41
5291.163608	41.84	25.75	12.27916718	11.45833302	34.9339447	794.0501709	30	-2.799999952	32.79999924	7.849999905	21.38333321	22.06666565	2.533333302	578	65	32	21.88571739	178	101	120	158	2.066666603	14047.08301	0.465200007	0.099564999	1.308937788	25.65236855	19.61008835	9	34.45839691	39.88923645	6.549714088	11.41801167	29.34912682	41.73178101	1.505530357	18.79877663	457.5080261	44
5286.083297	41.15	-4.32	11.65833378	11.44999981	38.68243408	658.175293	29	-0.600000024	29.60000038	7.766666889	20	20.14999962	4.099999905	406	52	15	32.42952728	129	62	68	111	2.658333302	15316.16699	0.302399993	0.067768939	1.427573323	8.536272049	23.24807167	12	67.31089783	24.15283203	6.100778103	12.81860256	6.015711308	27.54036713	1.362450838	10.13731861	168.2246857	57
5284.751421	56.3333	15.9667	7.229166508	6.558333397	27.78954887	637.1865234	20.60000038	-3	23.60000038	8.100000381	5.300000191	15.46666718	0.049999971	595	62	35	18.18660355	175	114	159	147	4.141666889	10027.75	0.815999985	0.077064872	1.125396967	9.564622879	13.06265163	12	74.05254364	16.38283539	5.389511585	19.78914833	29.2597084	5.772596359	6.656756878	25.63184166	95.00409698	40
5282.339495	53.3	-1.6	7.829166412	6.691666603	35.97669983	447.0380249	18.5	-0.100000001	18.60000038	3.733333349	12.01666641	13.60000038	2.816666603	1161	127	74	18.80858803	367	234	247	338	5.449999809	9333.416992	1.639199972	0.083526216	1.1347965	9.117919922	18.3639164	9	79.0485611	11.83351898	4.728962421	22.57719803	19.31463623	0	2.843041658	18.64135742	156.0240326	49
5279.698968	62.8839	18.1836	3.641666651	8	26.57807159	792.8540039	20.10000038	-10	30.10000038	3.916666746	2.283333302	13.98333359	-5.616666794	696	86	37	28.4257412	236	122	191	147	3.75	9007.916992	1.073199987	0.09917102	1.131676078	10.16090488	13.58535767	12	68.00646973	21.83262634	4.456953049	21.58164215	9.164652824	3.967511892	2.696305513	30.54413986	172.269989	36
5279.13738	49.4211	16.3497	7.941666603	8.199999809	30.03663063	736.2276001	22.89999962	-4.400000095	27.29999924	15.41666698	0.199999973	16.89999962	-1.149999976	522	80	23	44.33189011	213	74	213	75	3.491666794	10954.83301	0.587499976	0.084998451	1.437155724	21.82600021	16.38795471	8	34.02407074	44.14992905	6.304936409	10.88625717	15.24679852	43.62799072	2.197673798	30.05113792	189.4453888	45
5276.272723	50.0167	8.6667	10.01666641	7.966666698	31.73970795	658.6947632	24.10000038	-1	25.10000038	16.70000076	5.866666794	18.31666756	2.083333492	655	69	43	13.56032562	190	138	184	152	2.783333302	10449.41699	0.732200027	0.074517794	1.300466061	23.15219688	12.96590137	9	31.10280609	45.74499512	6.856536865	13.83035088	13.9544754	33.49209976	2.453424692	26.68334961	229.5113678	43
5274.307158	46.36	11.28	11.15000057	9.800000191	32.77592087	762.0814819	27	-2.900000095	29.89999962	20.51666641	1.800000072	20.51666641	1.800000072	799	97	33	31.32765388	257	119	257	119	1.016666651	12412.25	0.809300005	0.102624528	1.157588363	20.26763725	17.01468468	9	40.57906342	39.15329742	6.74727726	12.31131077	26.3205471	37.44922638	2.948513031	26.36223602	165.5933075	52
5271.087477	48.53	9.01	8.858333588	8.966667175	33.96464539	662.8308105	23.5	-2.900000095	26.39999962	15.51666641	2	17.11666679	0.849999964	751	95	41	26.13224983	259	133	244	140	2.508333445	11040.66699	0.877099991	0.097016148	1.136260152	19.99827385	15.7059927	8	37.84233856	42.15938568	6.623040676	11.43886662	21.25416946	106.1933746	2.331668615	25.59152031	199.7657623	46
5267.209026	51.4083	-0.6383	10.17083359	7.791666985	38.00812912	472.0769348	22	1.5	20.5	7.75	6.483333111	16.26666641	4.816666603	677	69	42	16.66335487	204	146	148	181	3.75	9823.5	0.812300026	0.08091706	1.046375036	11.81113148	13.71320057	9	62.60864639	25.58022308	5.772104263	13.71587467	13.94948959	0	2.615069866	26.49323273	188.6947632	31
5265.611582	42.63	0.76	5.050000191	9.550000191	34.4765358	646.7049561	21.10000038	-6.599999905	27.70000076	2.149999857	13.44999981	13.44999981	-2.266666651	1228	130	70	16.7380619	353	249	249	304	4.941666603	14492.83301	1.228099942	0.11334946	1.009612918	29.24640846	15.03953075	6	36.14816284	34.6054306	6.204772472	12.99267769	15.12265015	44.81329727	4.776660442	25.87330437	189.4350586	45
5264.341114	62.6322	17.69	3.270833254	8.108333588	26.58469963	812.7715454	19.70000076	-10.80000019	30.5	8.800000191	-2.683333397	13.73333359	-6.383333206	693	79	35	26.49007988	225	121	201	143	3.308333397	9059.333008	1.077900052	0.071619056	1.139773726	4.663877964	8.621626854	12	80.65894318	14.67717743	4.294702053	24.49422455	13.53957653	0	1.761782289	24.64006615	199.1799927	27
5264.276369	43.38	-5.87	12.42083359	8.574999809	42.0343132	438.8230896	23.5	3.099999905	20.39999962	10.88333321	18.16666603	18.16666603	7.5	993	115	51	25.98153114	302	162	162	280	2.766666651	12331.16699	0.987600029	0.112255663	0.973620117	19.72555161	22.86042023	9	38.71715927	41.55728912	5.466252327	12.1346674	19.82894516	11.26728821	5.390283108	32.0370636	107.8286667	38
5261.095279	56.3	16	7.370833397	6.358333111	27.2889843	636.6904907	20.5	-2.799999952	23.29999924	8.300000191	5.366666794	15.60000038	0.216666654	591	62	35	18.24157524	175	113	156	147	4.400000095	10082.66699	0.817799985	0.07848987	1.082704782	14.14578819	14.54131031	12	68.11977386	17.73443604	5.950898647	13.83581161	17.59182549	7.459032536	2.105399847	33.72131348	113.8164673	42
5260.481514	51.3	0.5	10.32916641	7.758333206	37.66181183	485.6835022	22.20000076	1.600000024	20.60000038	5.699999809	6.550000191	16.54999924	4.800000191	613	65	38	18.8024292	191	124	138	164	4.400000095	9928	0.760200024	0.091499723	1.343291163	27.55258942	18.41960526	9	38.69399261	33.75341797	7.609491825	11.13146782	24.21574211	141.5297699	2.326689482	39.21336746	220.9618225	34
5259.645513	46.37	11.28	10.8708334	9.858333588	33.08165359	754.6445923	26.70000076	-3.099999905	29.80000114	20.18333435	3.5	20.18333435	1.666666627	770	92	31	32.76743698	255	112	255	112	1.049999952	12462.16699	0.778199971	0.112557448	1.100145459	24.39643097	30.96445847	9	35.08943176	40.51413727	6.350336075	14.08211803	30.53141785	15.20370865	2.971410513	28.02788544	151.5265198	52
5258.818741	50.9167	9.57073	8.054166794	7.841666698	32.00680161	630.6903076	21.70000076	-2.799999952	24.5	14.51666737	1.316666722	15.95000076	0.483333349	740	75	46	13.32202816	219	157	210	165	3.516666651	10044.66699	0.913399994	0.104682714	1.400595546	11.33326721	17.26265526	9	43.37379074	45.29294205	5.444431782	13.20132923	10.64881516	15.66459656	2.249854803	23.76812935	104.48806	42
5252.99768	57.5089	15.0105	5.587500095	7.891666889	29.55680466	694.4099121	20.70000076	-6	26.70000076	13.35000038	0.25000003	14.5	-2.483333349	665	73	35	23.20290184	209	116	204	144	3.108333349	9719.583008	0.937699974	0.078172266	1.17767942	7.208373547	18.82374191	12	62.10773468	30.6838913	4.337138653	19.63491631	9.51819706	0	2.698263884	19.05078125	93.477005	22
5252.624823	52.4584	13.287	9.237500191	7.708333492	30.34777069	678.9501343	23.39999962	-2	25.39999962	17.70000076	4.75	17.70000076	1.049999952	564	65	36	19.52319908	177	116	177	132	3.799999952	10138.83301	0.630999982	0.055018775	1.534383297	2.736156225	7.169308662	11	92.27846527	4.98538208	6.530556202	13.21872139	9.922990799	15.3340435	1.082157612	42.06933594	142.9139557	19
5251.189495	49.4112	16.2815	7.395833492	8.241666794	30.07907486	733.8084106	22.5	-4.900000095	27.39999962	16.35000038	-0.300000012	16.35000038	-1.633333325	560	85	26	42.74531555	226	82	226	85	3.858333349	10930.91699	0.642199993	0.082404971	1.400041461	18.05256653	16.11732292	9	44.13959503	37.80783844	5.724782944	10.38245678	11.53142357	0	2.134118557	38.88417053	205.5180206	47
5249.17566	48.57	9.16	8.691666603	8.699999809	33.59073257	659.0483398	23	-2.900000095	25.89999962	15.28333282	1.849999905	16.88333321	0.700000048	737	96	39	27.7284317	257	127	245	134	2.525000095	11066	0.874599993	0.092594229	1.332685471	24.7071991	9.585259438	6	23.43391418	51.85888672	6.621622562	10.71782494	21.66745377	58.10069275	1.997296929	30.45933533	204.1165924	44
5243.881828	38.45	16.04	17.75	6.849999905	31.56682014	550.9660645	29.5	7.800000191	21.70000076	15.8166666	24.54999924	24.73333359	11.44999981	872	119	15	55.9587822	355	59	102	326	2.825000048	15701.08301	0.584299982	0.080609865	1.452820063	13.33455849	10.56281853	9	61.07077789	25.59466553	6.317623615	10.89906597	13.48594952	40.55585861	1.966275334	34.54644775	426.1436768	44
5243.05238	48.53	9.01	8.858333588	8.966667175	33.96464539	662.8308105	23.5	-2.900000095	26.39999962	15.51666641	2	17.11666679	0.849999964	751	95	41	26.13224983	259	133	244	140	2.508333445	11040.66699	0.877099991	0.097016148	1.136260152	19.99827385	15.7059927	8	37.84233856	42.15938568	6.623040676	11.43886662	21.25416946	106.1933746	2.331668615	25.59152031	199.7657623	46
5242.772903	55.8364	13.3075	7.841666698	6.833333015	28.95480156	645.0152588	21.10000038	-2.5	23.60000038	4.716666698	2.700000048	16.01666641	0.349999994	728	75	41	20.52760506	221	136	192	176	3.283333302	9796.666992	0.947600007	0.068907708	1.199956536	9.359780312	7.191326618	12	70.18057251	20.45964813	5.830327034	14.76117134	9.835722923	10.07176495	1.80963099	31.44107056	125.1408997	37
5242.483435	55.8078	13.1028	8.120833397	6.625	28.31196594	644.6297607	21.29999924	-2.099999905	23.39999962	8.816666603	2.966666698	16.26666641	0.600000024	628	65	32	20.94534302	191	114	170	143	3.916666746	9913.416992	0.800300002	0.085104942	1.451079369	14.8229208	7.654564381	12	57.21572495	27.96135712	6.617434502	11.40386963	15.02167988	0	1.749556065	53.71972656	138.842453	35
5239.508373	50.5	7.5	9	8.133333206	33.33333206	618.9837646	22.70000076	-1.700000048	24.40000153	15.30000019	4.833333492	16.76666641	1.566666722	833	80	57	10.30234814	224	185	220	206	3.083333254	10098.33301	1.014799953	0.097190067	1.431319833	16.38657761	14.25183868	8	39.01691818	44.59650421	5.784959793	14.17320728	12.81033039	20.45335388	2.429020405	28.31680107	200.4882202	30
5237.673236	52.6	10.0667	9.375	8.366666794	33.20105743	647.8759155	23.5	-1.700000048	25.20000076	17.48333359	4.916666508	17.48333359	1.616666555	678	73	44	13.84370041	195	149	195	167	3.616666555	9753.583008	0.780399978	0.071196787	1.156306148	11.70221615	6.88527298	11	79.70610046	8.591682434	5.766342163	14.65019894	8.348370552	21.48015213	1.600857377	43.02147293	184.7610321	19
5230.188277	49.38	16.81	6.829166412	7.941666603	29.52292442	725.9992065	21.60000038	-5.300000191	26.90000153	15.69999981	-0.900000095	15.69999981	-2.083333492	627	93	30	41.05865097	250	93	250	101	4.133333206	10940	0.750500023	0.084514201	1.306069016	18.24336624	21.32348251	9	30.86503601	50.89159775	5.882003307	12.43449688	15.32937241	1.555139422	1.773273349	57.67502594	208.4738007	51
5229.870069	55.6575	13.2386	8.283333778	6.5	27.77777863	648.3557129	21.5	-1.899999976	23.39999962	8.916666985	3.116666794	16.53333282	0.766666651	591	64	30	21.01150131	181	108	160	133	3.724999905	9887.166992	0.745800018	0.088853799	1.418593049	17.28615761	7.923231125	12	64.46618652	18.24765778	6.748494148	9.625585556	12.34916878	0	1.788515329	51.48690796	149.0671997	34
5229.264848	42.97	-1.23	10.52499962	8.883333206	37.16875839	524.2678833	24.29999924	0.400000006	23.89999962	5.533333302	17.45000076	17.45000076	4.583333492	1003	107	50	22.54751205	305	174	174	286	3.349999905	13493.83301	0.898199975	0.119121604	1.028354168	25.70748711	17.97287178	6	34.30005646	39.99245453	6.520334244	12.81166649	17.68298721	43.37994766	6.203942776	20.70529747	170.6360168	47
5227.436188	57.6511	14.8043	5.383333206	7.816666603	29.2759037	688.6196289	20.39999962	-6.300000191	26.70000076	13.0666666	0.033333249	14.19999981	-2.650000095	694	77	37	21.81319809	213	123	204	153	3.283333302	9685.166992	1.019000053	0.08257512	1.134179115	10.30705166	14.97340679	12	56.73271179	32.9602356	4.443498611	22.84017372	10.02282906	0	3.307394028	14.94910145	119.0669708	26
5226.320526	49.4112	16.2815	7.395833492	8.241666794	30.07907486	733.8084106	22.5	-4.900000095	27.39999962	16.35000038	-0.300000012	16.35000038	-1.633333325	560	85	26	42.74531555	226	82	226	85	3.858333349	10930.91699	0.642199993	0.082404971	1.400041461	18.05256653	16.11732292	9	44.13959503	37.80783844	5.724782944	10.38245678	11.53142357	0	2.134118557	38.88417053	205.5180206	47
5226.048304	41.66	25.47	12.07916641	10.77499962	33.88364792	779.0654297	29.29999924	-2.5	31.79999924	7.766666412	21.08333397	21.70000076	2.616666555	591	72	30	24.4927578	188	98	120	169	2.099999905	14022.83301	0.477699995	0.097574539	1.250656486	25.96649933	22.46629715	6	42.24277496	31.79072571	7.217085838	14.11210346	24.70240593	52.63471603	1.549562812	12.41407108	260.4057922	44
5225.337465	50.95	20.5	7.541666508	9.016666412	30.35914803	774.3995972	23.29999924	-6.400000095	29.69999886	16.86666679	-0.916666746	16.86666679	-2.233333349	620	87	29	35.70917511	240	100	240	108	3.158333302	10514.41699	0.756600022	0.065568909	1.302727342	10.20665073	8.567611694	8	42.00656509	47.78678513	5.725166798	10.33390045	6.254590988	0	1.396446586	35.82542038	122.8235397	15
5222.697454	48.52	9.08	9.091667175	9.116666794	34.14481735	669.0150146	24	-2.700000048	26.70000076	15.85000038	2.183333397	17.43333435	0.98333329	713	93	37	28.85424232	252	120	239	128	2.358333349	11042.08301	0.833000004	0.099568881	1.141018271	25.2279911	11.79561424	9	32.63804626	42.13396454	7.31296587	11.81010628	23.48080063	76.23693085	2.873250484	31.15080261	167.9712524	45
5211.189834	55.6942	13.4504	7.800000191	6.866666794	29.09604454	639.7584839	21.20000076	-2.400000095	23.60000038	8.416666985	2.716666698	15.96666718	0.383333296	669	69	36	21.05339813	204	123	180	157	3.275000095	9887.833008	0.886500001	0.068919927	1.172682047	6.794793129	8.987579346	12	71.60309601	21.60211182	4.876429558	21.16154861	16.22095108	3.643147707	3.01045537	23.1366272	115.0883026	35
5208.996301	57.1539	-2.2207	7.541666508	7.266666889	38.85918045	432.418335	18.10000038	-0.600000024	18.70000076	5.166666508	9	13.10000038	2.549999952	856	90	57	18.01901627	260	172	191	229	5.550000191	8580.25	1.291599989	0.088411845	1.121721745	14.31544018	8.883680344	12	50.56326675	35.12129211	5.879853725	12.40633202	11.78301334	0	3.152365685	58.40113068	160.9041748	44
5207.389027	55.8364	13.2906	7.820833206	6.758333206	28.75886536	642.6806641	21	-2.5	23.5	4.75	2.666666746	15.96666622	0.349999964	725	75	41	20.48360634	221	137	189	176	3.349999905	9838.083008	0.947099984	0.070265479	1.327735424	8.758370399	7.47104311	12	72.04328918	19.19834137	5.577399254	14.54407501	9.685768127	2.897897959	2.495770216	38.48313141	89.8239212	36
5206.75531	55.7689	14.1375	7.429166794	6.941666603	29.66524315	617.9712524	21	-2.400000095	23.39999962	8.100000381	2.416666746	15.40000057	0.383333325	692	71	39	19.05508804	209	133	178	170	4.883333206	9924.833008	0.943199992	0.063249201	1.238641858	1.25124681	13.88807297	11	91.48612213	7.262634277	4.27764225	17.42000389	15.51086617	0	2.269230843	32.85057449	113.1739502	40
5205.390594	40.76	-4.01	7.879166603	7.641666889	30.56666565	635.7903442	22.70000076	-2.299999952	25	4.650000095	16.36666679	16.36666679	1.100000024	897	116	22	42.5585556	323	95	95	276	3.008333206	15541.75	0.747600019	0.115560897	1.105908751	14.35844803	32.06328201	12	52.61530304	33.02624512	6.315857887	13.40970135	17.42349434	47.2291069	2.369748116	12.1056385	152.0070801	61
5203.374631	50.59	3.3	10.05416679	7.574999809	34.27602005	543.6971436	22.79999924	0.699999988	22.09999847	7.083333492	6.116666794	16.83333206	3.633333445	750	76	46	13.98104	215	157	188	176	4.099999905	10278.66699	0.900900006	0.080243945	1.444423437	23.4723568	7.358494759	8	11.48258209	65.0450592	6.05013895	9.473809242	8.360816002	0.017309945	1.806810498	60.34001923	216.7658691	34
5200.838649	41.13	-1.43	11.97083378	13.45833302	42.45531082	650.2358398	30.29999924	-1.399999976	31.69999886	13.80000019	5.633333206	20.41666603	4.633333206	412	64	20	38.24485016	157	66	107	75	3.224999905	15442	0.273299992	0.092909507	1.430434465	15.94883919	21.54866791	9	47.13873291	36.91242981	6.866248608	18.15929222	20.27677536	236.770813	1.463430166	18.8415184	237.6643982	26
5199.063444	49	2	10.5666666	7.650000095	34.1517868	551.4375	23.39999962	1	22.39999962	7.483333588	6.699999809	17.51666641	4.066666603	663	64	45	10.56177425	183	150	156	169	4.133333206	11137.75	0.70539999	0.094890505	1.402588248	18.56491089	16.29474449	9	11.81417847	69.62091064	4.990978718	16.44534111	13.36514854	9.17501545	1.704200506	9.889762878	108.3339844	28
5194.74845	54.6833	25.3167	6.520833492	7.708333492	26.21882057	827.3656616	22.39999962	-7	29.39999962	16.68333244	-2.666666746	16.68333244	-3.533333302	648	82	32	27.15677834	222	112	222	125	3.458333254	10038	0.816100001	0.065207936	1.199448466	5.3104105	7.292406559	12	73.37068176	21.31890869	5.527270794	13.42060852	11.46143341	1.3936975	1.245455742	39.54847717	151.6940918	38
5193.833173	50.6	2.93	10.17083359	7.541666985	34.28030396	532.5174561	22.70000076	0.699999988	22	10.8166666	6.283333302	16.75	3.816666603	706	72	42	14.37420082	203	144	179	162	4.083333492	10285.5	0.850799978	0.075188696	1.431357145	15.07258224	8.087677956	8	34.61592102	50.31149673	6.753664017	11.16546345	11.11545372	21.80684853	1.666554689	59.73921204	224.8141327	35
5191.409966	56.1	13.74	7.099999905	7.349999905	30.24691391	640.6317749	20.89999962	-3.400000095	24.29999924	3.916666746	5.933333397	15.25	-0.400000006	767	79	44	20.25018501	232	145	193	198	2.799999952	9784.416992	1.068799973	0.075360775	1.109084964	11.74979401	14.68470764	12	52.87260437	35.37760162	5.626195908	13.63500118	12.86776161	21.04700851	1.974118114	32.95039749	93.532547	33
5189.42262	46.6667	4.11667	10.72083282	9.175000191	35.56201553	621.583252	25.39999962	-0.400000006	25.79999924	16.68333244	6.666666508	18.56666565	3.283333302	774	79	47	16.01896477	217	152	217	174	3.041666746	12031.58301	0.780200005	0.103812993	1.234844446	24.98978043	12.93436527	9	31.82284546	43.18737411	6.303565979	10.55623722	11.07291889	0.782203376	1.743629098	36.61962128	237.6696014	36
5186.852259	63.0833	18.3667	3.033333302	7.933333397	26.62192345	788.6130981	19.5	-10.30000019	29.79999924	3.183333397	1.666666627	13.35000038	-6.066666603	718	86	36	28.82222176	239	123	204	152	3.866666555	8956.666992	1.157999992	0.087559715	1.046444654	7.197326183	11.26034737	9	67.78623962	25.01643372	4.591881752	26.01202011	12.62069511	0	2.239280701	25.72888947	150.3669281	32
5183.179124	48.5	8.8	8.375	9.399999619	35.07462692	659.8536377	23.5	-3.299999952	26.79999924	14.91666698	1.516666651	16.63333321	0.466666698	841	93	57	16.48755074	262	176	244	190	2.633333445	11074.33301	0.994099975	0.100829631	1.345254421	23.79310608	8.812267303	8	17.60671234	58.60018158	6.42813158	9.122652054	12.1138916	0	2.160906076	40.40345383	220.5219727	46
5182.957821	56.1	13.9167	7.245833397	7.574999809	30.91836739	639.0421143	21.29999924	-3.200000048	24.5	7.75	2.25	15.41666698	-0.200000033	686	70	40	19.07152176	203	129	186	165	2.983333349	9799.666992	0.947600007	0.068475716	1.521374583	6.208423138	7.203193188	12	76.92983246	16.86174774	5.839298248	14.07226181	9.27186203	7.302810669	2.025475979	40.86949158	136.3952789	32
5181.972875	54.7	-3.4	8.579166412	6.625	37.64204407	423.3709717	18.60000038	1	17.60000038	4.400000095	10.05000019	14	3.700000048	1148	129	63	26.25346375	378	194	230	350	5.108333588	9053.416992	1.724300027	0.096324593	1.039741993	20.25861168	21.76986313	9	40.56369781	39.1776886	5.71532917	10.88294697	16.87689209	0	3.219240904	49.25008011	233.977066	44
5181.970301	55.7167	14.1333	7.579166889	6.858333111	29.18439674	620.701416	21.10000038	-2.400000095	23.5	8.300000191	2.533333302	15.5666666	0.466666639	679	70	39	18.88563538	206	132	171	167	4.766666412	9923.833008	0.939100027	0.072546445	1.445899963	10.59540081	8.468811035	12	66.51721191	22.88739014	6.227268696	10.90642357	11.89028263	8.966086388	1.613370895	50.66030502	117.4298019	40
5178.074489	48.47	18.94	7.541666985	10.1833334	33.27886581	774.5316162	24.10000038	-6.5	30.60000038	15.53333378	-0.666666746	16.93333435	-2.150000095	740	87	41	22.46785927	235	130	232	144	2.716666698	11384.33301	0.818000019	0.099446937	0.989718795	27.32918358	15.66406631	9	17.75417328	54.91664124	5.918442726	11.49201202	21.73267746	4.608356476	2.178308725	27.06161308	190.1334686	56
5177.797298	56.4	12.9	6.766666412	6.650000095	28.41880417	635.2963867	19.79999924	-3.599999905	23.39999962	3.733333111	5.566666603	14.78333282	-0.683333337	948	99	52	22.07296753	286	174	255	235	4.574999809	9762.75	1.375499964	0.071191512	1.320398688	7.123396873	10.11996555	12	69.05709839	23.81950378	4.457184792	19.19123459	9.416226387	2.108280659	1.976495624	23.11120033	126.9932404	33
5176.890125	55.76	14.12	7.416666985	6.966666698	29.51977348	621.5425415	21.10000038	-2.5	23.60000038	8.100000381	2.400000095	15.41666698	0.283333331	696	71	40	19.01164436	210	135	178	171	4.741666794	9910.416992	0.959999979	0.069194511	1.329394102	9.280697823	13.58012295	12	70.67905426	20.04024506	5.90877676	14.76015663	11.52854347	14.69206524	2.395784855	56.59951019	119.394043	40
5174.824845	62.8622	18.336	3.629166603	7.491666317	25.92272186	762.5419922	19.39999962	-9.5	28.89999962	4.016666412	1.949999928	13.64999962	-5.099999905	719	89	36	28.60884666	246	125	193	155	4.099999905	9050.083008	1.151299953	0.076635309	1.170562983	7.941580296	14.3880825	12	71.72795105	20.33046722	4.512661934	23.88031769	10.08638668	4.951548576	2.901052952	30.83712959	168.0047455	37
5173.438815	46.25	11.17	11.88749981	9.458333015	31.63322067	768.7715454	27.70000076	-2.200000048	29.90000153	17.23333359	2.366666794	21.26666641	2.366666794	834	100	37	28.14547729	260	132	256	132	1	12401.33301	0.839600027	0.080910333	1.258283019	17.86591911	19.34549141	9	38.39607239	43.73800659	6.777655602	12.68117523	21.49803925	108.7904434	2.007383108	30.02200127	180.6559448	51
5165.747968	40.98	-3.8	8.237500191	8.758333206	33.17550659	644.9880981	23.89999962	-2.5	26.39999962	4.833333492	16.78333282	16.78333282	1.233333349	767	95	23	38.41533279	266	92	92	228	2.974999905	15359.33301	0.630999982	0.113361336	1.091433883	17.55232048	39.79304504	12	47.30478668	35.14289093	6.132660866	14.5913353	16.58020973	6.564507961	3.381708145	23.73908806	199.2064362	59
5162.781659	41.19	-3.58	10.05416679	10.60833359	36.83449173	657.4933472	26.89999962	-1.899999976	28.79999924	6.349999905	18.54999924	18.58333397	2.616666555	491	58	18	31.73880768	157	70	77	134	2.799999952	15155.75	0.383599997	0.113506719	1.396899462	31.10143661	23.46858597	9	29.23783112	39.66073227	6.391974926	10.13717079	19.14974976	35.07037354	2.075223684	29.82654572	247.7828979	49
5156.256965	46.34	11.29	11.25	9.366666794	31.53759766	767.673584	27	-2.700000048	29.70000076	16.60000038	1.733333349	20.61666679	1.733333349	828	101	35	30.11419296	261	126	260	126	1	12410.33301	0.850300014	0.099276863	1.12125814	17.42496681	31.13807106	9	42.32978058	40.24525452	6.699357033	12.37959957	18.19266319	105.2798996	1.97694838	30.12436295	168.2213898	52
5156.186147	46.34	11.29	11.25	9.366666794	31.53759766	767.673584	27	-2.700000048	29.70000076	16.60000038	1.733333349	20.61666679	1.733333349	828	101	35	30.11419296	261	126	260	126	1	12410.33301	0.850300014	0.099276863	1.12125814	17.42496681	31.13807106	9	42.32978058	40.24525452	6.699357033	12.37959957	18.19266319	105.2798996	1.97694838	30.12436295	168.2213898	52
5153.511795	62.6437	17.7339	3.191666603	7.949999809	26.41195869	801.9205322	19.5	-10.60000038	30.10000038	8.616666794	-2.700000048	13.55000019	-6.300000191	729	82	38	25.93966866	236	130	208	152	3.433333397	9028.75	1.13380003	0.072365858	1.160022497	2.906234741	13.40215015	9	85.4758606	11.61790466	4.258595943	27.11137581	14.78325653	0	2.204772949	22.6769104	201.7411194	28
5152.427695	51.85	6.4333	9.745833397	7.808333397	34.3979454	568.892334	22.60000038	-0.100000001	22.70000076	15.46666718	5.633333206	16.88333321	2.983333349	725	72	42	15.63985062	201	145	198	172	3.758333206	9731	0.912500024	0.080804192	1.095627427	11.7247982	7.588598251	12	61.75437927	26.52082062	6.373147488	11.86501598	17.17270851	4.326532364	1.395745039	57.05742645	107.6035538	39
5149.838545	46.6667	4.11667	10.72083282	9.175000191	35.56201553	621.583252	25.39999962	-0.400000006	25.79999924	16.68333244	6.666666508	18.56666565	3.283333302	774	79	47	16.01896477	217	152	217	174	3.041666746	12031.58301	0.780200005	0.103812993	1.234844446	24.98978043	12.93436527	9	31.82284546	43.18737411	6.303565979	10.55623722	11.07291889	0.782203376	1.743629098	36.61962128	237.6696014	36
5148.926565	52	5.675	9.795833588	8.091666222	35.18115997	562.9890137	22.79999924	-0.200000003	23	4.166666508	5.666666508	16.83333397	3.099999905	814	81	49	14.86511421	233	170	205	206	4.016666412	9741.416992	1.00909996	0.064412735	1.188896537	8.116723061	8.390452385	11	82.47047424	9.41280365	6.241753578	15.13832664	6.617163181	28.55887222	1.511696339	55.82694244	116.7915497	47
5147.393246	50.3	-4.9	10.77083302	5.825000286	37.8246727	363.9833984	19.20000076	3.799999952	15.40000057	7.699999809	13.8166666	15.44999981	6.766666412	991	119	56	28.42443848	346	176	203	273	5.675000191	10635.83301	1.274299979	0.098946236	1.010891914	25.10638809	23.26969528	9	34.63851929	40.25509262	6.122273445	11.42461491	16.29500771	0.10653837	2.081751823	63.08597565	251.9655304	37
5147.184719	50.3	-4.8	10.78333378	5.599999905	36.84210587	361.3631592	19.10000038	3.900000095	15.20000076	7.766666412	13.80000019	15.4333334	6.816666603	975	121	57	29.41383553	345	177	193	264	6.066666603	10688.83301	1.273300052	0.098503195	1.026575446	21.68834496	13.38559437	9	34.99355316	43.31809998	5.982152462	10.954319	15.0716877	33.17592621	2.303491592	50.83631516	170.0667114	37
5144.623187	56.27373	13.90045	6.845833302	7.574999809	30.17928314	655.2565918	21	-4.099999905	25.10000038	7.300000191	1.783333302	15.16666698	-0.883333325	749	76	44	19.35310173	222	142	202	183	2.833333254	9787.916992	1.055999994	0.075299494	1.461951256	4.9477458	16.33685493	12	74.4025116	20.64974213	4.607264042	17.74129295	10.2787199	8.759345055	3.103961468	30.44190598	123.2152481	28
5143.08177	54.1	-2.3	7.900000095	6.650000095	35.94594574	441.4953918	18.5	0	18.5	3.700000048	9.399999619	13.5666666	2.866666794	1454	160	83	23.7978611	472	262	308	414	4.925000191	9142.666992	2.144200087	0.114178248	0.997674644	24.57938004	23.91193199	9	34.07382202	41.34679794	5.437558174	12.14852142	13.80042362	0	3.355493307	40.88710022	242.0193024	38
5142.219709	48.51	9.11	8.662500381	8.958333015	33.80503082	667.3458862	23.39999962	-3.099999905	26.5	15.36666679	1.75	16.98333359	0.583333313	744	96	39	27.90632057	260	127	248	135	2.516666651	11103.33301	0.876299977	0.102750145	1.301919103	27.43349457	9.680731773	8	15.40205383	57.1644516	7.399822235	9.925815582	22.39148331	31.14164925	1.658857822	47.83444977	299.6335144	44
5140.710607	48.55	9.06	8.583333015	8.699999809	33.33333206	661.6416626	23.10000038	-3	26.10000038	15.25	1.733333349	16.85000038	0.616666675	766	97	42	26.05835915	264	136	250	144	2.599999905	11086	0.904100001	0.101273067	1.069860101	22.78326988	18.4889679	8	40.33317566	36.88355255	6.245013714	13.0209713	27.21040726	23.25389481	1.878641725	13.16674805	170.8846588	46
5139.441509	47.58	5.33	10.2458334	8.225000381	32.38188934	645.5493164	24.70000076	-0.699999988	25.40000153	6.233333111	6.166666508	18.31666756	2.533333302	832	83	56	12.06945801	228	177	201	208	3.108333349	11731.83301	0.869000018	0.115377739	1.236504436	36.79588318	16.8910675	3	4.295799255	58.90831757	7.548565865	9.268444061	23.82114029	55.00825882	2.018886566	51.47624588	367.1349792	29
5137.864611	49.42	16.36	7.708333492	8.133333206	30.01230049	732.1724854	22.60000038	-4.5	27.10000038	15.16666603	0.01666666	16.64999962	-1.299999952	538	82	24	43.37608337	218	78	218	80	3.691666603	10971.83301	0.604499996	0.084765039	1.431786418	17.22577095	29.83935356	9	26.509552	56.26467896	5.70526886	16.05817223	11.15738773	25.95822716	3.301705599	34.5234375	147.6229858	45
5135.112507	48.54	4.32	10.52083302	9.574999809	37.40234375	598.1162109	25.29999924	-0.300000012	25.59999847	17.63333321	6.466666698	18.10000038	3.416666746	699	67	47	10.15531063	188	148	187	175	3.491666555	11252.58301	0.73210001	0.111908004	1.043326616	32.72434616	15.61835098	3	17.05680084	50.218853	7.531360626	9.975549698	14.60517502	148.3532562	1.472387791	54.55773926	291.4677429	32
5134.407394	55.76	14.12	7.416666985	6.966666698	29.51977348	621.5425415	21.10000038	-2.5	23.60000038	8.100000381	2.400000095	15.41666698	0.283333331	696	71	40	19.01164436	210	135	178	171	4.741666794	9910.416992	0.959999979	0.069194511	1.329394102	9.280697823	13.58012295	12	70.67905426	20.04024506	5.90877676	14.76015663	11.52854347	14.69206524	2.395784855	56.59951019	119.394043	40
5133.72128	40.12	-8.25	15.45416641	10.85833359	45.24305725	464.9655762	28.89999962	4.900000095	24	9.949999809	21.10000038	21.39999962	9.949999809	996	143	14	53.14039993	405	73	76	405	2.150000095	15703.16699	0.715600014	0.089344695	1.230876803	19.76014709	18.11486053	9	50.15279388	30.08705902	6.216273785	14.15197563	11.66593456	67.72908783	1.712397337	29.06103325	224.0018768	27
5132.243271	46.34	11.29	11.25	9.366666794	31.53759766	767.673584	27	-2.700000048	29.70000076	16.60000038	1.733333349	20.61666679	1.733333349	828	101	35	30.11419296	261	126	260	126	1	12410.33301	0.850300014	0.099276863	1.12125814	17.42496681	31.13807106	9	42.32978058	40.24525452	6.699357033	12.37959957	18.19266319	105.2798996	1.97694838	30.12436295	168.2213898	52
5124.62676	58.6656	24.9871	5.533333302	7.400000095	24.18300629	830.4224854	22.10000038	-8.5	30.60000038	14.75	-0.866666615	16	-4.316666603	709	80	34	30.87292671	236	108	221	144	3.041666746	9468.916992	0.968900025	0.073780008	1.165159464	7.15871954	7.158914089	12	74.69787598	18.1434021	5.018257141	19.91973877	22.88263702	1.726871252	3.74783659	13.41626835	135.0583344	41
5124.48664	50.584	8.67825	9.554166794	8.375	32.71484375	658.53302	24.10000038	-1.5	25.60000038	16.31666756	5.349999905	17.85000038	1.633333445	628	65	38	15.53039551	188	128	175	143	2.858333349	10080	0.720799983	0.087234877	1.157353282	26.30567169	10.100564	9	39.09619522	34.59812927	6.583449364	13.70592022	15.43449116	6.326202869	1.666009665	36.46600723	211.4467468	43
5122.877686	47.5	11.5	4.458333492	7.049999714	30.38792992	612.3309937	17	-6.199999809	23.20000076	12	-2.733333349	12	-2.733333349	1325	172	64	33.35820389	494	214	494	214	3.358333349	11793.25	1.555400014	0.100237973	1.077509046	20.45035172	22.23304558	8	39.58193588	39.9677124	6.261115551	13.23698711	19.10868645	47.29906845	3.881909609	23.98685074	151.5194244	47
5120.253006	46.37	11.29	11.23333359	9.899999619	33	763.2595825	27.10000038	-2.900000095	30	20.61666679	1.883333325	20.61666679	1.883333325	802	98	33	31.75423431	258	118	258	118	1.016666651	12422.25	0.808300018	0.102525838	1.174772382	35.32917023	28.23237419	9	23.22737122	41.44345856	6.79183197	12.89474392	25.01951599	86.19148254	2.147694588	17.36922836	173.5480347	53
5118.610896	55.8397	13.2881	7.820833206	6.758333206	28.75886536	642.6806641	21	-2.5	23.5	4.75	2.666666746	15.96666622	0.349999964	725	75	41	20.48360634	221	137	189	176	3.349999905	9838.083008	0.947099984	0.075425901	1.29481113	10.29608154	6.673297882	12	66.73973083	22.96418762	5.713981152	14.54407501	9.685768127	2.897897959	2.495770216	38.48313141	89.8239212	36
5117.125195	48.56	9.16	8.887499809	8.875	33.87404633	661.7783203	23.39999962	-2.799999952	26.19999886	15.51666641	2.033333302	17.11666679	0.849999964	719	95	37	28.81362915	253	121	242	129	2.450000048	11062.16699	0.851000011	0.095097549	1.311320901	20.36334038	15.87437916	6	43.07833099	36.55832672	6.501185894	14.22077942	21.08841133	25.37044334	1.627157092	13.00157261	177.0998077	44
5116.450883	42.34	2.17	9.091667175	9.533333778	37.38562012	577.7496948	23.20000076	-2.299999952	25.5	10.36666679	3.166666508	16.56666756	2.633333206	913	106	58	18.66451645	270	184	218	193	4.625	14801.83301	0.755999982	0.120523766	1.074375391	19.22893333	20.96178436	5	45.20484161	35.56622314	6.191661358	12.95843983	15.12841702	59.27931976	3.314715147	19.02286148	162.9766693	39
5116.305902	51.8333	5.5833	9.6875	8.141667366	35.70906448	552.4743042	22.60000038	-0.200000003	22.80000114	6.700000286	5.599999905	16.60000038	3.133333445	773	77	44	15.37611294	212	159	202	189	3.924999952	9830	0.970200002	0.080886818	1.431080461	17.47721672	6.349157333	12	60.89421844	21.62856293	6.023659229	12.55893135	12.11715126	3.008468628	1.610765338	69.73274994	85.80500793	48
5111.797785	41.14	-3.58	8.604166985	9.608333588	35.19535828	643.2850952	24.70000076	-2.599999905	27.30000114	5.133333206	17.08333397	17.08333397	1.549999952	666	79	22	35.37811279	222	85	85	192	2.966666698	15206.83301	0.540400028	0.1204997	1.077044845	20.88113213	18.61546707	9	39.73666382	39.38220215	6.536412716	11.61517715	16.00739861	108.9598007	2.218528509	34.31369019	159.9324188	51
5109.927229	50.79	2.69	9.804166794	7.091666698	33.76984024	512.9923706	21.60000038	0.600000024	21	10.6833334	5.883333206	16.11666679	3.700000048	738	79	45	15.84653664	222	151	180	173	4.75	10257.5	0.933399975	0.089428589	1.393550754	20.60534668	16.86517715	8	6.635452271	72.75920105	6.958485126	9.993785858	9.929628372	26.63988495	2.589607477	53.89473724	260.111084	37
5107.470785	55.6481	13.2264	8.304166794	6.508333206	27.81339073	647.3739014	21.5	-1.899999976	23.39999962	8.949999809	3.116666794	16.53333282	0.800000012	589	63	30	20.86252403	180	107	160	133	3.766666651	9874.25	0.739899993	0.080335252	1.420091867	16.21368217	6.697532177	12	64.21060181	19.57571411	5.781975746	14.15556717	7.521781921	0	2.579647779	46.17485046	148.4540558	33
5101.891347	48.91	4.52	10.49166679	9.449999809	36.9140625	595.8486328	25.29999924	-0.300000012	25.59999847	18.04999924	6.416666508	18.04999924	3.466666698	673	69	45	12.90479755	188	141	188	159	3.474999905	11090.41699	0.712100029	0.107227117	1.295578599	29.06602859	15.48530197	8	22.35477448	48.57919693	7.804149151	9.7474823	15.07520103	397.2551575	1.758133411	48.28524399	288.7822876	32
5101.309978	49.38	16.81	6.829166412	7.941666603	29.52292442	725.9992065	21.60000038	-5.300000191	26.90000153	15.69999981	-0.900000095	15.69999981	-2.083333492	627	93	30	41.05865097	250	93	250	101	4.133333206	10940	0.750500023	0.084514201	1.306069016	18.24336624	21.32348251	9	30.86503601	50.89159775	5.882003307	12.43449688	15.32937241	1.555139422	1.773273349	57.67502594	208.4738007	51
5101.150881	55.6561	13.2178	8.333333015	6.516666889	27.73049545	649.5849609	21.60000038	-1.899999976	23.5	8.966667175	3.116666794	16.60000038	0.816666663	579	63	29	21.33297729	178	105	157	130	3.791666746	9912.916992	0.725499988	0.084003218	1.468651533	11.51308537	8.694854736	12	73.82826233	14.65865326	6.406029701	12.94981098	13.65674686	3.437458754	2.358389378	58.21393967	121.5125122	33
5098.154063	53.5	10.5	8.595832825	7.641666412	31.84027672	618.0227051	22.10000038	-1.899999976	24	16.36666679	4.050000191	16.36666679	1.233333349	728	73	44	15.28010559	212	147	212	174	3.533333302	9694.666992	0.933399975	0.072581753	1.477172971	8.767370224	9.461183548	12	74.23583984	16.99678802	5.634815216	13.95242786	7.05526495	8.866528511	1.648388147	49.82436752	116.9942474	26
5097.588008	49	15	7.316666603	8.233333588	30.26960754	714.2520752	22.10000038	-5.099999905	27.20000076	16.16666603	-1.399999976	16.16666603	-1.399999976	640	89	32	37.10423279	247	105	247	105	2.450000048	10858.91699	0.789600015	0.094371602	1.39522624	12.36066914	16.26023674	9	57.43692398	30.20240784	4.948495388	18.99585915	12.67557526	11.04993629	1.61029923	30.20872688	188.6918488	44
5096.468481	53.476	10.6065	8.6875	7.824999809	31.93877602	627.7851563	22.39999962	-2.099999905	24.5	16.58333206	4.133333206	16.58333206	1.200000048	699	72	44	15.62062359	208	142	208	168	3.458333254	9728	0.885100007	0.074769005	1.282591343	11.50572109	7.529947281	12	67.96627045	20.52800751	6.051774979	14.24975872	8.925251007	18.29230499	1.79954946	49.03899765	123.7234879	26
5092.89943	38.38	16.22	14.02499962	6.050000191	29.08654022	548.6118774	25.29999924	4.5	20.79999924	9.333333015	20.73333359	20.89999962	7.733333111	891	128	19	54.74850082	364	66	107	340	3.166666746	15540.5	0.699999988	0.118262403	1.207047343	23.89424896	17.47294235	9	38.09776306	38.00798798	6.255000114	13.90761852	17.30418968	0	1.919614792	17.11056519	391.6018982	44
5090.941394	54.4	-3.2667	8.387499809	6.691666603	37.59363174	433.0028687	18.20000076	0.400000006	17.80000114	6.150000095	10.01666641	13.8166666	3.266666651	1282	144	77	23.69865608	418	234	260	367	4.625	8875	2.066800117	0.087663844	0.996178567	23.56595993	20.54240227	9	37.83542252	38.59861755	5.732756138	11.476017	12.52924633	1.259579539	3.053281069	45.08069611	199.0932617	40
5090.124563	62.6322	17.6906	3.270833254	8.108333588	26.58469963	812.7715454	19.70000076	-10.80000019	30.5	8.800000191	-2.683333397	13.73333359	-6.383333206	693	79	35	26.49007988	225	121	201	143	3.308333397	9059.333008	1.077900052	0.071619056	1.139773726	4.663877964	8.621626854	12	80.65894318	14.67717743	4.294702053	24.49422455	13.53957653	0	1.761782289	24.64006615	199.1799927	27
5089.326607	55.6942	13.4504	7.800000191	6.866666794	29.09604454	639.7584839	21.20000076	-2.400000095	23.60000038	8.416666985	2.716666698	15.96666718	0.383333296	669	69	36	21.05339813	204	123	180	157	3.275000095	9887.833008	0.886500001	0.068919927	1.172682047	6.794793129	8.987579346	12	71.60309601	21.60211182	4.876429558	21.16154861	16.22095108	3.643147707	3.01045537	23.1366272	115.0883026	35
5089.057585	51.5105	9.68253	8.104166985	7.391666889	31.18846893	615.3877563	21.29999924	-2.400000095	23.69999886	1.850000024	3.766666651	15.75	0.683333278	826	82	50	12.11747456	232	178	215	215	3.650000095	9858.833008	1.046800017	0.098010287	1.19727993	21.00302124	9.350956917	8	8.451896667	70.54508209	6.169043064	9.276837349	10.02594852	20.65094376	2.324563742	37.58831787	172.5518188	40
5087.74932	41.57	-5.64	12.59583378	11.5583334	40.55555725	604.8082275	29	0.5	28.5	6.300000191	20.29999924	20.33333397	5.616666794	598	77	16	40.32314301	216	68	71	212	2.650000095	15269.75	0.43599999	0.084110036	1.366353631	22.86566734	14.49864006	12	49.58132553	27.55300903	7.295623779	7.874639034	11.77374935	38.76119232	1.512747884	29.66863251	219.8933258	47
5080.644417	43.05	-5.37	5.845833302	8.058333397	32.62483215	605.0449219	20.79999924	-3.900000095	24.69999886	0.233333305	13.75	13.75	-0.850000024	1217	143	51	30.6411972	411	181	181	387	5.216666698	13816.08301	1.175199986	0.110221617	1.006322742	24.8458786	27.14550781	9	29.28451538	45.86960602	6.163328171	13.8322134	15.11670589	16.12463951	6.220079422	26.82901764	90.56291962	38
5078.446681	55.9336	13.5519	7.345833302	7.075000286	29.47916603	640.729187	21	-3	24	4.166666508	6.083333492	15.51666641	-0.116666675	772	81	45	20.23582077	236	147	196	197	2.908333302	9798.75	1.049800038	0.073014162	1.137714148	8.755541801	8.406703949	12	74.96966553	16.27479553	5.779198647	13.75152397	8.214485168	5.642708302	1.997355342	45.22104645	102.3244019	36
5075.71808	48.46	18.9	7.016666889	9.833333969	32.77777863	764.3278198	23.20000076	-6.800000191	30	14.88333321	-1.116666675	16.29999924	-2.5	787	92	44	22.31744194	249	140	248	154	3.025000095	11368.41699	0.886399984	0.105371535	1.001705408	25.34930992	12.05775738	8	30.15323639	44.49745178	5.480966568	10.89831924	14.34271431	24.77887344	2.714808464	20.88054085	152.5056915	56
5074.768399	62.9308	18.3448	3.512500048	7.775000095	26.17845154	787.6608887	19.79999924	-9.899999619	29.69999886	3.766666651	2.083333254	13.8166666	-5.616666794	706	87	36	28.91135025	240	121	194	151	3.841666698	9007.583008	1.126299977	0.070053801	1.093904972	3.731744051	19.92731857	12	84.6295929	11.63866425	4.581926823	22.59127617	12.99917603	3.343805075	2.911194324	25.27729034	180.2626801	38
5073.783233	49.4112	16.2815	7.395833492	8.241666794	30.07907486	733.8084106	22.5	-4.900000095	27.39999962	16.35000038	-0.300000012	16.35000038	-1.633333325	560	85	26	42.74531555	226	82	226	85	3.858333349	10930.91699	0.642199993	0.082404971	1.400041461	18.05256653	16.11732292	9	44.13959503	37.80783844	5.724782944	10.38245678	11.53142357	0	2.134118557	38.88417053	205.5180206	47
5073.633999	41.85	23.13	11.97500038	11.38333321	34.81141663	800.1548462	29.60000038	-3.099999905	32.70000076	19.86666679	3.599999905	21.78333282	2.033333302	502	53	32	18.16143608	149	103	130	112	1.858333349	13639.66699	0.410600007	0.116523914	1.215839744	26.48843765	11.15725231	12	44.69113922	28.82041931	6.836144924	11.08449745	29.82481575	65.02407837	1.1917907	18.78630447	371.1991272	44
5072.967676	55.8	13.1	8.116666794	6.599999905	28.20512962	644.2625732	21.29999924	-2.099999905	23.39999962	8.833333015	2.949999809	16.26666641	0.600000024	632	66	32	21.07146072	193	115	171	143	3.974999905	9897.333008	0.815400004	0.069994666	1.467446685	14.20767021	7.549651146	12	63.63477325	22.15755463	6.158042431	13.13658714	13.25978661	0	1.649586558	51.94992828	141.7788086	34
5072.750528	55.7491	13.399	7.895833492	6.825000286	28.91949081	642.7301636	21.20000076	-2.400000095	23.60000038	8.550000191	2.766666651	16.04999924	0.416666657	674	70	37	20.54702759	205	125	181	158	3.158333302	9829.333008	0.888199985	0.076592125	1.141643763	12.95347691	7.555639267	12	64.85991669	22.18660736	6.489133358	11.9537344	12.88129234	3.066901207	1.764479756	46.89822006	133.4222565	36
5071.997094	62.6425	17.7422	3.254166603	7.974999905	26.4950161	803.496521	19.5	-10.60000038	30.10000038	8.716666222	-2.666666746	13.63333321	-6.233333588	720	80	37	25.90145111	232	128	205	149	3.458333254	9029.833008	1.131899953	0.071507491	1.162726164	5.468449593	12.16586304	12	78.99017334	15.54137421	4.223058701	21.62545013	13.20458794	10.96380615	3.85798049	32.58263016	175.8751221	28
5069.327768	62.6422	17.7406	3.191666603	7.949999809	26.41195869	801.9205322	19.5	-10.60000038	30.10000038	8.616666794	-2.700000048	13.55000019	-6.300000191	729	82	38	25.93966866	236	130	208	152	3.433333397	9028.75	1.13380003	0.071507491	1.162726164	5.468449593	12.16586304	12	78.99017334	15.54137421	4.223058701	21.62545013	13.20458794	10.96380615	3.85798049	32.58263016	175.8751221	28
5068.566369	55.9497	13.5533	7.300000191	7.099999905	29.58333397	641.0042114	20.89999962	-3.099999905	24	4.116666794	6.066666603	15.46666718	-0.183333337	781	82	45	20.58187866	240	148	197	200	2.916666746	9804.833008	1.063699961	0.085183129	1.083849788	15.95274353	6.887479305	12	60.93385315	23.11340332	6.122347832	12.99338627	13.86440468	11.80698681	2.346420765	38.72304916	95.3522644	36
5064.879159	54.4	-2.9	7.950000286	6.650000095	37.35955048	432.434967	18	0.200000003	17.79999924	5.683333397	9.483333588	13.45000076	2.916666746	1688	189	96	26.23675728	558	289	335	496	5.108333588	8970.75	2.687900066	0.103684366	1.047110081	22.27962685	24.98801804	9	37.15213013	40.56824493	5.288545132	11.87505054	12.64304829	0	4.548619747	73.43497467	222.2190094	37
5063.833365	55.9494	-3.16028	8.479166985	7.008333206	38.08876801	424.1004333	19	0.600000024	18.39999962	8.883333206	5.199999809	14.01666641	3.733333349	685	70	42	13.89909267	192	143	172	174	5.533333302	8759	0.928200006	0.089539893	1.417573333	19.65177155	13.07296181	12	53.92515564	26.42307281	5.309776306	15.96932507	18.66749573	74.47330475	2.908742666	29.60372543	166.0075989	41
5062.741646	57.6781	14.9986	5.737500191	7.925000191	29.24354172	709.116333	21.10000038	-6	27.10000038	13.60000038	0.366666704	14.8166666	-2.566666603	650	74	33	24.10799789	207	112	198	138	3.191666603	9673.833008	0.916000009	0.085120372	1.117466807	12.55223846	8.509848595	12	50.66641235	36.78134918	4.684586048	21.98562431	8.941595078	0	2.262311697	21.12985802	106.5011826	25
5062.736154	38.97	16.34	15.65833282	7.166666985	32.42835617	554.8866577	28	5.900000095	22.10000038	13.6833334	22.45000076	22.73333359	9.350000381	1014	146	22	55.96841431	420	72	102	376	2.941666603	14863.16699	0.761300027	0.112786949	1.231989503	26.7522068	17.48185539	9	37.94212341	35.30567169	6.73382473	10.52972317	14.9551754	68.84323883	1.569786906	24.74732018	429.1471558	21
5062.189973	53.6473	-3.00733	9.816666603	6.300000191	35.39325714	439.784729	19.60000038	1.799999952	17.80000114	7.733333111	11.21666718	15.38333321	4.766666412	869	98	50	23.80173492	286	163	195	227	5.333333492	9480.416992	1.139600039	0.087159991	1.28665781	15.83491898	12.30527496	12	61.02239227	23.14268494	6.090087414	16.48056984	11.83993816	37.51324463	1.947421551	20.42247772	174.1461487	41
5061.700086	49.4013	16.2326	7.345833302	8.358333588	30.28381729	733.6535645	22.60000038	-5	27.60000038	16.29999924	-0.366666675	16.29999924	-1.683333397	560	84	26	42.54829407	226	82	226	85	3.858333349	10929.41699	0.640900016	0.092415601	1.367708564	15.61371231	15.99536133	9	50.20911407	34.1771698	5.676602364	11.11383152	9.663686752	2.04831624	1.524151206	33.96364594	187.0365753	47
5052.019169	40.82	-1.68	10.08749962	14.25833321	43.73721695	654.3842773	29.20000076	-3.400000095	32.60000229	11.80000019	18.51666641	18.66666603	2.850000143	543	76	27	30.32813072	184	101	113	124	2.933333397	15494.91699	0.375800014	0.108594507	1.01813817	22.2317028	26.27221489	9	51.25431442	26.51398468	6.589474678	13.69599724	15.46468639	111.1223679	1.669631958	19.67202187	189.5584717	42
5051.275116	46.5438	11.5614	7.849999905	9.266666412	33.21385956	707.9804688	22.89999962	-5	27.89999962	16.60000038	-0.75	16.60000038	-0.75	712	96	27	43.07846451	279	87	279	87	1.299999952	12481.08301	0.764199972	0.098016009	1.079565287	15.00649738	29.6984024	9	53.21082306	31.7826767	6.017343998	11.61182213	15.9058094	12.18811226	2.478268862	36.64203644	133.4633331	54
5048.997454	41.54	24.98	10.17916679	9.824999809	33.53242493	734.0252075	25.89999962	-3.400000095	29.29999924	2.683333397	18.58333397	19.16666603	1.200000048	624	71	33	22.2667675	186	110	138	174	2.424999952	13803.08301	0.524200022	0.123470128	0.912313998	25.92568398	25.92663956	9	39.77219391	34.30212402	5.652880669	13.94390392	12.98033619	3.373866796	1.429156423	22.48155975	252.1969299	26
5048.435848	41.77	25.68	12.0583334	10.94999981	34.43396378	780.0548706	29.10000038	-2.700000048	31.80000114	7.733333111	21	21.63333321	2.466666698	583	68	31	22.93811226	182	100	119	162	2.091666698	14068.41699	0.4736	0.097325027	1.110877275	23.13390923	18.52409172	9	37.59230042	39.27378845	6.666927814	11.31642532	36.98034668	8.956834793	1.099174142	17.80145836	408.8473511	47
5046.897531	56.4	12.9	6.766666412	6.650000095	28.41880417	635.2963867	19.79999924	-3.599999905	23.39999962	3.733333111	5.566666603	14.78333282	-0.683333337	948	99	52	22.07296753	286	174	255	235	4.574999809	9762.75	1.375499964	0.071191512	1.320398688	7.123396873	10.11996555	12	69.05709839	23.81950378	4.457184792	19.19123459	9.416226387	2.108280659	1.976495624	23.11120033	126.9932404	33
5046.087557	57.3263	15.8979	6.375	9.516666412	33.27505875	700.4268188	22.60000038	-6	28.60000038	14.26666737	1.083333254	15.41666698	-1.816666722	560	62	32	21.73464394	180	104	173	118	2.474999905	9833.416992	0.759599984	0.078865007	1.120264053	16.28792191	11.78704166	5	60.46726227	23.24481201	5.06132555	21.42012215	12.91197395	0	2.227679014	19.85678101	101.2026215	34
5045.523684	49.17	16.5	8.854166985	8.458333015	29.99408913	755.6467896	24.20000076	-4	28.20000076	16.56666756	0.933333337	18.06666756	-0.516666651	503	79	23	43.68778992	205	72	203	75	3.258333206	11056.91699	0.529100001	0.102609813	1.3577739	23.87924957	9.075079918	8	16.89442444	59.22632599	7.549665928	9.555913925	21.95763206	13.40253258	1.553450465	40.08561325	341.4945984	53
5044.775364	43.74	3.89	14.07916641	9.141666412	35.29600906	605.116272	28.39999962	2.5	25.89999962	10.66666698	21.86666679	21.86666679	7.116666794	683	103	22	34.9028511	232	102	102	193	4.724999905	14307	0.482300013	0.106816418	1.212353349	34.99074173	21.79871559	9	23.74388123	41.26537704	6.837937832	17.77209282	14.04249763	130.8096008	1.598960757	10.96712494	261.5599976	44
5035.909893	48.56	9.16	8.887499809	8.875	33.87404633	661.7783203	23.39999962	-2.799999952	26.19999886	15.51666641	2.033333302	17.11666679	0.849999964	719	95	37	28.81362915	253	121	242	129	2.450000048	11062.16699	0.851000011	0.095097549	1.311320901	20.36334038	15.87437916	6	43.07833099	36.55832672	6.501185894	14.22077942	21.08841133	25.37044334	1.627157092	13.00157261	177.0998077	44
5035.699789	55.71	13.2	8.1875	6.308333397	26.95869064	650.8146362	21.39999962	-2	23.39999962	8.783332825	3	16.48333359	0.649999976	661	68	35	20.70275879	200	123	174	156	3.933333397	9831	0.82249999	0.078009151	1.501915216	7.064375877	7.12353754	12	74.93592834	17.99969482	5.788283348	15.35336876	9.054650307	4.677136898	1.897607803	31.69581032	146.8051147	34
5035.53325	49.4112	16.2815	7.395833492	8.241666794	30.07907486	733.8084106	22.5	-4.900000095	27.39999962	16.35000038	-0.300000012	16.35000038	-1.633333325	560	85	26	42.74531555	226	82	226	85	3.858333349	10930.91699	0.642199993	0.082404971	1.400041461	18.05256653	16.11732292	9	44.13959503	37.80783844	5.724782944	10.38245678	11.53142357	0	2.134118557	38.88417053	205.5180206	47
5034.381605	48.86	4.1	10.38333321	9.600000381	37.79527664	588.647644	25.10000038	-0.300000012	25.39999962	17.85000038	6.333333015	17.85000038	3.416666746	610	62	42	12.7132616	172	126	172	142	3.708333254	11176.66699	0.651899993	0.102908187	1.308213353	27.05985641	22.51915932	8	19.42929077	53.51085281	7.375751495	10.74039841	15.55145836	360.4080811	1.547757506	46.0576973	269.066803	30
5032.558551	55.7	13.2	8.316666603	6.400000095	27.23404121	650.5988159	21.60000038	-1.899999976	23.5	8.933333397	3.133333445	16.60000038	0.76666671	615	64	31	20.80802155	187	112	166	140	3.875	9849.5	0.763000011	0.068300799	1.507487178	9.143152237	8.687058449	12	69.39739227	21.4594574	5.973516464	15.45495319	9.803943634	6.839525223	2.147694588	33.34064102	156.4263	34
5031.139936	56	-4.4	7.329166889	6.108333111	37.93996048	392.7783203	16.39999962	0.300000012	16.10000038	3.649999857	8.566666603	12.30000019	2.916666746	1669	205	83	31.98493004	571	258	292	526	5.400000095	8579.5	2.673300028	0.08575207	1.159986377	17.04771423	13.93440151	9	54.34497833	28.60730743	4.974608421	15.53143406	17.21097183	0	4.005335331	18.37334442	149.1517944	41
5027.793916	46.36	11.28	11.15000057	9.800000191	32.77592087	762.0814819	27	-2.900000095	29.89999962	20.51666641	1.800000072	20.51666641	1.800000072	799	97	33	31.32765388	257	119	257	119	1.016666651	12412.25	0.809300005	0.102624528	1.157588363	20.26763725	17.01468468	9	40.57906342	39.15329742	6.74727726	12.31131077	26.3205471	37.44922638	2.948513031	26.36223602	165.5933075	52
5027.72464	55.8369	13.3181	7.783333302	6.833333492	28.95480156	643.8355713	21.10000038	-2.5	23.60000038	4.650000095	2.666666746	15.96666718	0.316666663	734	75	42	20.3682785	224	138	192	179	3.266666651	9816.916992	0.953499973	0.075310118	1.165325642	9.971796989	6.349861622	12	70.52334595	19.50485992	5.988176823	14.96964359	9.420408249	6.893508434	1.767194271	34.15799332	112.461731	37
5023.900738	47.16	4.28	9	7.866666317	32.37311554	610.2830811	22.79999924	-1.5	24.29999924	2.683333397	4.800000191	16.63333321	1.649999976	893	86	60	12.06634235	241	190	225	222	3.616666555	11895	0.997200012	0.110948808	0.93811208	27.96212578	19.91443634	8	29.13497162	42.9029007	5.751458168	11.74128246	10.41371536	8.932945251	2.311327219	38.57083893	130.1975555	33
5020.530982	46.37	11.28	10.8708334	9.858333588	33.08165359	754.6445923	26.70000076	-3.099999905	29.80000114	20.18333435	3.5	20.18333435	1.666666627	770	92	31	32.76743698	255	112	255	112	1.049999952	12462.16699	0.778199971	0.112557448	1.100145459	24.39643097	30.96445847	9	35.08943176	40.51413727	6.350336075	14.08211803	30.53141785	15.20370865	2.971410513	28.02788544	151.5265198	52
5017.5183	37.09	-3.38	4.599999905	11.64999962	34.06432724	775.7664795	25.60000038	-8.600000381	34.20000076	-2.666666746	14.66666698	14.86666679	-4.016666889	932	118	14	49.5668869	346	69	75	340	4.491666794	17288	0.738600016	0.107609145	1.247799516	25.61777306	37.42047119	6	29.79642487	44.58580017	6.285841465	13.20199013	16.07577324	52.34431839	5.987882614	27.1437664	201.9199677	46
5014.89406	46.34	11.29	11.25	9.366666794	31.53759766	767.673584	27	-2.700000048	29.70000076	16.60000038	1.733333349	20.61666679	1.733333349	828	101	35	30.11419296	261	126	260	126	1	12410.33301	0.850300014	0.099276863	1.12125814	17.42496681	31.13807106	9	42.32978058	40.24525452	6.699357033	12.37959957	18.19266319	105.2798996	1.97694838	30.12436295	168.2213898	52
5012.645178	41.81	2.49	12.77499962	9.149999619	37.04453278	560.2089844	26.10000038	1.399999976	24.70000076	13.69999981	7.083333492	20.01666641	6.466666698	787	86	39	21.60785675	241	162	190	170	3.283333302	14796.66699	0.631699979	0.112994693	0.995443344	25.0011673	16.92326355	9	33.07231903	41.92651367	6.407374382	13.15734386	14.48812962	61.06845474	2.917622805	10.17033577	235.9846649	46
5012.418358	55.9419	13.5603	7.254166603	7.058333397	29.53277588	638.7432861	20.79999924	-3.099999905	23.89999962	4.066666603	6.016666412	15.39999962	-0.199999988	784	82	45	20.07536125	240	150	197	201	2.933333397	9801.083008	1.074300051	0.07047905	1.15469861	8.764988899	11.32156372	12	68.93699646	22.29801178	5.453839302	13.66734314	9.766885757	2.363490582	2.805176258	38.5083847	63.32040405	36
5007.252625	42.31	-2.53	11.34583378	10.89166641	40.33950424	585.0930786	27	0	27	12.9333334	18.81666565	18.81666565	4.599999905	459	58	23	27.57173347	156	81	81	114	3.116666794	14069.33301	0.378500015	0.090288244	1.04667449	19.91277122	11.86540604	9	37.5776062	42.50962067	8.016591072	11.24529362	17.56326866	332.3039246	1.514916301	17.75994301	252.5854187	30
5007.204678	40.79	-4.05	6.841666698	7.116666794	29.40771294	626.1274414	21.60000038	-2.599999905	24.20000076	1.350000143	15.3166666	15.3166666	0.383333385	1169	161	24	46.0205574	442	112	112	380	3.283333302	15483.25	1.006700039	0.106124669	1.106459856	16.12256813	31.95362473	12	42.17842102	41.69901276	6.204164028	13.07904243	18.48033905	27.4569416	2.630285978	25.50877953	133.9356995	60
5003.40267	55.7936	13.1233	8.125	6.599999905	28.20512962	644.196106	21.29999924	-2.099999905	23.39999962	8.850000381	2.966666698	16.26666641	0.600000024	631	66	32	20.78868484	192	116	170	143	3.891666651	9889.666992	0.807299972	0.075002268	1.510185242	8.339653015	6.717054844	12	76.34837341	15.31197357	6.042680264	13.12429047	7.119586945	0.9170627	1.830181479	49.76428223	148.1233673	34
5000.070166	51.4083	-0.6383	10.17083359	7.791666985	38.00812912	472.0769348	22	1.5	20.5	7.75	6.483333111	16.26666641	4.816666603	677	69	42	16.66335487	204	146	148	181	3.75	9823.5	0.812300026	0.08091706	1.046375036	11.81113148	13.71320057	9	62.60864639	25.58022308	5.772104263	13.71587467	13.94948959	0	2.615069866	26.49323273	188.6947632	31
4998.769263	42.34	1.3	8.600000381	10.10000038	37.26937103	613.4403687	24.10000038	-3	27.10000038	9.783333778	2.400000095	16.64999962	1.816666722	926	104	60	18.29536819	271	187	217	199	4.258333206	15075.58301	0.728999972	0.126510918	0.991009712	26.11132622	22.67240524	9	32.87244415	41.01622772	5.963938713	14.76250744	21.94853401	62.00696182	2.510359287	29.15401268	158.3264008	32
4996.915725	48.5	9.11	8.691666603	9.033333778	33.9598999	666.6361694	23.5	-3.099999905	26.60000038	15.39999962	1.800000072	17	0.616666675	737	96	38	28.49214172	260	126	247	133	2.458333254	11096.66699	0.872500002	0.106931448	1.322521925	26.04022408	10.29164982	3	22.314888	51.64488983	7.273923874	9.628358841	19.02604103	39.9860878	2.185379744	38.23335266	264.8216553	44
4996.734443	47.9299	10.8134	7.483333588	8.216666222	32.09635544	665.0267944	21.29999924	-4.300000191	25.59999847	15.75	0.516666591	15.75	-0.51666671	1107	142	57	32.3922081	410	183	410	189	2.950000048	11453.16699	1.307700038	0.09792988	1.347379804	23.39423752	13.78957748	9	29.99035645	46.61540604	5.443564415	9.716832161	18.74365616	1.354050875	2.704561472	33.93424225	119.2729111	50
4994.169665	55.9319	13.5508	7.391666889	7	29.16666603	640.6702271	21	-3	24	4.25	6.116666794	15.5666666	-0.066666663	767	80	45	19.79771042	234	147	195	195	2.900000095	9795.666992	1.042899966	0.073014162	1.137714148	8.755541801	8.406703949	12	74.96966553	16.27479553	5.696081638	13.75152397	8.214485168	5.642708302	1.997355342	45.22104645	102.3244019	36
4992.489969	55.7	13.2	8.316666603	6.400000095	27.23404121	650.5988159	21.60000038	-1.899999976	23.5	8.933333397	3.133333445	16.60000038	0.76666671	615	64	31	20.80802155	187	112	166	140	3.875	9849.5	0.763000011	0.068300799	1.507487178	9.143152237	8.687058449	12	69.39739227	21.4594574	5.973516464	15.45495319	9.803943634	6.839525223	2.147694588	33.34064102	156.4263	34
4985.995021	62.96	18.2844	3.099999905	7.800000191	26.1744957	789.8848877	19.5	-10.30000019	29.79999924	3.333333254	1.683333278	13.4333334	-6.050000191	750	91	38	28.18293762	251	130	208	161	3.883333206	8993.833008	1.18659997	0.073557734	1.193942547	6.170241833	11.41153145	12	71.46986389	22.3598938	4.669244289	23.33154106	13.30254269	0	5.006405354	26.72927666	173.4642639	36
4983.802501	46.34	11.29	11.25	9.366666794	31.53759766	767.673584	27	-2.700000048	29.70000076	16.60000038	1.733333349	20.61666679	1.733333349	828	101	35	30.11419296	261	126	260	126	1	12410.33301	0.850300014	0.099276863	1.12125814	17.42496681	31.13807106	9	42.32978058	40.24525452	6.699357033	12.37959957	18.19266319	105.2798996	1.97694838	30.12436295	168.2213898	52
4983.411579	42.86	-3.59	11.02499962	10.23333359	41.26343918	533.7666016	25.5	0.699999988	24.79999924	5.716666698	17.95000076	17.95000076	5	777	84	39	25.74650192	242	131	131	221	2.650000095	13497.91699	0.677999973	0.119707994	1.056846261	18.72505951	21.0471611	9	49.81079865	31.46414185	6.409295082	14.02498436	15.26115227	138.9007721	3.707595348	17.58633232	173.4790955	35
4982.131031	47.5	1.5	11.28333378	9.866666794	39.62516785	577.0274048	25.60000038	0.699999988	24.89999962	7.816666603	18.54999924	18.54999924	4.366666317	667	66	48	11.36530399	184	145	145	173	3.775000095	11829.75	0.646700025	0.076767817	1.330223799	15.63064671	6.134698868	9	50.30057907	34.06877136	5.270358562	15.62282944	10.60352421	32.9838028	1.782528758	16.31694412	106.3077545	26
4980.068176	42.46	0.7	9.162500381	10.72500038	38.57913589	609.8737793	25.10000038	-2.700000048	27.80000114	6.233333111	2.966666698	17.20000076	2.366666555	1006	106	60	17.29407692	286	212	227	230	3.950000048	14862.75	0.774299979	0.121553086	1.028331041	22.30227852	14.89537239	9	44.57026672	33.12745667	6.392576694	14.80003929	20.52824593	49.91182327	3.750895977	11.48394775	216.613678	48
4978.251052	37.6	23.08	15.5583334	9.850000381	35.8181839	668.6989746	31.29999924	3.799999952	27.5	9.483333588	24.14999962	24.14999962	8.016666412	577	97	10	64.72156525	259	35	35	245	3.725000143	15187.41699	0.371100008	0.126109108	0.956219614	30.31582642	19.31506729	6	25.72827148	43.9559021	7.790647507	11.25884151	29.38248825	153.2904968	1.738295197	9.264162064	341.7832031	53
4977.882142	55.7	13.2	8.316666603	6.400000095	27.23404121	650.5988159	21.60000038	-1.899999976	23.5	8.933333397	3.133333445	16.60000038	0.76666671	615	64	31	20.80802155	187	112	166	140	3.875	9849.5	0.763000011	0.068300799	1.507487178	9.143152237	8.687058449	12	69.39739227	21.4594574	5.973516464	15.45495319	9.803943634	6.839525223	2.147694588	33.34064102	156.4263	34
4976.559576	46.37	11.28	10.8708334	9.858333588	33.08165359	754.6445923	26.70000076	-3.099999905	29.80000114	20.18333435	3.5	20.18333435	1.666666627	770	92	31	32.76743698	255	112	255	112	1.049999952	12462.16699	0.778199971	0.112557448	1.100145459	24.39643097	30.96445847	9	35.08943176	40.51413727	6.350336075	14.08211803	30.53141785	15.20370865	2.971410513	28.02788544	151.5265198	52
4972.636562	39.27	16.27	14.97500038	7.099999905	31.27753258	580.8986206	27.79999924	5.099999905	22.69999886	12.60000038	22.21666718	22.31666565	8.300000191	943	136	16	56.78504181	398	65	96	355	2.691666603	15235.25	0.723200023	0.102288485	1.050442815	19.23233223	11.22181606	9	44.05861664	36.70905304	6.278150558	11.52574539	11.16372108	22.05873489	2.007683039	5.223279476	267.3043213	41
4972.102088	42.52	-0.56	10.47916698	9.991666794	37.42197418	600.8609619	26.29999924	-0.400000006	26.69999886	7.283333302	18.33333397	18.33333397	3.766666651	758	81	36	21.51073647	227	140	140	203	4.058333397	14663	0.545899987	0.119696207	1.338630438	24.93262863	20.97293854	9	35.02781677	40.0395546	6.734340668	15.49265671	23.13479042	228.3212585	3.85603714	5.594468117	151.2473755	38
4971.372474	43.02	-5.6	7.466666698	8.333333015	34.15300369	584.9993286	21.89999962	-2.5	24.39999962	1.866666675	15.03333282	15.03333282	0.883333325	1079	125	46	29.69737053	358	163	163	337	4.291666508	13726.91699	1.022300005	0.125705868	0.986530721	27.40399933	31.56855011	9	28.22543335	44.37056732	5.921994686	14.67058277	11.88184166	28.30217361	4.962140083	21.23386765	194.4377289	43
4970.201059	38.44	16.13	15.38749981	6.474999905	30.68720436	544.4100952	26.89999962	5.800000191	21.09999847	10.73333359	22.03333282	22.23333359	9.149999619	910	127	19	52.89656448	365	69	111	342	2.808333397	15386.83301	0.666899979	0.108729556	1.420349956	14.32843399	15.96349335	9	56.46512604	29.20643616	6.380125999	11.96164036	14.26922226	5.188281059	2.503139019	26.28516769	505.4452515	44
4969.28794	55.7942	13.1222	8.125	6.599999905	28.20512962	644.196106	21.29999924	-2.099999905	23.39999962	8.850000381	2.966666698	16.26666641	0.600000024	631	66	32	20.78868484	192	116	170	143	3.891666651	9889.666992	0.807299972	0.075002268	1.510185242	8.339653015	6.717054844	12	76.34837341	15.31197357	6.042680264	13.12429047	7.119586945	0.9170627	1.830181479	49.76428223	148.1233673	34
4967.243677	50.8738	8.02341	8.845833778	8.708333015	34.55687714	622.3286743	23	-2.200000048	25.20000076	2.450000048	12.10000038	16.71666718	1.433333397	952	103	62	14.52982521	284	214	231	266	3.266666651	9883.833008	1.155200005	0.091615774	1.429341793	21.88315392	11.94844246	9	43.13140869	34.98543549	6.257669926	13.99603271	13.39200401	56.05256271	1.719711185	31.31945419	166.5849304	38
4964.020659	56.1	13.74	7.099999905	7.349999905	30.24691391	640.6317749	20.89999962	-3.400000095	24.29999924	3.916666746	5.933333397	15.25	-0.400000006	767	79	44	20.25018501	232	145	193	198	2.799999952	9784.416992	1.068799973	0.075360775	1.109084964	11.74979401	14.68470764	12	52.87260437	35.37760162	5.626195908	13.63500118	12.86776161	21.04700851	1.974118114	32.95039749	93.532547	33
4963.87185	52.1611	4.49015	9.770833015	6.891666889	33.13301468	515.2380981	21.29999924	0.5	20.79999924	10.6833334	8.550000191	16.13333321	3.716666698	840	95	48	23.42974854	276	158	205	201	5.349999905	9843.166992	1.125100017	0.059297707	1.442020655	17.04130554	10.67707253	9	58.58900452	24.36968994	6.279658794	15.11728191	12.95529938	65.97088623	1.875791788	27.46149254	136.9759674	48
4961.866603	50	8.5	10.07916641	8.125	31.9881897	661.4222412	24.39999962	-1	25.39999962	16.78333282	3.25	18.38333321	2.099999905	596	65	38	16.10773659	182	123	172	132	2.758333206	10441.5	0.664099991	0.077579886	1.127987742	10.30490208	5.463951111	12	68.84529114	20.84980774	5.900895596	15.06052494	4.64900732	38.13131332	1.57097888	23.69992256	141.818512	42
4961.353291	48.52	9.11	8.662500381	8.941666603	33.74213791	667.6115112	23.39999962	-3.099999905	26.5	15.36666679	1.75	17	0.583333313	744	96	39	28.10261536	261	127	248	135	2.516666651	11095.58301	0.876299977	0.087837458	1.273627043	16.46105385	11.79788017	3	39.58519745	43.95375061	6.738111973	9.460085869	22.03748703	52.47262192	2.1294384	49.3164711	243.2665253	45
4958.755669	49.5	14.5	7.445833206	8.591667175	31.12922668	726.8283081	22.70000076	-4.900000095	27.60000038	16.43333435	-0.133333325	16.43333435	-1.5	642	86	33	33.61082458	239	113	239	114	3.349999905	10660.66699	0.754700005	0.092795432	1.092880249	15.48602581	20.2066555	9	58.41621017	26.09776306	5.608021259	9.968067169	12.48072624	0	2.130800486	32.12277603	151.5144958	49
4958.724838	41.43	2.13	14.79166698	8.733333588	36.23789597	562.291687	27.89999962	3.799999952	24.10000038	15.76666641	9.133333206	22.14999962	8.533333778	688	84	31	26.8908329	231	140	173	143	3.424999952	14985.5	0.497299999	0.098809257	0.953523576	39.78193283	17.48834038	9	18.8584137	41.35965347	7.026402473	12.93749046	14.91251755	166.2753906	3.017678261	33.74346924	217.5063019	41
4957.801716	39.73	-5.74	15.20416641	10.52499962	37.19081116	627.9094238	31.5	3.200000048	28.29999924	8.850000381	23.33333397	23.33333397	8.066666603	486	65	5	50.30948257	189	36	36	182	2.5	16620.08398	0.310600013	0.086599052	1.035796165	25.30178833	18.61064148	9	27.21369934	47.48451233	6.725554466	12.30117226	13.9687748	27.60661888	1.657441497	17.62340355	292.6564026	50
4957.771689	40.87	-4.5	11.1208334	10.75833321	37.48548126	643.3840332	27.79999924	-0.899999976	28.69999886	12.9333334	19.35000038	19.46666718	3.833333254	392	49	16	31.13556862	126	63	69	99	2.666666746	15608.41699	0.290600002	0.077306218	1.467737317	10.65876007	23.8083992	12	61.81557083	27.52566528	6.826386452	13.22041893	17.2833271	53.64662552	1.374110818	17.13674164	209.719986	54
4957.447399	48.39	8.96	8.125	9.116666794	34.14481735	664.2648315	23	-3.700000048	26.70000076	14.8166666	1.23333323	16.41666603	0.149999976	814	105	43	28.00545311	287	141	271	148	2.583333254	11137.58301	0.984200001	0.106098942	1.30116272	24.44412422	7.668649197	3	18.07938385	57.47649384	7.478477955	10.26223755	24.94586754	25.7878437	3.018294334	33.68328094	271.284729	45
4956.314635	46.69	4.34	10.60833359	8.966666222	34.35504532	635.1192627	25.5	-0.600000024	26.10000038	16.75	6.466666698	18.64999962	3.033333302	800	83	48	15.70746899	221	157	219	184	3.216666698	12029.91699	0.795300007	0.097141035	1.308624744	20.87821579	11.99655914	9	38.68022537	40.44155884	6.196087837	10.14969158	12.82495308	25.28730011	3.246589184	36.48859024	224.5230103	35
4955.651812	49.33	15.76	7.120833397	8.408333778	30.35499382	730.508728	22.39999962	-5.300000191	27.70000076	16.04999924	-0.550000012	16.04999924	-1.850000024	576	85	26	42.04099655	232	86	232	86	3.658333302	10883.91699	0.679499984	0.097589657	1.35731554	16.61211777	17.10074425	9	43.69506073	39.6928215	5.932521343	12.19025803	12.10661697	7.793400288	2.547245502	30.70907211	136.7063904	43
4953.398069	55.8403	13.3106	7.820833206	6.841666698	28.9901123	644.5063477	21.10000038	-2.5	23.60000038	4.683333397	2.700000048	16.01666641	0.333333343	732	75	42	20.12166214	222	138	192	178	3.275000095	9801.666992	0.953299999	0.07396958	1.1756109	9.930074692	7.191326618	12	68.7396698	21.3302536	5.878675938	14.76117134	9.835722923	10.07176495	1.80963099	31.44107056	125.1408997	37
4953.066477	57.8765	14.8549	5.516666889	8.066666603	29.76629829	701.2175293	20.79999924	-6.300000191	27.09999847	13.30000019	0.150000006	14.5	-2.683333397	632	72	32	23.58761978	200	112	191	132	3.391666651	9677	0.926500022	0.094832882	1.056107402	13.98924923	11.30906868	9	52.19044495	33.82030487	5.114675522	16.19314194	10.77505684	24.13812828	2.518249273	23.884758	118.6891479	32
4950.606426	38.06	-4.38	17.18333244	13.10000038	40.68322754	674.8815918	35.70000076	3.5	32.20000076	10.19999981	25.85000038	25.85000038	9.466666222	490	77	4	57.3146553	208	30	30	186	2.783333302	16687.91602	0.277099997	0.107358664	1.308178067	28.35914612	14.16922951	9	36.62122345	35.01963043	6.765655994	10.10172176	12.06575108	161.2220459	1.40397048	13.98612213	257.5736084	48
4950.327371	42.27	0.19	13.70416641	10.125	35.40209579	651.2207642	30.20000076	1.600000024	28.60000038	15	21.86666679	22.20000076	6.183333397	612	65	27	22.47166634	186	125	131	145	3.424999952	15010	0.396899998	0.107849069	1.395348668	21.33889008	8.111288071	9	28.64022064	50.02088928	7.74936676	13.89922905	16.58775902	233.7490997	1.790411472	17.94112778	169.0771027	54
4947.191311	55.8877	-3.21072	7.470833302	6.641666889	37.10428238	422.1291199	17.70000076	-0.200000003	17.90000153	5.383333206	8.866666794	12.94999981	2.733333349	853	87	52	15.92173862	249	173	200	232	5.925000191	8731	1.26760006	0.112080999	1.011537075	18.85379028	12.58591366	9	52.45304108	28.69316864	5.146154881	16.16399765	17.58955956	17.68348122	2.96523118	22.96416664	208.5719299	39
4944.091244	48.41	8.84	8.333333015	9.25	34.77443695	658.2875366	23.20000076	-3.400000095	26.60000038	14.90000057	1.466666698	16.56666756	0.433333367	804	94	52	20.00707626	261	159	246	172	2.549999952	11129.16699	0.96359998	0.106588453	1.284552693	29.76908112	14.459198	8	11.09796143	59.13295746	6.951375961	9.639297485	21.27011871	53.86722183	2.38571763	42.46553802	386.436615	46
4943.785421	46.34	11.29	11.25	9.366666794	31.53759766	767.673584	27	-2.700000048	29.70000076	16.60000038	1.733333349	20.61666679	1.733333349	828	101	35	30.11419296	261	126	260	126	1	12410.33301	0.850300014	0.099276863	1.12125814	17.42496681	31.13807106	9	42.32978058	40.24525452	6.699357033	12.37959957	18.19266319	105.2798996	1.97694838	30.12436295	168.2213898	52
4941.128456	54.4175	9.88682	8.324999809	6.650000095	29.82062721	588.7255249	21.10000038	-1.200000048	22.30000114	15.33333302	3.683333397	15.71666718	1.433333397	851	85	46	18.46093369	248	171	242	205	5.150000095	9591.583008	1.191599965	0.07304775	1.46216917	10.69695377	11.01138973	12	61.02920914	28.27383423	6.386595726	11.28720188	9.44018364	0	1.924805999	53.4125824	185.5773926	32
4941.00932	42.27	-2.98	7.945833206	10.00833321	37.91035461	594.0288696	23.60000038	-2.799999952	26.39999962	9.316666603	15.63333321	15.63333321	1.25	683	81	31	26.88467598	209	111	111	191	3.299999952	14210.08301	0.621699989	0.123331226	1.047077298	19.18255997	29.99927902	9	46.82403564	33.9934082	6.236026287	14.26880264	16.19480896	41.37181091	4.032922268	23.15521431	169.9102478	35
4940.915172	62.9611	18.3589	3.366666555	7.716666698	26.15819168	783.6578979	19.60000038	-9.899999619	29.5	3.633333445	1.916666627	13.61666679	-5.699999809	721	88	37	28.25619125	243	125	199	154	3.950000048	8997.5	1.156599998	0.073480725	1.180027723	5.5271492	9.05081749	12	80.68697357	13.78587341	4.373578072	29.30437851	9.97231102	0	1.570728421	29.56991386	169.0673676	37
4939.853607	41.59	2.49	14.32083321	9.358333588	38.19727707	553.4990234	27.5	3	24.5	15.33333302	21.35000038	21.54999924	8.166666985	768	95	33	25.13438797	254	144	180	176	3.616666555	14789.08301	0.584100008	0.115621664	0.957051337	22.9166317	23.89739418	9	33.28102875	43.80233765	6.338731766	13.76771164	11.1526289	107.3323975	3.372699022	20.19686317	500.2158508	45
4938.096476	46.37	11.28	10.8708334	9.858333588	33.08165359	754.6445923	26.70000076	-3.099999905	29.80000114	20.18333435	3.5	20.18333435	1.666666627	770	92	31	32.76743698	255	112	255	112	1.049999952	12462.16699	0.778199971	0.112557448	1.100145459	24.39643097	30.96445847	9	35.08943176	40.51413727	6.350336075	14.08211803	30.53141785	15.20370865	2.971410513	28.02788544	151.5265198	52
4934.38862	41.64	24.18	7.620833397	9.941666603	34.63995361	708.8513794	23.20000076	-5.5	28.70000076	11.05000019	13.01666737	16.21666718	-1.083333254	648	72	36	19.27303886	202	123	169	160	2.733333349	13489.5	0.57950002	0.125677884	0.99814713	30.9749794	20.39842987	9	27.34721375	41.67780685	6.004953861	16.70872498	12.86406231	23.66535568	1.141028881	12.06680679	111.5221329	44
4933.917568	55.9261	13.5319	7.387499809	6.941666603	29.16666794	639.4355469	20.89999962	-2.900000095	23.79999924	4.25	6.083333015	15.55000019	-0.033333343	774	81	45	20.02800369	237	148	196	197	2.916666746	9804.75	1.052299976	0.07603132	1.136630774	11.96008492	10.80963421	12	58.72698975	29.31292725	5.382138729	15.42516708	9.625198364	0	2.971717834	27.79511642	88.32589722	37
4933.446334	48.53	9.07	9.100000381	9.083333015	34.01997375	668.8864746	24	-2.700000048	26.70000076	15.86666679	2.200000048	17.45000076	1.016666651	719	94	38	28.70288658	255	123	241	131	2.408333302	11033.33301	0.834999979	0.108143382	1.112890005	29.42862129	9.334794998	9	35.76662445	34.80475616	6.765795708	12.18497849	24.02116776	94.70339203	2.785238266	31.80973816	313.8448181	46
4932.201467	46.34	11.29	11.25	9.366666794	31.53759766	767.673584	27	-2.700000048	29.70000076	16.60000038	1.733333349	20.61666679	1.733333349	828	101	35	30.11419296	261	126	260	126	1	12410.33301	0.850300014	0.099276863	1.12125814	17.42496681	31.13807106	9	42.32978058	40.24525452	6.699357033	12.37959957	18.19266319	105.2798996	1.97694838	30.12436295	168.2213898	52
4931.723329	42.32	23.1	10.23750019	12.35833263	37.56332397	776.34375	28	-4.900000095	32.90000153	17.83333397	2.066666603	19.66666603	0.599999964	573	66	32	21.44501877	186	110	166	115	2.25	13154.08301	0.492500007	0.092359677	1.378889203	22.08394814	22.06676102	9	42.90061951	35.01543427	6.931129932	13.48923683	24.40913582	57.61463928	1.225836992	11.06802654	161.4938202	55
4929.926897	48.0333	7.7667	10.78333378	8.466667175	32.81653595	660.2662354	25.20000076	-0.600000024	25.80000114	17.45000076	4.066666603	19.08333397	2.849999905	893	97	56	19.78442001	287	169	267	187	2.616666555	11402.5	0.919499993	0.105340116	1.019979477	22.85470963	9.125872612	9	22.35137939	54.79391098	6.463579178	11.77124405	18.44029617	38.3968811	2.711019993	36.57117462	208.2102356	41
4929.342138	49.4112	16.2815	7.395833492	8.241666794	30.07907486	733.8084106	22.5	-4.900000095	27.39999962	16.35000038	-0.300000012	16.35000038	-1.633333325	560	85	26	42.74531555	226	82	226	85	3.858333349	10930.91699	0.642199993	0.082404971	1.400041461	18.05256653	16.11732292	9	44.13959503	37.80783844	5.724782944	10.38245678	11.53142357	0	2.134118557	38.88417053	205.5180206	47
4923.467451	50.4	-4.9	10.39166641	5.75	36.85897446	371.1887207	19	3.400000095	15.60000038	7.233333111	13.5	15.16666603	6.333333015	1056	123	60	27.84159851	366	188	222	289	5.566666603	10587.83301	1.358700037	0.0967388	1.042926192	21.60126686	11.55328751	9	39.55083466	38.84790039	5.519815445	14.14374065	14.98484135	7.479747772	2.761478662	45.45023346	193.9339905	36
4922.98263	42.31	3.19	14.64999962	8.649999619	35.74380112	561.0744629	27.89999962	3.700000048	24.19999886	15.46666622	21.89999962	21.89999962	8.399999619	558	79	16	32.31050491	192	93	93	133	5.291666508	14629.25	0.393099993	0.113234527	1.008347034	28.8811779	22.3555336	9	25.04586792	46.07295227	7.212913513	13.02796555	12.68125057	147.9914703	2.348665953	14.01062012	188.2906494	50
4922.733363	56.5	14.9	6.4375	7.858333588	30.57717133	664.8722534	21.10000038	-4.599999905	25.70000076	13.9333334	1.25	14.98333359	-1.266666651	686	73	39	20.23366165	204	126	197	156	3.316666603	9836.75	0.95480001	0.068214506	1.176777005	3.543764114	11.75852871	12	81.94422913	14.51200867	4.661133289	21.56582069	14.44830704	0.089185856	2.894299507	26.51472664	83.90853882	31
4921.306924	56.06	13.97	7.212500095	7.408333302	30.86805534	627.4013062	21.10000038	-2.900000095	24	7.800000191	2.283333302	15.23333359	-0.083333373	679	67	40	18.62249184	199	128	187	162	3.191666603	9863.5	0.950100005	0.069964543	1.392862916	7.910861969	13.57974815	12	74.94384766	17.14529419	4.835478783	14.09511852	14.88817787	9.826323509	2.449366093	44.61601639	113.0771866	35
4920.584208	42.49	25.61	11.11250019	10.77499962	33.88364792	784.416748	27.79999924	-4	31.79999924	15.28333282	16.66666603	20.76666641	1.416666627	602	68	39	19.30862236	191	124	164	135	2.416666746	13444.16699	0.5079	0.117265224	1.271248221	23.43975449	18.67262459	9	42.49168777	34.06855774	6.628948212	11.23225117	38.0429039	36.44540024	1.873268485	14.46594524	345.4237671	47
4918.51525	50.65	2.99	10.34583378	7.675000191	34.41704178	542.3201904	23.10000038	0.800000012	22.30000114	10.91666698	6.383333206	17.10000038	3.933333397	723	75	43	14.81909084	208	147	183	167	4.108333588	10262.66699	0.84009999	0.082032762	1.445147991	16.79201508	6.82348156	8	28.84693909	54.36104584	6.631135464	13.53502083	7.540390968	34.72662354	1.509960651	49.41786575	149.1066895	36
4915.11706	56.4	12.9	6.766666412	6.650000095	28.41880417	635.2963867	19.79999924	-3.599999905	23.39999962	3.733333111	5.566666603	14.78333282	-0.683333337	948	99	52	22.07296753	286	174	255	235	4.574999809	9762.75	1.375499964	0.071191512	1.320398688	7.123396873	10.11996555	12	69.05709839	23.81950378	4.457184792	19.19123459	9.416226387	2.108280659	1.976495624	23.11120033	126.9932404	33
4912.614745	50.5	8.0167	9.141666412	8.766666412	34.37908554	631.5127563	23.39999962	-2.099999905	25.5	5.300000191	4.983333111	17.10000038	1.533333421	741	74	51	11.85034466	204	165	189	189	2.924999952	10120.33301	0.887899995	0.100466914	1.329612017	25.09942627	17.20842934	8	22.57385254	52.32672119	6.851626873	10.5653429	11.76297855	33.20884705	2.288320065	42.92385483	291.7518005	42
4912.055422	51.4083	-0.6383	10.17083359	7.791666985	38.00812912	472.0769348	22	1.5	20.5	7.75	6.483333111	16.26666641	4.816666603	677	69	42	16.66335487	204	146	148	181	3.75	9823.5	0.812300026	0.08091706	1.046375036	11.81113148	13.71320057	9	62.60864639	25.58022308	5.772104263	13.71587467	13.94948959	0	2.615069866	26.49323273	188.6947632	31
4911.820036	55.7717	14.1206	7.400000095	6.966666698	29.64539146	620.901123	21	-2.5	23.5	4.400000095	2.383333445	15.38333321	0.283333331	697	72	40	19.01852226	211	135	179	171	4.741666794	9921.916992	0.954400003	0.067773469	1.167080879	6.504042625	6.162236214	12	74.02886963	19.46708679	5.306688309	13.82230568	10.03776455	12.03358078	3.060168028	44.14439774	140.5642242	40
4910.601229	49.3853	16.2544	7.387500286	8.375	30.34420395	734.7761841	22.60000038	-5	27.60000038	16.35000038	-0.333333343	16.35000038	-1.666666627	560	84	26	42.10400391	225	82	225	85	3.849999905	10941.25	0.640100002	0.082091711	1.441226125	20.07265663	18.32217026	9	41.8339386	38.09340668	5.974895	10.42246342	10.01639652	0	1.628341079	37.95294189	178.3940735	47
4908.767812	44.12	4.33	12.6916666	9.649999619	35.34798431	632.763916	28.10000038	0.800000012	27.30000114	13.16666603	20.81666565	20.81666565	5.383333683	852	134	34	34.03099823	293	142	142	211	3.816666603	14231.25	0.628700018	0.108502701	0.930200934	32.59937286	17.89295959	9	27.90087891	39.49974823	6.541296959	12.03333855	19.60612679	153.9250641	2.559274197	17.1953392	239.4703522	41
4904.843918	40.94	-3.22	11.3791666	10.85833359	36.93310547	662.1228027	28.5	-0.899999976	29.39999962	7.633333206	19.98333359	20.04999924	4	398	48	13	33.41374588	132	57	60	105	2.608333349	15442.83301	0.287499994	0.092564955	1.444594026	11.48822594	27.00692177	12	54.39258575	34.1191864	6.041382313	13.17739391	11.08548164	93.86116028	1.492318869	14.23747063	209.0466003	52
4904.598072	55.8411	13.3047	7.841666698	6.833333015	28.95480156	645.0152588	21.10000038	-2.5	23.60000038	4.716666698	2.700000048	16.01666641	0.349999994	728	75	41	20.52760506	221	136	192	176	3.283333302	9796.666992	0.947600007	0.068907708	1.1756109	9.930074692	7.869448662	12	68.7396698	21.3302536	5.73443079	15.94937897	10.5269537	12.68972397	2.057792425	33.32317352	126.4527283	37
4901.350879	49.2771	16.6314	7.833333492	7.716666698	28.79353333	732.09021	22.5	-4.300000191	26.79999924	15.30000019	0.149999991	16.79999924	-1.166666746	550	84	26	41.58181	219	82	219	87	3.75	11083.41699	0.608900011	0.093962431	1.433717012	18.05912018	11.72886753	9	24.50906372	57.4318161	4.883142948	12.81509876	8.511604309	0	1.819576025	21.02882195	166.837677	50
4899.523654	51.3	0.5	10.32916641	7.758333206	37.66181183	485.6835022	22.20000076	1.600000024	20.60000038	5.699999809	6.550000191	16.54999924	4.800000191	613	65	38	18.8024292	191	124	138	164	4.400000095	9928	0.760200024	0.091499723	1.343291163	27.55258942	18.41960526	9	38.69399261	33.75341797	7.609491825	11.13146782	24.21574211	141.5297699	2.326689482	39.21336746	220.9618225	34
4899.072519	41.42	23.67	8.850000381	9.75	33.85416794	719.1472168	24.5	-4.300000191	28.79999924	12.35000038	14.28333378	17.63333321	0.033333302	568	61	32	18.4703083	173	110	140	141	2.358333349	13810.66699	0.493999988	0.109294698	1.013649464	21.98803139	28.34261894	9	54.41150665	23.60046387	6.69494915	14.27961731	23.78155327	23.82004356	1.954865813	12.86323738	192.2677155	39
4898.437818	50.927	11.587	9.762499809	8.925000191	33.80681992	667.9892578	24.5	-1.899999976	26.39999962	18.06666756	1.666666627	18.06666756	1.666666627	597	67	34	23.21028328	196	113	196	113	2.816666603	10005.91699	0.657000005	0.08264301	1.106511354	15.4410429	8.311305046	9	41.15768814	43.40126801	6.963589668	12.61242676	13.90325451	56.835289	1.410161614	34.10523605	266.5484619	40
4898.062961	47.45	3.94	9.583333015	8.166666985	33.46994781	595.8657837	23.29999924	-1.100000024	24.39999962	3.466666698	5.416666508	17.06666565	2.433333158	840	79	58	10.36736584	231	188	207	218	3.349999905	11768.33301	0.932600021	0.104574703	0.99917531	23.3110981	16.43299294	9	31.33108521	45.3578186	4.328303337	15.5159483	6.018125534	2.414794683	1.816468835	9.579819679	229.7993927	30
4897.83681	51.4083	-0.6383	10.17083359	7.791666985	38.00812912	472.0769348	22	1.5	20.5	7.75	6.483333111	16.26666641	4.816666603	677	69	42	16.66335487	204	146	148	181	3.75	9823.5	0.812300026	0.08091706	1.046375036	11.81113148	13.71320057	9	62.60864639	25.58022308	5.772104263	13.71587467	13.94948959	0	2.615069866	26.49323273	188.6947632	31
4897.452069	50.001	8.26664	10.5583334	8.433333397	32.43589783	667.40625	25.39999962	-0.600000024	26	17.45000076	3.716666698	19.03333282	2.599999905	573	64	36	18.01320457	182	116	168	124	2.683333397	10334.41699	0.617399991	0.082494587	1.388228655	18.95651817	7.941122055	9	52.93289185	28.11058807	7.332301617	12.46366596	12.94123077	72.86832428	2.232651472	18.37487793	227.9142303	39
4897.247578	40.46	-5.32	10.6291666	10.45833302	37.08628845	628.1591187	27.20000076	-1	28.20000076	7.099999905	18.76666641	18.76666641	3.533333302	558	70	14	38.56399918	194	63	73	181	3.049999952	16074.33301	0.41080001	0.081851393	1.341942668	14.05777836	26.62697411	9	57.49745178	28.44477081	6.131899834	10.57820702	17.06540871	49.82349777	1.780893922	36.73199463	142.3176727	24
4897.031178	57.2545	18.2109	6.970833302	6.941666603	28.10391426	650.9414673	20.89999962	-3.799999952	24.69999886	7.883333206	4.766666889	15.44999981	-0.283333302	528	59	28	23.51778984	168	94	135	113	5.558333397	10375.91699	0.721800029	0.099099278	1.134286284	16.47506142	10.10134315	12	66.04623413	17.47870636	5.536186218	17.55347061	22.72270012	3.800810337	2.715456247	27.85951042	109.7804031	36
4896.872478	54.5	-3	5.237500191	6.358333111	35.72097397	431.8465881	15.60000038	-2.200000048	17.80000114	1.116666675	6.800000191	10.88333321	0.433333337	2324	267	124	28.53967476	788	392	423	723	8.949999809	8753.833008	4.593599796	0.084702507	1.173658609	8.574110985	16.97264481	9	76.2233429	15.20254517	5.896672726	16.67633438	22.60381317	33.5749588	5.221364021	17.01065636	151.9971924	41
4894.311591	46.34	11.29	11.25	9.366666794	31.53759766	767.673584	27	-2.700000048	29.70000076	16.60000038	1.733333349	20.61666679	1.733333349	828	101	35	30.11419296	261	126	260	126	1	12410.33301	0.850300014	0.099276863	1.12125814	17.42496681	31.13807106	9	42.32978058	40.24525452	6.699357033	12.37959957	18.19266319	105.2798996	1.97694838	30.12436295	168.2213898	52
4892.61939	48.46	18.9	7.016666889	9.833333969	32.77777863	764.3278198	23.20000076	-6.800000191	30	14.88333321	-1.116666675	16.29999924	-2.5	787	92	44	22.31744194	249	140	248	154	3.025000095	11368.41699	0.886399984	0.105371535	1.001705408	25.34930992	12.05775738	8	30.15323639	44.49745178	5.480966568	10.89831924	14.34271431	24.77887344	2.714808464	20.88054085	152.5056915	56
4891.99457	48.6167	6.25	9.795833588	8.841666222	34.80971146	630.9749146	24.29999924	-1.100000024	25.39999962	5.966666698	5.666666508	17.73333359	2.25	775	78	48	12.46319008	214	166	199	203	3.058333397	11686.16699	0.832099974	0.116444714	1.268569827	23.31525993	19.83580971	3	35.00347137	41.68126678	6.683766842	9.775735855	13.13206196	0	2.443424702	42.77875137	224.9418335	41
4891.437199	46.34	11.29	11.25	9.366666794	31.53759766	767.673584	27	-2.700000048	29.70000076	16.60000038	1.733333349	20.61666679	1.733333349	828	101	35	30.11419296	261	126	260	126	1	12410.33301	0.850300014	0.099276863	1.12125814	17.42496681	31.13807106	9	42.32978058	40.24525452	6.699357033	12.37959957	18.19266319	105.2798996	1.97694838	30.12436295	168.2213898	52
4890.766903	48	0.5	10.72499943	8.416666985	37.40740967	534.4346924	23.79999924	1.299999952	22.5	5.25	17.44999886	17.44999886	4.449999809	694	70	45	14.25466919	206	143	143	198	4.091666698	11561.75	0.73150003	0.093454972	1.438457727	13.99040222	9.111619949	9	44.53090286	41.47869492	5.840851784	12.93261242	7.794372559	12.24542999	2.381643772	46.45920563	199.4301147	35
4889.866873	46	3.3	10.8791666	10.75833321	40.90620804	586.404541	25.70000076	-0.600000024	26.30000114	16.39999962	4.966666698	18.25	3.966666698	677	87	38	28.99602509	213	118	207	125	2.741666555	12360.83301	0.647099972	0.122515313	1.233541489	39.65356827	6.500997066	9	29.00224304	31.3441925	7.165093422	9.644804001	18.19548035	63.29605103	2.259216785	36.70186234	329.5178833	57
4889.313566	37.63	21.62	16.62916756	10.125	38.20755005	605.5368042	31.29999924	4.800000191	26.5	11.01666641	24.25	24.25	9.666666985	741	134	6	77.16153717	374	22	22	329	3	15728.25	0.499000013	0.09510199	1.053444386	18.078228	14.96069908	9	46.70711136	35.21466064	7.837520599	11.08691597	21.7653904	100.4096451	1.969429731	32.91043091	247.6747589	42
4887.872504	56.07	13.74	7.050000191	7.366666794	30.31550217	641.5109863	20.89999962	-3.400000095	24.29999924	7.583333492	5.849999905	15.21666718	-0.450000018	772	79	44	20.29887199	234	146	194	198	2.866666794	9784.083008	1.067999959	0.079102807	1.132049441	9.590769768	10.03848934	12	64.24269867	26.16653442	5.225737572	15.01035595	11.94885921	9.113706589	2.648616314	31.99429131	125.4500427	33
4884.875419	53.1667	8.2	9.216666222	7.349999905	32.23684311	589.8433228	22	-0.800000012	22.79999924	16.61666679	4.883333206	16.61666679	2.216666698	763	79	42	16.53829193	221	149	221	174	4.050000191	9508.666992	0.950500011	0.065508299	1.532670617	6.404232025	7.637694359	11	85.67066193	7.925109863	6.04747963	15.0784483	5.632518768	18.41593361	1.802100658	51.26727676	112.5475998	37
4882.339725	40.46	-4.26	12.66666698	10.08333302	35.38011551	663.9528198	29.20000076	0.699999988	28.5	8.800000191	21.26666641	21.38333321	5.266666889	375	47	13	34.98458481	125	53	59	99	2.391666651	16019.25	0.259200007	0.089169726	1.037326932	14.91708279	29.18193054	12	49.01985931	36.06305695	6.734648705	12.95482254	11.49294472	45.46380997	2.131775856	31.52441788	244.5171509	49
4880.963162	39.29	-7.4	14.92500019	8.949999809	36.38211441	564.4446411	29.79999924	5.199999809	24.59999847	9.666666985	22.20000076	22.51666641	8.766666412	745	111	7	56.94498062	314	45	49	297	3.541666746	16836.41602	0.450899988	0.092511855	1.130107641	12.54115391	21.10635757	9	50.85286713	36.60597992	5.995533466	12.3329134	10.0392437	31.11862946	2.581113577	25.46448708	367.2827148	31
4880.826274	41.8	-3.11	10.01249981	10.99166679	38.16550827	633.7590942	26.89999962	-1.899999976	28.79999924	11.6833334	18.16666603	18.21666718	2.849999905	438	51	17	27.23040581	134	69	78	122	3.041666746	14928.83301	0.344300002	0.09332107	1.092150688	14.53843689	25.71429634	12	48.03184509	37.42971802	6.245559216	16.49360466	15.52954578	88.06242371	1.420694828	2.706977367	186.8152771	20
4878.775483	55.7694	14.1347	7.429166794	6.941666603	29.66524315	617.9712524	21	-2.400000095	23.39999962	8.100000381	2.416666746	15.40000057	0.383333325	692	71	39	19.05508804	209	133	178	170	4.883333206	9924.833008	0.943199992	0.063249201	1.26929152	1.25124681	10.31648922	12	91.48612213	7.262634277	4.27764225	17.42000389	15.51086617	0	2.269230843	32.85057449	113.1739502	40
4877.59611	62.9614	18.3608	3.366666555	7.716666698	26.15819168	783.6578979	19.60000038	-9.899999619	29.5	3.633333445	1.916666627	13.61666679	-5.699999809	721	88	37	28.25619125	243	125	199	154	3.950000048	8997.5	1.156599998	0.073480725	1.180027723	5.5271492	9.05081749	12	80.68697357	13.78587341	4.373578072	27.52153778	10.61849594	0	1.561646461	24.66235733	170.6503448	37
4877.23753	46.37	11.29	11.23333359	9.899999619	33	763.2595825	27.10000038	-2.900000095	30	20.61666679	1.883333325	20.61666679	1.883333325	802	98	33	31.75423431	258	118	258	118	1.016666651	12422.25	0.808300018	0.102525838	1.174772382	35.32917023	28.23237419	9	23.22737122	41.44345856	6.79183197	12.89474392	25.01951599	86.19148254	2.147694588	17.36922836	173.5480347	53
4876.895425	41.55	24.75	8.837499619	9.625	34.01060104	708.4237671	24.10000038	-4.199999809	28.29999924	12.21666622	14.21666718	17.48333359	0.200000048	655	70	35	20.83256721	200	119	158	173	2.641666651	13666.75	0.559400022	0.118365407	1.003206372	26.90770531	19.27113152	9	32.58029938	40.51199341	6.727627754	12.97600269	28.92823792	121.2680511	1.639979839	9.403409958	198.062851	33
4876.360159	41.6833	2.8	14.96249962	9.658333778	39.10256577	550.0418091	28	3.299999952	24.70000076	15.98333359	21.93333435	22.06666565	8.75	698	88	27	25.79216957	227	128	152	166	3.474999905	14734.91699	0.534600019	0.093552276	1.32911849	24.68766594	16.95332527	6	33.90019989	41.41213226	7.281155109	13.07459641	18.22218132	185.4966888	1.461876392	17.21577072	530.7385864	48
4875.394014	36.83	-6.36	17.83749962	8.941666603	39.04658127	497.1881104	30.20000076	7.300000191	22.90000153	12.95000076	23.93333435	24.28333282	12.05000019	514	93	1	71.91220856	254	18	20	228	3.691666603	17831.25	0.314900011	0.089839861	1.05435133	14.31957722	7.029021263	6	70.7596817	14.92073822	7.430706501	13.36081886	12.21017075	67.33071136	0.854109585	17.89321518	250.0621338	59
4873.817192	55.7167	14.1333	7.579166889	6.858333111	29.18439674	620.701416	21.10000038	-2.400000095	23.5	8.300000191	2.533333302	15.5666666	0.466666639	679	70	39	18.88563538	206	132	171	167	4.766666412	9923.833008	0.939100027	0.072546445	1.445899963	10.59540081	8.468811035	12	66.51721191	22.88739014	6.227268696	10.90642357	11.89028263	8.966086388	1.613370895	50.66030502	117.4298019	40
4873.38245	55.9428	13.5558	7.300000191	7.099999905	29.58333397	641.0042114	20.89999962	-3.099999905	24	4.116666794	6.066666603	15.46666718	-0.183333337	781	82	45	20.58187866	240	148	197	200	2.916666746	9804.833008	1.063699961	0.0766524	1.165563464	8.764988899	11.3349905	12	68.93699646	22.29801178	5.536439896	13.66734314	9.766885757	2.363490582	2.805176258	38.5083847	63.32040405	36
4873.224276	55.8378	13.3092	7.820833206	6.841666698	28.9901123	644.5063477	21.10000038	-2.5	23.60000038	4.683333397	2.700000048	16.01666641	0.333333343	732	75	42	20.12166214	222	138	192	178	3.275000095	9801.666992	0.953299999	0.068907708	1.1756109	9.930074692	7.191326618	12	68.7396698	21.3302536	5.878675938	14.76117134	9.835722923	10.07176495	1.80963099	31.44107056	125.1408997	37
4872.965302	48.6	9.2	8.658332825	8.733333588	33.58974457	659.0759277	23	-3	26	15.23333359	1.833333254	16.86666679	0.683333397	753	98	40	27.6761837	263	130	250	138	2.591666698	11025.91699	0.889900029	0.103569455	1.186220527	24.02970314	13.33141518	3	12.86577606	63.10452271	7.132571697	10.11677742	21.39642334	108.500351	1.872169256	34.80764389	287.3706665	44
4870.70664	48.46	18.9	7.016666889	9.833333969	32.77777863	764.3278198	23.20000076	-6.800000191	30	14.88333321	-1.116666675	16.29999924	-2.5	787	92	44	22.31744194	249	140	248	154	3.025000095	11368.41699	0.886399984	0.105371535	1.001705408	25.34930992	12.05775738	8	30.15323639	44.49745178	5.480966568	10.89831924	14.34271431	24.77887344	2.714808464	20.88054085	152.5056915	56
4869.36723	51.4083	-0.6383	10.17083359	7.791666985	38.00812912	472.0769348	22	1.5	20.5	7.75	6.483333111	16.26666641	4.816666603	677	69	42	16.66335487	204	146	148	181	3.75	9823.5	0.812300026	0.08091706	1.046375036	11.81113148	13.71320057	9	62.60864639	25.58022308	5.772104263	13.71587467	13.94948959	0	2.615069866	26.49323273	188.6947632	31
4867.763348	57.2746	16.1494	6.416666508	9.350000381	32.92253494	694.2861938	22.39999962	-6	28.39999962	14.26666641	1.066666722	15.41666698	-1.633333325	565	62	33	21.08746529	177	105	171	124	2.891666651	9939.75	0.749499977	0.080146931	1.118587136	12.92919827	12.98601913	12	58.83724976	28.23355103	4.639000893	19.95918655	16.27943993	0	2.211841822	23.44090843	88.58093262	39
4862.159333	55.8386	13.3186	7.783333302	6.833333492	28.95480156	643.8355713	21.10000038	-2.5	23.60000038	4.650000095	2.666666746	15.96666718	0.316666663	734	75	42	20.3682785	224	138	192	179	3.266666651	9816.916992	0.953499973	0.075310118	1.151000619	12.1411705	6.349861622	12	63.81661987	24.04220581	5.988176823	14.96964359	9.420408249	6.893508434	1.767194271	34.15799332	112.461731	37
4861.195	48.4	8.77	8.158332825	9.199999809	34.71697998	656.3980103	23	-3.5	26.5	14.73333359	1.283333302	16.36666679	0.283333302	824	91	55	16.48399353	256	174	240	191	2.633333445	11153.25	0.986299992	0.099848598	1.270270467	23.86663055	9.97759819	8	26.16520691	49.96816254	6.650390625	11.4851017	27.91738319	54.43242264	2.9456954	20.59581566	238.4143829	46
4859.465031	48.55	8.99	8.470833778	8.708333015	33.49359131	656.6148071	22.89999962	-3.099999905	26	15.03333282	1.650000095	16.66666603	0.566666663	792	99	45	24.32590294	269	146	253	154	2.650000095	11062.41699	0.935899973	0.096514076	1.142877936	22.72421455	13.40803814	9	30.15614319	47.11964417	6.613173485	11.28221416	27.25580025	84.86004639	2.696891308	24.21369934	206.1333618	47
4858.805729	49.2771	16.6314	7.833333492	7.716666698	28.79353333	732.09021	22.5	-4.300000191	26.79999924	15.30000019	0.149999991	16.79999924	-1.166666746	550	84	26	41.58181	219	82	219	87	3.75	11083.41699	0.608900011	0.093962431	1.433717012	18.05912018	11.72886753	9	24.50906372	57.4318161	4.883142948	12.81509876	8.511604309	0	1.819576025	21.02882195	166.837677	50
4852.309776	40.84	14.57	15.85416698	9.908333778	39.00918579	580.3778687	29.60000038	4.199999809	25.40000153	13.13333321	23.18333435	23.18333435	9.166666985	998	149	26	46.68795395	392	94	94	321	2.108333349	14735.66699	0.769999981	0.102496497	1.210469842	21.59539795	18.42346573	6	45.02701187	33.37759399	7.259771347	11.0101738	20.93755531	87.89892578	2.059093237	15.65581036	310.6832581	40
4848.504773	51.4083	-0.6383	10.17083359	7.791666985	38.00812912	472.0769348	22	1.5	20.5	7.75	6.483333111	16.26666641	4.816666603	677	69	42	16.66335487	204	146	148	181	3.75	9823.5	0.812300026	0.08091706	1.046375036	11.81113148	13.71320057	9	62.60864639	25.58022308	5.772104263	13.71587467	13.94948959	0	2.615069866	26.49323273	188.6947632	31
4847.716645	62.6425	17.7372	3.191666603	7.949999809	26.41195869	801.9205322	19.5	-10.60000038	30.10000038	8.616666794	-2.700000048	13.55000019	-6.300000191	729	82	38	25.93966866	236	130	208	152	3.433333397	9028.75	1.13380003	0.071507491	1.160022497	5.468449593	12.16586304	12	78.99017334	15.54137421	4.223058701	21.62545013	13.20458794	10.96380615	3.85798049	32.58263016	175.8751221	28
4845.175118	62.8836	18.1842	3.641666651	8	26.57807159	792.8540039	20.10000038	-10	30.10000038	3.916666746	2.283333302	13.98333359	-5.616666794	696	86	37	28.4257412	236	122	191	147	3.75	9007.916992	1.073199987	0.09917102	1.131676078	10.16090488	15.31297398	12	68.00646973	21.83262634	4.761948586	21.58164215	9.164652824	3.967511892	2.696305513	30.54413986	172.269989	36
4844.0947	42.76	-0.23	4.6875	9.925000191	34.94718552	652.3771973	21.39999962	-7	28.39999962	1.733333349	13.21666622	13.21666622	-2.666666746	1196	127	62	19.96364403	353	220	220	324	4.716666698	14284.58301	1.18780005	0.109323822	1.068165302	20.30170631	29.8460083	6	40.05314636	39.64514923	6.237383366	13.45291805	15.33498001	43.85730743	3.528616428	25.82977295	193.360733	44
4844.068756	43.36	-5.88	13.1208334	8.625	43.125	423.7948608	23.79999924	3.799999952	20	11.08333302	18.38333321	18.64999962	8.300000191	961	105	49	26.38567543	290	153	155	275	2.333333492	12317.83301	0.965499997	0.119189106	1.009036183	32.72473907	12.8276186	9	21.48323822	45.79202271	6.706737518	12.07217884	18.37091827	138.7619476	2.736145973	10.21580029	211.9438629	40
4843.568566	55.66	13.4	7.637499809	6.541666508	28.07582283	637.8733521	20.79999924	-2.5	23.29999924	8.283333778	2.5	15.78333282	0.283333302	706	73	39	21.25836182	216	130	187	169	3.516666651	9857.5	0.936100006	0.077150211	1.370416284	12.11771774	8.32194519	12	59.23264313	28.64964294	5.297271729	14.47488308	9.438196182	0	2.229133606	37.88763428	97.84107208	34
4841.149158	49.4013	16.2326	7.345833302	8.358333588	30.28381729	733.6535645	22.60000038	-5	27.60000038	16.29999924	-0.366666675	16.29999924	-1.683333397	560	84	26	42.54829407	226	82	226	85	3.858333349	10929.41699	0.640900016	0.092415601	1.367708564	15.61371231	15.99536133	9	50.20911407	34.1771698	5.676602364	11.11383152	9.663686752	2.04831624	1.524151206	33.96364594	187.0365753	47
4840.727262	48.52	9.08	9.091667175	9.116666794	34.14481735	669.0150146	24	-2.700000048	26.70000076	15.85000038	2.183333397	17.43333435	0.98333329	713	93	37	28.85424232	252	120	239	128	2.358333349	11042.08301	0.833000004	0.099568881	1.141018271	25.2279911	11.79561424	9	32.63804626	42.13396454	7.31296587	11.81010628	23.48080063	76.23693085	2.873250484	31.15080261	167.9712524	45
4838.798897	42	12.1	15.5041666	8.958333015	35.54894257	608.3302612	29.70000076	4.5	25.20000076	12.63333321	23.18333435	23.23333359	8.649999619	419	56	6	44.80717087	157	39	62	137	3.033333302	14722.08301	0.311800003	0.107463509	1.370319128	24.86171913	18.70301819	9	32.24485779	42.89342499	7.465895176	9.673641205	13.94135094	99.16217804	1.597502947	18.42009735	460.1356201	65
4838.723444	55.7692	14.1369	7.429166794	6.941666603	29.66524315	617.9712524	21	-2.400000095	23.39999962	8.100000381	2.416666746	15.40000057	0.383333325	692	71	39	19.05508804	209	133	178	170	4.883333206	9924.833008	0.943199992	0.063249201	1.238641858	1.25124681	13.88807297	11	91.48612213	7.262634277	4.27764225	17.42000389	15.51086617	0	2.269230843	32.85057449	113.1739502	40
4835.464384	41.93	2.92	13.64583302	9.475000381	37.90000153	559.2098999	27.10000038	2.099999905	25	14.55000019	20.79999924	20.85000038	7.366666794	718	86	30	24.13731003	226	141	160	163	3.375	14590.16699	0.567499995	0.101935051	1.023375988	19.42052269	22.88167953	9	41.11367798	39.46579742	6.428517342	14.89478111	10.88310146	91.22922516	1.781437755	16.01044846	316.392334	49
4835.205927	49.403	16.232	7.345833302	8.358333588	30.28381729	733.6535645	22.60000038	-5	27.60000038	16.29999924	-0.366666675	16.29999924	-1.683333397	560	84	26	42.54829407	226	82	226	85	3.858333349	10929.41699	0.640900016	0.092415601	1.367894769	15.61371231	11.81680393	9	50.20911407	34.1771698	5.58168602	10.59301949	10.97677135	5.699743748	1.642193437	32.00867462	112.260025	47
4834.874949	46.36	11.28	11.15000057	9.800000191	32.77592087	762.0814819	27	-2.900000095	29.89999962	20.51666641	1.800000072	20.51666641	1.800000072	799	97	33	31.32765388	257	119	257	119	1.016666651	12412.25	0.809300005	0.102624528	1.157588363	20.26763725	17.01468468	9	40.57906342	39.15329742	6.74727726	12.31131077	26.3205471	37.44922638	2.948513031	26.36223602	165.5933075	52
4834.592173	44.6447	2.56481	11.82916641	10.10833263	38.43472672	589.9246826	26.39999962	0.100000001	26.29999924	14.19999981	5.800000191	19.25	4.75	627	69	38	17.17658997	181	132	152	144	2.783333302	13200.33301	0.563600004	0.094846293	1.016036868	23.37541008	19.66991234	9	34.6920929	41.93249512	7.484063625	11.94424629	20.4622879	79.14224243	2.781415939	20.65104485	145.1876068	40
4834.454102	41.71	24.41	9.225000381	9.550000191	32.9310379	735.1669312	24.79999924	-4.199999809	29	12.96666718	14.6833334	18.13333321	0.133333325	606	67	33	21.1981411	190	111	152	153	2.299999952	13577.25	0.53640002	0.107905634	1.032899857	18.19013405	33.16470337	9	49.96365356	31.84621429	6.659183025	14.50029469	22.82843781	44.16308212	2.267879963	16.75974464	215.0189972	41
4834.047107	47.0748	9.9042	8.266666412	9.100000381	34.3396225	654.0931396	22.29999924	-4.199999809	26.5	16.23333359	1.433333397	16.23333359	0.200000092	1178	149	73	28.45976448	425	221	425	226	1.791666627	11981.5	1.303599954	0.083239362	1.166279793	16.83703804	17.5104351	9	46.04741669	37.11554718	6.056875229	11.13728333	20.82772827	93.94230652	3.913640261	20.31344795	89.70810699	49
4832.643155	41.21	-4.54	11.83333302	12.19999981	40.66666794	641.3739624	29.39999962	-0.600000024	30	8.016666412	19.91666603	20.08333206	4.433333397	391	48	13	33.31452942	126	59	65	108	2.683333397	15361	0.288199991	0.06538102	1.297983766	6.948411942	22.80679321	12	72.78244781	20.26914215	6.899362564	13.55768108	6.669713974	40.86206818	1.037124157	12.17987537	182.1634216	57
4831.457455	63.0167	17.4914	2.279166698	8.358333588	26.9623661	820.3227539	19.20000076	-11.80000019	31	11.4333334	-3.533333302	12.86666679	-7.433333397	732	88	36	29.20282173	249	124	235	145	2.799999952	8868.333008	1.184700012	0.073732048	1.161200762	7.109107494	17.10756874	12	62.96790695	29.92298889	5.054112911	22.49446297	18.56352234	14.03513622	3.748745918	32.3491478	162.6881714	38
4831.23089	50.3	8	8.350000381	7.833333492	31.97278976	630.9876709	22.10000038	-2.400000095	24.5	4.550000191	4.099999905	16.31666756	0.816666663	801	81	55	11.55592823	222	179	201	206	3.375	10287.83301	0.976000011	0.098904356	1.355708122	18.09918785	16.00767517	9	36.78404236	45.11676788	4.773128033	16.29950905	9.557253838	5.910829544	2.145163774	10.79005718	195.2998657	38
4830.748591	50.2981	8.26607	9.304166794	8.291666985	32.77338409	642.2880249	23.5	-1.799999952	25.29999924	15.83333397	5.133333206	17.36666679	1.550000072	655	66	44	13.29738331	191	140	178	156	2.950000048	10208.66699	0.769200027	0.085796133	1.436557651	20.6126461	14.91748047	9	43.07102966	36.31632233	6.554263592	11.6924572	10.38507652	26.50680351	1.594478011	38.23770523	165.9946289	43
4830.540277	57.7133	15.0689	5.337500095	7.625	28.77358437	695.286499	20.39999962	-6.099999905	26.5	13.11666679	-0.033333346	14.26666641	-2.733333349	687	77	36	23.08039474	216	123	207	148	3.283333302	9682.583008	0.986899972	0.078226037	1.165286541	5.843305111	13.6521616	12	66.36717224	27.78952026	4.324503899	22.8816433	13.12942028	0	3.240004301	16.46658134	118.4082718	26
4825.717138	51.9183	10.1138	8.591667175	7.950000286	32.58197021	622.0012817	22.29999924	-2.099999905	24.39999962	16.36666679	4.200000286	16.36666679	1.100000024	702	74	42	15.15996552	207	148	207	164	3.491666794	9833.25	0.876999974	0.10236077	1.306573391	20.64529037	6.67746067	8	1.767837524	77.58686829	6.786946297	10.38522053	14.9043169	56.7611351	2.039509773	41.00738144	278.4191895	36
4825.516303	48.41	8.79	8.120833397	9.091666222	34.43813324	654.628479	22.89999962	-3.5	26.39999962	14.65000057	1.283333302	16.31666565	0.283333272	831	92	55	16.45708466	258	175	242	192	2.658333302	11156.91699	0.997699976	0.100122131	1.24330008	24.12460709	9.592664719	8	15.43589783	60.43949509	7.190986633	9.858499527	19.10128403	34.50896454	1.807251096	34.87966537	311.2502747	46
4823.674142	57.2545	18.2109	6.970833302	6.941666603	28.10391426	650.9414673	20.89999962	-3.799999952	24.69999886	7.883333206	4.766666889	15.44999981	-0.283333302	528	59	28	23.51778984	168	94	135	113	5.558333397	10375.91699	0.721800029	0.099099278	1.134286284	16.47506142	10.10134315	12	66.04623413	17.47870636	5.536186218	17.55347061	22.72270012	3.800810337	2.715456247	27.85951042	109.7804031	36
4823.446529	50.3	6.3	7.525000095	7.233333111	31.58660889	595.7520142	20.39999962	-2.5	22.89999962	1.466666698	10.19999981	14.98333359	0.433333308	1109	117	72	14.97589874	335	241	247	316	4.050000191	10288.33301	1.453699946	0.102051102	1.036224127	20.9672966	17.44852066	8	21.03390503	57.99879837	5.503372669	10.78096104	15.48022747	13.9874754	2.960725307	34.7039032	217.7317047	56
4822.774762	39.13	16.17	14.40833282	6.650000095	30.930233	552.8062134	26.39999962	4.900000095	21.5	12.41666698	21.13333321	21.39999962	8.050000191	1000	138	20	51.71456909	400	77	110	366	3.224999905	14893.75	0.782599986	0.105675638	1.038351893	22.88102913	23.76228142	9	39.271698	37.84727478	6.97872448	12.79978561	15.18348694	6.123775959	2.244834185	14.60251617	187.7505341	34
4819.937332	41.03	-3.27	11.0666666	10.69999981	36.76976013	659.4361572	28.10000038	-1	29.10000038	7.316666603	19.63333321	19.70000076	3.716666698	414	49	15	32.1737175	134	61	65	109	2.658333302	15331.41699	0.304800004	0.0892554	1.173189163	13.06489658	25.44268608	9	52.77290344	34.16220093	6.626762867	12.32938194	10.32621098	109.7608871	1.304792643	6.308619022	155.8632202	53
4819.811154	63.324	18.484	3.025000095	8.316666603	26.48619843	836.979126	20.20000076	-11.19999981	31.40000153	12.4333334	1.966666698	13.8166666	-6.883333206	637	80	33	30.26384735	213	107	198	129	2.825000048	8855.5	0.996299982	0.075068645	1.163521171	5.730983734	14.0361824	12	76.73591614	17.53309631	4.612429619	27.91813278	11.50269222	0.79110831	2.051725626	28.01861191	107.0739059	23
4819.316029	54.9902	-2.3671	8.166666985	7.516666889	39.56140137	432.5418396	19.10000038	0.100000001	19	4	9.566666603	13.75	3.25	924	98	58	18.61083031	288	181	205	265	4.041666508	8987	1.332599998	0.09203621	1.070731163	19.50749397	13.10278797	9	46.05592346	34.43658447	5.605091095	11.14898396	15.78703499	0	2.526284933	36.96482849	214.889389	46
4816.926564	46.37	11.24	10.17500019	9.583333015	33.1603241	733.5762329	25.60000038	-3.299999952	28.89999962	19.23333359	1.26666677	19.23333359	1.26666677	730	86	29	34.81502533	252	102	252	102	1.125	12428.75	0.743600011	0.105214909	1.0960325	20.52126694	28.5457859	9	46.74944687	32.72928619	6.643767357	13.99941921	17.38138771	31.02227783	1.363986492	21.89388275	170.3975525	52
4815.01673	41.5	23.33	13.52083302	11.625	34.5982132	813.4842529	31.70000076	-1.899999976	33.60000229	8.533333778	22.81666756	23.61666679	3.516666651	474	53	27	19.87894821	142	93	110	116	1.674999952	13919.33301	0.368400007	0.099249423	1.353246927	23.73674202	18.03937149	9	49.30268097	26.96057892	6.922632694	12.77838326	32.25463104	31.73867798	1.325624943	15.55850506	235.3082428	40
4814.025574	55.7167	14.1333	7.579166889	6.858333111	29.18439674	620.701416	21.10000038	-2.400000095	23.5	8.300000191	2.533333302	15.5666666	0.466666639	679	70	39	18.88563538	206	132	171	167	4.766666412	9923.833008	0.939100027	0.072546445	1.445899963	10.59540081	8.468811035	12	66.51721191	22.88739014	6.227268696	10.90642357	11.89028263	8.966086388	1.613370895	50.66030502	117.4298019	40
4813.746108	46.37	11.29	11.23333359	9.899999619	33	763.2595825	27.10000038	-2.900000095	30	20.61666679	1.883333325	20.61666679	1.883333325	802	98	33	31.75423431	258	118	258	118	1.016666651	12422.25	0.808300018	0.102525838	1.174772382	35.32917023	28.23237419	9	23.22737122	41.44345856	6.79183197	12.89474392	25.01951599	86.19148254	2.147694588	17.36922836	173.5480347	53
4811.025164	50.5	8.5	8.904166222	7.875	31.88259125	643.9066162	22.79999924	-1.899999976	24.69999886	15.46666622	4.733333111	17	1.133333325	708	71	47	12.18543625	195	152	184	177	3.150000095	10176.41699	0.843699992	0.11055512	1.277040839	19.99968338	19.79076958	8	22.83359528	57.16672134	6.799487591	9.878674507	14.53928661	4.578620434	1.903176904	48.94263458	256.5577698	47
4810.523741	42	12.1	15.5041666	8.958333015	35.54894257	608.3302612	29.70000076	4.5	25.20000076	12.63333321	23.18333435	23.23333359	8.649999619	419	56	6	44.80717087	157	39	62	137	3.033333302	14722.08301	0.311800003	0.107463509	1.370319128	24.86171913	18.70301819	9	32.24485779	42.89342499	7.465895176	9.673641205	13.94135094	99.16217804	1.597502947	18.42009735	460.1356201	65
4809.307379	51.4083	-0.6383	10.17083359	7.791666985	38.00812912	472.0769348	22	1.5	20.5	7.75	6.483333111	16.26666641	4.816666603	677	69	42	16.66335487	204	146	148	181	3.75	9823.5	0.812300026	0.08091706	1.046375036	11.81113148	13.71320057	9	62.60864639	25.58022308	5.772104263	13.71587467	13.94948959	0	2.615069866	26.49323273	188.6947632	31
4808.545837	47.35	3.93333	9.324999809	7.699999809	32.35293961	596.4306641	22.70000076	-1.100000024	23.80000114	3.216666698	5.133333206	16.78333282	2.133333445	859	81	60	10.7757473	235	188	213	221	3.416666746	11838.91699	0.962700009	0.102306299	1.012627482	24.2136364	25.59222412	9	27.34038544	48.44597626	5.168236256	13.32183647	11.50012112	25.14647675	2.195257187	25.73741531	143.3986969	29
4806.539428	56.1	13.74	7.099999905	7.349999905	30.24691391	640.6317749	20.89999962	-3.400000095	24.29999924	3.916666746	5.933333397	15.25	-0.400000006	767	79	44	20.25018501	232	145	193	198	2.799999952	9784.416992	1.068799973	0.075360775	1.109084964	11.74979401	14.68470764	12	52.87260437	35.37760162	5.626195908	13.63500118	12.86776161	21.04700851	1.974118114	32.95039749	93.532547	33
4805.202831	46.37	11.28	10.8708334	9.858333588	33.08165359	754.6445923	26.70000076	-3.099999905	29.80000114	20.18333435	3.5	20.18333435	1.666666627	770	92	31	32.76743698	255	112	255	112	1.049999952	12462.16699	0.778199971	0.112557448	1.100145459	24.39643097	30.96445847	9	35.08943176	40.51413727	6.350336075	14.08211803	30.53141785	15.20370865	2.971410513	28.02788544	151.5265198	52
4799.785039	41.67	2	11.27083302	9.275000572	36.0894928	592.2394409	25.70000076	0	25.70000076	16.43333244	5.283333302	19.01666641	4.733333111	803	92	47	21.43338013	234	154	203	159	3.741666555	15273.66699	0.605499983	0.113464668	1.012764096	21.04376984	28.54488373	9	39.47206497	39.48416519	6.027486801	13.82918644	16.47773361	119.3771896	1.8634969	6.81532383	359.0515137	37
4799.454368	39.58	16.21	16.79166603	7.966666698	32.51700592	610.2340698	30.70000076	6.199999809	24.5	14.08333302	24.53333282	24.56666565	9.866666794	860	125	13	56.92578125	370	59	93	314	2.325000048	15282.91699	0.609300017	0.106372796	1.044525504	23.48949242	20.91561317	6	39.29425049	37.21625519	7.536300659	9.655508995	16.77366257	142.3877716	1.37074554	18.68164444	218.6195984	50
4794.424327	52.3	9.3	9.204166412	7.675000191	32.38396454	605.7131958	22.60000038	-1.100000024	23.70000076	16.75	4.833333492	16.75	1.950000048	749	74	48	13.42167473	213	158	213	187	3.666666746	9718.416992	0.901799977	0.097359031	1.419353724	19.10463142	10.9760046	8	2.592948914	78.30242157	6.793850422	9.569760323	12.50967598	49.84866333	1.647384405	48.78157806	234.241745	30
4793.534587	42.38	1.73	9.004166603	10.64166641	39.2681427	598.5302124	24.10000038	-3	27.10000038	10.3166666	2.916666746	16.76666641	2.283333302	868	97	56	18.14976501	256	173	212	183	4.349999905	15160.41699	0.673300028	0.109055378	1.079071164	18.19570351	16.62255287	5	46.14918518	35.65511322	6.199666977	10.24560738	14.7019825	4.060800076	2.894837618	33.4577446	176.9321747	33
4792.067154	42.23	-3.69	11.16666698	11.58333302	39.94252777	627.3730469	28.29999924	-0.699999988	29	12.8166666	19.23333359	19.23333359	4.049999714	467	55	19	28.69260788	143	73	81	131	2.858333349	14445.91699	0.360500008	0.089960165	1.365731597	24.42703819	13.32505512	9	39.87494659	35.69801331	7.961197376	9.954925537	17.42121696	167.3876648	1.506053567	20.02223015	201.0576782	44
4791.211362	41.81	2.34	10.40416718	9.091667175	35.65359497	588.659729	24.70000076	-0.800000012	25.5	11.35000038	4.433333397	18.08333397	3.900000095	871	97	51	19.59518433	254	176	208	186	4.441666603	15084.58301	0.689899981	0.109652847	1.042490125	14.76154804	27.78950882	9	55.08259201	30.1558609	6.456506252	14.3658886	21.62494469	35.3371048	1.417474627	21.75172806	280.2851868	43
4786.281058	46.51	11.33	9.995833397	10.07499981	34.74137878	721.949585	25.60000038	-3.400000095	29	18.98333359	1.333333254	18.98333359	1.333333254	721	90	28	37.282547	261	97	261	97	1.149999976	12427.58301	0.73180002	0.100158982	1.07184124	13.546278	28.43967438	9	55.53240204	30.92131805	6.747423172	14.67739773	22.1017971	54.48265457	1.667466044	37.54443741	180.9614868	54
4786.083333	55.7719	14.1211	7.400000095	6.966666698	29.64539146	620.901123	21	-2.5	23.5	4.400000095	2.383333445	15.38333321	0.283333331	697	72	40	19.01852226	211	135	179	171	4.741666794	9921.916992	0.954400003	0.067773469	1.167080879	10.34113407	6.162236214	12	66.6528244	23.00604248	5.306688309	16.93301201	11.27379608	11.3391571	2.775038958	43.91685104	128.4640503	40
4784.613373	57.3263	15.8979	6.375	9.516666412	33.27505875	700.4268188	22.60000038	-6	28.60000038	14.26666737	1.083333254	15.41666698	-1.816666722	560	62	32	21.73464394	180	104	173	118	2.474999905	9833.416992	0.759599984	0.078865007	1.120264053	16.28792191	11.78704166	5	60.46726227	23.24481201	5.06132555	21.42012215	12.91197395	0	2.227679014	19.85678101	101.2026215	34
4779.962442	48.53	9.06	9.116666794	9.083333969	33.89303589	670.9502563	24.10000038	-2.700000048	26.80000114	15.91666698	2.200000048	17.5	1.016666651	720	94	38	28.62565041	255	123	241	131	2.433333397	11031.16699	0.831900001	0.101534694	1.111882448	29.42862129	19.92132568	9	35.76662445	34.80475616	6.880640984	11.02489758	22.17026711	90.87696075	3.408808708	36.45489883	180.5746307	46
4778.534389	48.59	4.24	10.6291666	9.774999619	37.74131012	600.7815552	25.60000038	-0.300000012	25.89999962	17.78333282	6.583333492	18.23333359	3.483333349	660	64	44	11.52254391	181	137	178	162	3.5	11266	0.690100014	0.10608086	1.21074295	28.09729195	12.53714561	8	16.59292603	55.30978394	7.65843153	9.392345428	18.88772964	332.9910278	1.772817612	46.48144913	279.3187256	32
4778.323698	41.54	2.39	14.64999962	9.25	37.90983582	553.8009033	27.79999924	3.400000095	24.39999962	15.64999962	21.70000076	21.89999962	8.516666412	716	89	31	25.31595421	239	138	171	161	3.541666746	14889.25	0.528900027	0.097180799	1.052283645	29.07065773	25.25863457	9	23.83757019	47.09177399	6.493957043	13.71119118	12.26042557	131.8577118	2.470211983	31.5525074	400.2895813	44
4776.071131	41.05	-3.54	10.66666698	10.94999981	37.37201309	662.6816406	27.79999924	-1.5	29.29999924	6.883333206	19.31666565	19.31666565	3.266666651	461	54	17	32.08089066	150	66	72	124	2.700000048	15333.25	0.344700009	0.082976952	1.048248291	10.80716038	25.86061096	9	63.56920624	25.62363434	6.436662197	9.850715637	11.5356245	50.00140381	1.604954362	30.50637245	203.9465637	55
4774.033286	52.24	4.45	9.691666603	6.583333492	32.11381912	509.79422	21	0.5	20.5	10.76666641	8.333333015	15.96666622	3.716666698	811	94	44	24.91148376	272	151	216	194	5.958333492	9990.083008	1.111899972	0.058924902	1.353599668	17.75653267	8.207348824	12	55.33023071	26.91323853	6.375627041	14.5143404	6.950583935	44.9506073	2.047103405	43.81614685	141.384079	46
4773.787319	46.34	11.29	11.25	9.366666794	31.53759766	767.673584	27	-2.700000048	29.70000076	16.60000038	1.733333349	20.61666679	1.733333349	828	101	35	30.11419296	261	126	260	126	1	12410.33301	0.850300014	0.099276863	1.12125814	17.42496681	31.13807106	9	42.32978058	40.24525452	6.699357033	12.37959957	18.19266319	105.2798996	1.97694838	30.12436295	168.2213898	52
4768.353996	51.3472	8.28844	8.225000381	8.666666031	35.37414932	588.0534058	21.79999924	-2.700000048	24.5	2.383333445	3.933333397	15.64999962	1.233333349	1021	105	69	12.71053219	297	227	257	274	3.674999952	9696.833008	1.3125	0.091887698	1.107925534	19.41345596	22.08971596	8	32.73991394	47.8466301	6.229747295	14.10248089	14.42139816	80.09770966	1.850194693	29.75178528	154.3437653	35
4768.34696	46.34	11.29	11.25	9.366666794	31.53759766	767.673584	27	-2.700000048	29.70000076	16.60000038	1.733333349	20.61666679	1.733333349	828	101	35	30.11419296	261	126	260	126	1	12410.33301	0.850300014	0.099276863	1.12125814	17.42496681	31.13807106	9	42.32978058	40.24525452	6.699357033	12.37959957	18.19266319	105.2798996	1.97694838	30.12436295	168.2213898	52
4768.015615	39.58	-3.93	12.92916679	11.22500038	35.74840927	716.0480347	31.29999924	-0.100000001	31.39999962	8.649999619	22.23333359	22.41666603	5.016666889	484	62	10	41.34624481	170	49	58	150	2.408333302	16454	0.314099997	0.079823181	1.47341454	23.30850601	32.05394745	9	38.20051193	38.49098206	6.589818954	11.73534107	10.37810421	43.84708405	1.333465695	6.608674049	215.5665588	33
4767.865294	62.6425	17.7356	3.191666603	7.949999809	26.41195869	801.9205322	19.5	-10.60000038	30.10000038	8.616666794	-2.700000048	13.55000019	-6.300000191	729	82	38	25.93966866	236	130	208	152	3.433333397	9028.75	1.13380003	0.071507491	1.160022497	5.468449593	13.40215015	9	78.99017334	15.54137421	4.258595943	21.62545013	13.20458794	10.96380615	3.85798049	32.58263016	175.8751221	28
4766.837427	42.1	-2.56	8.1875	10.70833302	39.22466278	592.5412598	24.39999962	-2.900000095	27.29999924	9.516666412	15.90000057	15.90000057	1.516666651	624	76	31	25.93286896	195	106	106	170	3.424999952	14431.25	0.551400006	0.110290483	1.017126441	26.06513596	16.58253098	9	44.53852463	29.39633942	5.975512505	11.65791893	14.19921684	30.73621941	3.159473896	14.35327244	189.8012238	22
4766.213766	48.54	9.02	8.829166412	8.875	33.74524689	661.8206787	23.39999962	-2.900000095	26.29999924	15.48333359	1.983333349	17.08333397	0.849999964	748	96	41	26.74765205	260	132	245	140	2.516666651	11058.91699	0.878600001	0.10846293	1.055772543	20.51738358	12.95934963	9	34.57653046	44.90608597	6.777113438	10.79319	24.43142509	19.51634026	2.853489161	25.35666656	213.6283569	46
4763.439556	56.5459	-4.79821	7.520833492	6.175000191	36.75595474	417.2281799	16.89999962	0.100000001	16.79999924	3.450000048	9.133333206	12.76666641	2.683333397	1803	221	89	32.57483292	626	273	318	570	3.849999905	8258.5	3.08829999	0.077009231	1.155727744	5.667490959	12.11692524	9	70.07484436	24.25766754	5.373343468	15.87839222	16.27896881	0	3.599767923	22.86443901	141.388443	31
4762.610175	38.19	-6.24	15.57499981	13.33333302	41.53686523	655.8426514	34.5	2.400000095	32.09999847	9.066666603	24.03333282	24.11666679	8.166666985	637	105	5	60.93008423	283	35	39	258	3.233333349	17086.41602	0.360700011	0.073220327	1.398041725	14.48416996	20.99056816	6	49.33965302	36.17617798	6.626953125	9.697993279	10.44352341	0	1.852756858	18.38412476	243.4795685	38
4759.543507	41.57	23.85	11.21666718	11.01666641	35.30982971	767.5176392	28.20000076	-3	31.20000076	15.08333302	16.81666756	20.66666603	1.800000072	537	56	30	19.68592644	159	103	130	135	1.950000048	13748.5	0.440600008	0.093269907	1.414595008	20.56036949	17.98662567	9	46.95302582	32.48660278	6.854157925	13.43437004	24.90639305	96.75649261	0.799159884	17.77034378	210.3191986	47
4759.161744	50	8.5	10.07916641	8.125	31.9881897	661.4222412	24.39999962	-1	25.39999962	16.78333282	3.25	18.38333321	2.099999905	596	65	38	16.10773659	182	123	172	132	2.758333206	10441.5	0.664099991	0.077579886	1.127987742	10.30490208	5.463951111	12	68.84529114	20.84980774	5.900895596	15.06052494	4.64900732	38.13131332	1.57097888	23.69992256	141.818512	42
4756.983157	42.32	23.1	10.23750019	12.35833263	37.56332397	776.34375	28	-4.900000095	32.90000153	17.83333397	2.066666603	19.66666603	0.599999964	573	66	32	21.44501877	186	110	166	115	2.25	13154.08301	0.492500007	0.092359677	1.378889203	22.08394814	22.06676102	9	42.90061951	35.01543427	6.931129932	13.48923683	24.40913582	57.61463928	1.225836992	11.06802654	161.4938202	55
4752.516786	56.0573	14.302	7.420833588	7.558333397	31.10425377	638.4122925	21.5	-2.799999952	24.29999924	14.78333378	2.383333445	15.61666679	0.049999993	567	60	31	20.91528702	172	102	165	122	4.408333302	9875.75	0.76910001	0.078243583	1.474999547	9.811448097	6.962084293	12	76.08425903	14.10429382	5.068815231	17.98779106	15.78617287	12.82341385	1.897436261	38.13356781	123.596962	37
4752.462009	41.32	-1.34	11.0625	12.375	41.25	629.8128052	28.60000038	-1.399999976	30	12.69999981	4.866666794	19.21666718	4	455	69	25	35.03529739	171	78	113	89	3.541666746	15403.25	0.3125	0.091825351	1.376660943	22.71663284	28.74916458	9	40.06498718	37.21837997	6.250417233	13.53111362	12.77090359	92.3406601	2.750806808	30.60178947	183.2872772	22
4749.591062	55.6	13.2	8.129166603	6.308333397	27.30880165	641.062561	21.10000038	-2	23.10000038	8.866666794	2.916666746	16.25	0.716666639	604	64	32	20.67194939	184	112	162	140	3.908333302	9918.666992	0.775600016	0.08337649	1.405866861	15.55336189	8.564590454	12	53.54907227	30.89756775	6.580134869	10.81633854	13.74241352	15.16150856	1.435271978	50.2719841	142.1513062	33
4747.810708	51.4083	-0.6383	10.17083359	7.791666985	38.00812912	472.0769348	22	1.5	20.5	7.75	6.483333111	16.26666641	4.816666603	677	69	42	16.66335487	204	146	148	181	3.75	9823.5	0.812300026	0.08091706	1.046375036	11.81113148	13.71320057	9	62.60864639	25.58022308	5.772104263	13.71587467	13.94948959	0	2.615069866	26.49323273	188.6947632	31
4747.810433	55.7509	13.3712	7.941666603	6.816666603	28.88418198	643.3959351	21.29999924	-2.299999952	23.59999847	8.583333015	2.816666603	16.10000038	0.466666669	677	71	37	20.90590096	207	125	180	160	3.174999952	9822.666992	0.882799983	0.076581366	1.186851263	10.72564411	6.74111414	12	67.62792206	21.64643097	6.335465431	12.22127724	8.632165909	0	1.651660323	48.25697327	123.129097	36
4747.802917	62.9308	18.3448	3.512500048	7.775000095	26.17845154	787.6608887	19.79999924	-9.899999619	29.69999886	3.766666651	2.083333254	13.8166666	-5.616666794	706	87	36	28.91135025	240	121	194	151	3.841666698	9007.583008	1.126299977	0.070053801	1.093904972	3.731744051	19.92731857	12	84.6295929	11.63866425	4.581926823	22.59127617	12.99917603	3.343805075	2.911194324	25.27729034	180.2626801	38
4745.706066	44	12.37	13.48750019	9.391666412	33.0692482	710.3395996	28.89999962	0.5	28.39999962	14.26666641	6.083333492	22.31666565	4.866666794	866	103	52	20.92202759	280	179	199	185	2.116666555	13256.83301	0.762799978	0.124922499	1.270168424	42.23299026	10.90625191	3	10.12532043	47.6416893	7.859433651	9.351214409	24.71944427	175.0439758	1.987962008	19.63055611	214.4242859	45
4745.629094	48.5	9	9.066666603	9.083333015	34.27672958	663.9117432	23.79999924	-2.700000048	26.5	15.76666641	2.200000048	17.33333397	1.016666651	723	93	39	27.26734924	252	125	238	134	2.341666698	11036.25	0.851700008	0.104216017	1.184646845	21.91628265	17.7544384	9	38.03312683	40.05059052	6.534738541	9.209072113	11.88301182	46.28759766	1.947024822	36.56230545	261.1331177	48
4745.065841	41.53	23.39	12.07499981	10.86666679	34.38818359	777.7692261	29.20000076	-2.400000095	31.60000038	15.96666718	21	21.68333435	2.516666651	506	54	30	19.04777718	148	102	123	120	1.808333278	13799.41699	0.410100013	0.09703242	1.398598671	20.00220871	19.71159554	5	47.34571457	32.65207672	6.862112045	13.09198475	25.81601715	87.66894531	1.021446347	10.28084946	161.1278839	39
4744.939403	62.8698	18.381	3.712500095	7.508333206	25.98039246	766.5065918	19.5	-9.399999619	28.89999962	4.083333492	2.083333492	13.76666641	-5.083333492	704	88	35	28.82870483	241	121	190	152	4.050000191	9046.666992	1.146100044	0.081829287	1.165513873	8.811560631	20.74848175	12	74.6960144	16.49242401	4.38112545	23.50194931	11.3069191	7.400091648	2.085430622	34.06342697	179.8204651	37
4739.839734	51.3	0.5	10.32916641	7.758333206	37.66181183	485.6835022	22.20000076	1.600000024	20.60000038	5.699999809	6.550000191	16.54999924	4.800000191	613	65	38	18.8024292	191	124	138	164	4.400000095	9928	0.760200024	0.091499723	1.343291163	27.55258942	18.41960526	9	38.69399261	33.75341797	7.609491825	11.13146782	24.21574211	141.5297699	2.326689482	39.21336746	220.9618225	34
4738.98702	51.15	0.4	9.949999809	7.699999809	37.74509811	475.4615173	21.60000038	1.200000048	20.39999962	5.466666698	14.30000019	16	4.5	740	82	45	24.23253059	243	146	148	211	3.966666698	10005.83301	0.954699993	0.107324742	1.029316902	25.66627312	14.39329529	9	20.04918671	54.28453827	6.318985462	10.54954243	12.84328747	17.21291351	3.450265169	39.59666061	211.6707458	34
4738.857233	48.47	18.96	7.079166889	9.708333015	32.57830048	762.5390015	23.10000038	-6.699999809	29.79999924	14.91666698	-1.016666651	16.35000038	-2.416666746	774	92	44	22.48052979	246	137	245	152	2.924999952	11381.58301	0.874800026	0.105357245	1.04134953	23.73465729	10.13943958	8	27.66325378	48.60208893	5.185977936	11.74905872	18.88407898	0	2.150746107	19.61401558	141.7242889	57
4738.457718	40.57	15.32	14.33333302	8.033333778	33.75350189	589.7971191	27.39999962	3.599999905	23.79999924	11.73333359	21.66666603	21.66666603	7.383333206	825	116	24	43.22797394	309	85	85	271	2.216666698	14852.83301	0.677900016	0.123962402	0.93712604	25.13952065	11.18186569	6	37.51776123	37.34272003	7.766954899	10.07911777	23.0784874	119.268074	1.665651798	15.02994061	388.7467957	54
4737.887411	41.37	23.14	12.57499981	10.46666718	33.12236404	789.8029175	29.60000038	-2	31.60000038	7.849999905	21.51666641	22.28333473	2.766666651	473	53	28	19.97457314	141	92	109	114	1.75	14051.66699	0.377700001	0.092010953	1.25628531	20.70471382	14.86912918	12	54.16287994	25.13240814	7.318182945	10.97512627	15.4783268	100.2463303	0.771268666	19.57012367	96.99023438	44
4737.518094	56.0648	13.9707	7.212500095	7.408333302	30.86805534	627.4013062	21.10000038	-2.900000095	24	7.800000191	2.283333302	15.23333359	-0.083333373	679	67	40	18.62249184	199	128	187	162	3.191666603	9863.5	0.950100005	0.073026523	1.392862916	8.804350853	12.62323284	12	65.19975281	25.99589539	5.355846882	14.09511852	14.88817787	9.826323509	2.449366093	44.61601639	113.0771866	35
4728.47614	44.12	3.77	11.92916679	8.391666412	34.39207458	588.7523804	25.70000076	1.299999952	24.40000153	12.48333359	19.46666718	19.46666718	5.216666698	758	110	31	29.82831573	247	131	131	196	3.858333349	13981.75	0.610099971	0.10983409	0.982274711	28.62156868	19.70499039	9	40.95920563	30.4192276	6.058560371	13.8100071	12.50373554	65.879776	1.614462495	22.29660034	438.0482178	41
4725.310534	52.24	9.44	8.887499809	7.525000095	32.02127457	604.8070068	22.10000038	-1.399999976	23.5	16.41666603	4.533333302	16.41666603	1.633333325	783	78	50	12.92268181	219	166	219	196	3.825000048	9702.25	0.953400016	0.089250267	1.107106328	17.91080093	13.23558998	8	10.50799561	71.58120728	6.60580492	11.71637154	20.56725311	85.06990814	1.721527338	41.26203537	222.1435852	31
4725.033094	43.16	-5.07	10.40416622	8.324999809	37.5	507.3570557	22.70000076	0.5	22.20000076	5.333333492	16.79999924	16.86666679	4.533333302	834	90	40	26.27683258	259	137	137	245	3.108333349	13218.75	0.796000004	0.109903052	1.113434672	26.5356884	27.53602982	9	40.89548492	32.56882477	6.442537308	13.56707859	18.65380287	38.04457855	2.714692593	14.5086422	190.4742432	34
4722.723759	55.71	13.2	8.1875	6.308333397	26.95869064	650.8146362	21.39999962	-2	23.39999962	8.783332825	3	16.48333359	0.649999976	661	68	35	20.70275879	200	123	174	156	3.933333397	9831	0.82249999	0.078009151	1.501915216	7.064375877	7.12353754	12	74.93592834	17.99969482	5.788283348	15.35336876	9.054650307	4.677136898	1.897607803	31.69581032	146.8051147	34
4718.560644	40.68	14.87	15.41250038	9.691666603	39.719944	552.1368408	28.60000038	4.199999809	24.40000153	10.21666718	22.29999924	22.29999924	9.016666412	1075	159	29	48.31209183	425	104	104	372	2.533333302	14840.41699	0.856899977	0.104990982	1.024015307	24.35951233	12.39078045	9	37.82473755	37.81575012	7.336013317	10.28966331	17.50970268	60.87799454	2.114833355	32.69270706	427.3645935	43
4715.179383	41.18	14.18	15.02500057	9.583333015	36.85897446	612.4411011	29.20000076	3.200000048	26	12.13333321	22.71666718	22.71666718	7.966666698	897	133	23	44.03324509	348	100	100	276	1.716666698	14759.5	0.734000027	0.10937506	1.207139611	21.65870285	8.715773582	9	44.8560791	33.48521423	6.752502441	10.13413429	21.93288994	128.6500702	1.927919626	36.18358231	625.4262085	45
4714.58014	43.91	4.14	13.3708334	9.208333015	35.01267242	616.0152588	28.10000038	1.799999952	26.30000114	13.85000038	21.29999924	21.29999924	6.316666603	783	125	27	35.92282867	269	122	122	209	4.308333397	14318.75	0.561500013	0.120133407	1.029112697	29.99622917	27.84052658	9	27.72531891	42.27845001	5.876990318	15.7242775	16.29189301	12.8478775	1.825044632	11.11220932	467.1994324	44
4713.830732	49.4112	16.2815	7.395833492	8.241666794	30.07907486	733.8084106	22.5	-4.900000095	27.39999962	16.35000038	-0.300000012	16.35000038	-1.633333325	560	85	26	42.74531555	226	82	226	85	3.858333349	10930.91699	0.642199993	0.082404971	1.400041461	18.05256653	16.11732292	9	44.13959503	37.80783844	5.724782944	10.38245678	11.53142357	0	2.134118557	38.88417053	205.5180206	47
4710.791941	50.3	8.3	8.75	7.916666985	31.92204285	641.312561	22.70000076	-2.099999905	24.80000114	15.21666718	4.516666889	16.79999924	1.050000072	743	74	51	12.37581253	206	162	193	186	3.308333397	10266.58301	0.876999974	0.113839954	1.344890118	24.75255966	18.27942276	9	21.01168823	54.23575211	4.683446884	14.57791328	11.17168331	9.364084244	2.323174238	25.40448761	178.1796112	44
4709.45123	43.28	-6.01	11.50833321	8.716667175	42.31391907	445.1038208	22.79999924	2.200000048	20.59999847	9.333333015	17.04999924	17.28333282	6.450000286	1011	109	48	27.00553894	313	159	161	294	2.816666603	12631	1.00940001	0.110242464	1.060481191	22.55828094	29.43801308	9	38.28411484	39.15760422	6.066919804	12.61171722	16.04106712	57.95852661	5.442886353	15.65913868	114.1166	40
4709.439348	57.7	15.8	6.166666508	8.766666412	31.30952263	705.6729126	22.10000038	-5.900000095	28	15.28333282	0.783333302	15.28333282	-2.066666603	614	78	32	28.41899872	212	101	212	123	2.558333397	9803.083008	0.842499971	0.075857893	1.166951895	7.836787224	10.88101006	12	59.19215393	32.97106171	5.771202564	20.83459091	11.57968044	0.082100853	2.041690111	19.62934494	94.45755768	29
4707.942947	41.33	14.09	14.32499981	9.366666794	35.47979736	625.1272583	28.79999924	2.400000095	26.39999962	11.30000019	19.88333321	22.18333435	7.083333492	875	128	27	40.51016235	333	110	110	263	1.799999952	14750.41699	0.719500005	0.121083193	1.304108024	32.30990219	6.821534157	6	27.86808777	39.82201004	6.484174252	9.465558052	19.35174561	26.40018845	1.432756662	28.40925407	607.6574707	48
4703.348097	42.11	0.6	11.79166698	10.71666622	36.70091248	649.8630371	28.60000038	-0.600000024	29.20000076	13.16666698	5.199999809	20.33333397	4.383333206	708	76	37	22.11083221	214	137	163	152	3.266666651	15277	0.496300012	0.118416108	1.1474365	21.55363846	18.18083572	9	43.48243713	34.96392822	7.286344051	15.84127426	19.43790627	271.8102112	3.114043713	6.352825642	180.9348297	41
4702.773495	41.91	0.17	15.10833359	11.25	37.62541962	676.1617432	31.79999924	1.899999976	29.89999962	16.16666603	23.54999924	23.66666603	7.099999905	453	54	17	27.60040283	140	88	95	97	3.133333206	15194.41699	0.282000005	0.100908086	1.349834204	23.73696518	12.04724789	9	27.81231689	48.45071793	8.098269463	12.15804672	17.85265923	230.6149445	1.510860562	26.8203392	205.6539001	44
4702.454345	48.0683	7.62551	10.32083321	8.574999809	33.10810852	655.2843018	24.79999924	-1.100000024	25.89999962	6.133333206	6.25	18.54999924	2.433333397	1106	114	74	12.53257942	312	242	275	297	2.841666698	11469.25	1.147099972	0.104425065	1.360741138	25.88607788	10.2791357	9	23.18373108	50.93019104	6.707470417	10.49535656	9.568508148	28.12188721	2.83965373	40.03098679	250.7342987	40
4702.277379	42.26	-2.99	7.029166698	9.808333397	37.15277863	600.4901733	22.79999924	-3.599999905	26.39999962	8.316666603	14.84999943	14.84999943	0.333333373	786	92	35	27.6053524	237	124	124	224	3.474999905	14244.08301	0.724900007	0.109842949	0.993690372	21.10267067	22.6020813	5	43.06911469	35.82821655	6.353012562	13.33614731	17.64788818	49.54378891	2.11801362	12.27257538	153.7004242	35
4700.106592	42.72	-3.44	11.63749981	10.4416666	41.43518448	544.0175781	26.20000076	1	25.20000076	6.133333206	18.61666679	18.61666679	5.449999809	692	77	34	25.57678986	212	115	115	193	2.525000095	13569.58301	0.599699974	0.105944484	0.997532308	22.57256508	17.33826447	9	34.38019562	43.04724121	6.626627922	13.66636944	12.10185814	108.4611053	1.662648559	30.39282608	264.9773254	42
4698.634501	36.77	-5.39	12.625	10.14999962	37.31617355	592.642395	28.60000038	1.399999976	27.20000076	7.116666794	20.28333282	20.5	6.033333302	864	129	3	68.61508179	382	27	31	377	3.791666508	17517.5	0.549499989	0.107608482	1.077024341	15.56601715	33.94345856	9	54.08390045	30.3500824	6.320511341	13.34006214	18.24186897	117.3137665	2.938136101	2.008836746	141.2466736	59
4690.216924	62.8815	18.4055	3.720833302	7.425000191	25.8710804	765.0057983	19.39999962	-9.300000191	28.70000076	4.083333492	2.083333254	13.76666641	-5.050000191	707	88	35	28.75358963	241	121	192	153	4.133333206	9046.333008	1.144199967	0.073378257	1.109878778	10.11734009	12.8498621	12	61.84751511	28.03514099	4.417257309	22.94112778	10.24759483	3.081563473	1.817569733	31.15966606	200.9111023	37
4686.545113	57.8009	18.5162	6.866666794	6.233333111	26.19047546	653.0604248	20.39999962	-3.400000095	23.79999924	4.099999905	9.033333778	15.35000038	-0.433333337	569	61	27	25.28763008	177	97	147	127	5.650000095	10392.58301	0.772199988	0.078070424	1.104420424	11.37419701	5.41195488	12	67.29008484	21.33571625	5.428892612	21.07113266	22.99693489	1.963073611	2.658645391	21.85822487	104.2627563	38
4683.335796	48.3	14.45	8.441666603	9.266666412	32.40093231	737.4983521	23.70000076	-4.900000095	28.60000038	17.36666679	0.799999952	17.36666679	-0.76666671	763	106	44	31.23724365	283	142	283	144	1.841666698	10850.83301	0.921400011	0.100266054	1.199316978	15.79251766	13.22265816	9	33.91986084	50.28762054	5.6485672	13.27930546	12.9164629	26.61389732	2.203528643	24.7563324	264.5312805	48
4682.416227	37.07	22.04	17.17499924	10.73333359	40.65656281	601.348877	31.70000076	5.300000191	26.40000153	11.6833334	24.81666756	24.81666756	10.39999962	738	136	6	77.50134277	371	24	24	333	3.591666698	15794.08301	0.47240001	0.087456219	1.42130518	10.68411255	15.89355373	9	60.84474945	28.471138	7.172822952	11.73251534	20.4624424	64.524086	1.631105185	37.1964798	250.2307892	45
4681.351157	42.68	-6.96	10.59166622	10.08333302	40.33333206	539.2749023	25	0	25	5.116666794	17.48333359	17.51666641	4.383333206	1248	164	36	42.57434464	469	133	154	434	3.008333445	13835.5	1.072199941	0.099658087	1.067747712	12.36676407	28.27306938	9	41.00687027	46.62636566	5.448525906	16.03597641	8.146108627	0	2.677355766	20.51617622	98.41915131	28
4678.234864	60.1997	24.5682	4.954166412	6.691666603	22.45525742	823.7095947	20.79999924	-9	29.79999924	10.39999962	3.533333302	15.5	-4.75	656	78	32	29.18146133	217	109	194	144	4.025000095	9358.583008	0.953100026	0.123308688	1.205279589	34.87059402	7.672758102	6	25.57427979	39.55512619	5.951737881	11.42683125	11.79452038	14.34162331	2.071126938	37.93796921	196.3635406	41
4676.672112	62.9513	18.2763	3.404166698	7.991666317	26.46247292	798.1553955	20	-10.19999981	30.20000076	3.666666746	2.049999952	13.8166666	-5.916666508	714	88	37	28.6592865	241	124	198	151	3.700000048	8986.666992	1.102900028	0.076114148	1.160615683	5.77393198	12.85757065	12	75.81234741	18.41371918	4.284169674	25.13546753	7.692864418	3.94068861	1.638143659	28.19322205	161.7186127	36
4675.576474	47.984	10.8719	7.808333397	8.5	32.31939316	681.2616577	22	-4.300000191	26.29999924	16.25	0.683333278	16.25	-0.466666728	1011	129	52	31.82374001	369	167	369	173	2.866666555	11379.08301	1.183899999	0.102342419	1.348537922	22.50582695	14.25989056	9	37.06019592	40.43397522	6.79838419	9.34200573	24.75124359	29.26148796	3.283555746	40.15041351	106.6281586	50
4671.989472	41.62	23.94	9.166666985	10.41666698	35.19144058	726.6402588	25.20000076	-4.400000095	29.60000038	12.73333263	14.61666679	18.03333282	0.249999955	591	64	33	19.10909462	183	113	151	145	2.349999905	13568.25	0.50940001	0.101925485	0.988387644	26.64493179	17.90694809	9	35.12098694	38.23408127	6.551282406	12.43941212	21.54695129	17.22120094	1.385208368	16.10372162	197.4311523	47
4670.632503	41.14	-3.68	10.04166698	9.900000572	35.48387146	652.9960327	26.39999962	-1.5	27.89999962	6.366666794	18.48333359	18.51666641	2.650000095	501	61	19	32.16809082	161	71	79	136	2.758333445	15155.33301	0.396899998	0.088644728	1.408289909	17.93911362	29.08416176	9	46.48643875	35.57444763	7.166785717	11.10986996	22.84046745	149.5713196	2.351918221	21.06246758	245.5705566	52
4668.348505	41.78	2.37	11.63749981	9.058333397	36.23333359	572.133667	25.39999962	0.400000006	25	16.58333397	5.816666603	19.06666756	5.25	820	93	45	21.85926437	244	156	208	166	3.783333302	14851.25	0.66049999	0.105431855	1.054765344	18.18168831	28.46786308	9	32.30989075	49.50842285	6.443839073	13.70571709	15.36201286	69.66291809	2.179033995	32.88808441	209.7235565	43
4667.088999	43.34	-5.84	12.8708334	8.491666794	42.67169189	426.1426086	23.5	3.599999905	19.89999962	11.44999981	18.16666603	18.41666603	8.016666412	952	105	48	26.33346939	284	153	153	272	2.308333397	12387.75	0.956900001	0.110564202	1.015591502	22.42698669	22.48641205	9	42.69104004	34.88197327	5.485313892	11.5885601	12.85555744	13.15999603	3.700107336	35.29666901	89.61006165	41
4667.088209	62.8717	18.3419	3.491666555	7.5	25.95155716	764.6027832	19.29999924	-9.600000381	28.89999962	3.849999905	1.833333254	13.53333378	-5.25	737	91	37	28.68802643	251	127	200	159	4.091666698	9029.75	1.192299962	0.076293007	1.171589851	7.871578217	21.2849884	12	71.90908813	20.21932983	4.477750301	24.04179764	11.09890175	4.859886169	3.579735279	28.26719666	165.3511658	37
4665.964105	51.2	0.4	10.19583321	7.908333302	38.20450974	477.9570923	22.10000038	1.399999976	20.70000076	5.666666508	6.449999809	16.28333282	4.716666698	669	73	42	21.67440033	215	138	141	186	3.950000048	9968.083008	0.848100007	0.096163169	1.243729711	21.60476303	16.99503136	9	34.85578156	43.53945541	6.90551281	9.523988724	17.56606483	32.60712433	1.803288698	44.5043869	236.647171	34
4663.410846	62.9513	18.2763	3.404166698	7.991666317	26.46247292	798.1553955	20	-10.19999981	30.20000076	3.666666746	2.049999952	13.8166666	-5.916666508	714	88	37	28.6592865	241	124	198	151	3.700000048	8986.666992	1.102900028	0.076114148	1.160615683	5.77393198	12.85757065	12	75.81234741	18.41371918	4.284169674	25.13546753	7.692864418	3.94068861	1.638143659	28.19322205	161.7186127	36
4661.979131	54.6	-3.3	7.920833588	6.558333397	37.26325989	425.2617188	17.89999962	0.300000012	17.60000038	3.683333397	9.516666412	13.33333302	2.966666698	1400	156	80	25.39597702	458	244	277	423	4.833333492	8871.916992	2.185800076	0.110663138	1.068919063	19.37482834	18.68632698	9	53.97257996	26.65258789	5.481610775	10.72122097	10.83470535	37.98223877	3.8731637	47.58574295	179.652359	43
4659.493148	42.1	-5.44	12.21249962	11.14166641	38.95687866	621.2967529	28.79999924	0.200000003	28.59999847	5.766666889	20.18333244	20.21666718	5.083333492	537	67	19	33.73524857	185	75	79	174	2.700000048	14850.41699	0.40079999	0.070355304	1.427901626	16.57327271	16.42945671	9	52.59173584	30.83499146	6.917293072	7.471889019	7.613452911	29.44640923	1.304896832	20.16742134	170.6195374	39
4657.684686	57.3263	15.8979	6.375	9.516666412	33.27505875	700.4268188	22.60000038	-6	28.60000038	14.26666737	1.083333254	15.41666698	-1.816666722	560	62	32	21.73464394	180	104	173	118	2.474999905	9833.416992	0.759599984	0.078865007	1.120264053	16.28792191	11.78704166	5	60.46726227	23.24481201	5.06132555	21.42012215	12.91197395	0	2.227679014	19.85678101	101.2026215	34
4656.80379	51.3	0.4	10.07499981	7.733333111	37.90849686	477.8907166	21.79999924	1.399999976	20.39999962	5.533333302	6.333333492	16.18333244	4.633333206	635	68	41	19.00447845	200	132	140	174	4.383333206	9942.75	0.803900003	0.10149911	1.358818889	24.2378521	13.06570053	8	26.03903961	49.72310638	7.086001396	10.32834053	25.29578781	70.52586365	2.91869235	52.03345108	261.9714355	34
4655.413106	42.87	-6.45	10.15416718	9.958333015	39.67463684	554.1802368	24.5	-0.600000024	25.10000038	7.116666794	17.23333359	17.23333359	3.75	1082	136	38	37.39635468	391	134	134	348	2.916666746	13739.75	0.969799995	0.116728015	1.086794734	12.27921295	23.25379181	9	62.04232025	25.6784668	5.870053768	13.50437737	11.9214077	46.64970398	2.702704191	27.27540016	166.5968933	29
4654.106655	50.7224	8.2372	8.337499619	8.441666603	33.4986763	630.3394775	22.5	-2.700000048	25.20000076	1.833333373	4.083333492	16.28333282	0.800000012	867	94	57	13.96021652	257	194	210	240	3.458333254	9999.583008	1.068199992	0.111729831	1.233024478	24.66653442	16.70022583	8	19.00511932	56.32834625	5.8258214	12.78452492	11.86387539	3.20847702	2.318777323	42.87788773	104.4885101	45
4650.519772	52.9	-3.1	8.283333778	7.449999809	39.21052551	424.704895	19.10000038	0.100000001	19	4.433333397	12.25	13.80000019	3.566666603	1013	111	64	19.20115662	319	203	216	283	4.208333492	9621.916992	1.474599957	0.113744348	1.022587061	21.38574028	22.23896027	9	38.11081696	40.50344086	5.678231716	12.09953785	15.98854637	3.145767689	3.00532341	38.12031555	186.8009644	45
4644.553886	42.32	23.1	10.23750019	12.35833263	37.56332397	776.34375	28	-4.900000095	32.90000153	17.83333397	2.066666603	19.66666603	0.599999964	573	66	32	21.44501877	186	110	166	115	2.25	13154.08301	0.492500007	0.092359677	1.378889203	22.08394814	22.06676102	9	42.90061951	35.01543427	6.931129932	13.48923683	24.40913582	57.61463928	1.225836992	11.06802654	161.4938202	55
4640.662695	55.6	13.2	8.129166603	6.308333397	27.30880165	641.062561	21.10000038	-2	23.10000038	8.866666794	2.916666746	16.25	0.716666639	604	64	32	20.67194939	184	112	162	140	3.908333302	9918.666992	0.775600016	0.08337649	1.405866861	15.55336189	8.564590454	12	53.54907227	30.89756775	6.580134869	10.81633854	13.74241352	15.16150856	1.435271978	50.2719841	142.1513062	33
4640.536831	62.8622	18.336	3.629166603	7.491666317	25.92272186	762.5419922	19.39999962	-9.5	28.89999962	4.016666412	1.949999928	13.64999962	-5.099999905	719	89	36	28.60884666	246	125	193	155	4.099999905	9050.083008	1.151299953	0.076635309	1.170562983	7.941580296	14.3880825	12	71.72795105	20.33046722	4.512661934	23.88031769	10.08638668	4.951548576	2.901052952	30.83712959	168.0047455	37
4637.89639	62.8714	18.3447	3.491666555	7.5	25.95155716	764.6027832	19.29999924	-9.600000381	28.89999962	3.849999905	1.833333254	13.53333378	-5.25	737	91	37	28.68802643	251	127	200	159	4.091666698	9029.75	1.192299962	0.076293007	1.171589851	7.871578217	21.2849884	12	71.90908813	20.21932983	4.477750301	24.04179764	11.09890175	4.859886169	3.579735279	28.26719666	165.3511658	37
4635.424859	56.09	13.9	7.158333302	7.400000095	30.57851219	634.1488037	21	-3.200000048	24.20000076	7.699999809	2.200000048	15.25	-0.25	686	70	39	19.85835075	204	128	185	167	3	9813.166992	0.960399985	0.068647921	1.373343587	9.642701149	11.37380314	12	68.98228455	21.37501526	5.128945827	14.35453129	14.33853149	9.338030815	1.996374965	37.65296173	112.1672897	34
4634.931358	46.34	11.29	11.25	9.366666794	31.53759766	767.673584	27	-2.700000048	29.70000076	16.60000038	1.733333349	20.61666679	1.733333349	828	101	35	30.11419296	261	126	260	126	1	12410.33301	0.850300014	0.099276863	1.12125814	17.42496681	31.13807106	9	42.32978058	40.24525452	6.699357033	12.37959957	18.19266319	105.2798996	1.97694838	30.12436295	168.2213898	52
4634.462733	41.5	2.25	14.82499981	9.366666794	37.61713791	564.6177368	28.29999924	3.400000095	24.89999962	15.80000019	22.01666641	22.21666718	8.550000191	680	82	30	25.56455994	226	139	169	147	3.558333397	15034.5	0.485700011	0.110282354	1.100888491	23.27406311	19.27177429	9	37.52395248	39.20198441	6.832163811	12.54813957	14.47713566	142.8941345	1.234829426	35.17703247	395.8641357	42
4632.587892	42.84	-5.12	10.30000019	9.683333397	37.24358749	582.2487793	25.10000038	-0.899999976	26	4.349999905	17.73333359	17.75	3.583333254	685	80	30	29.03682518	223	108	110	210	2.916666746	14069.25	0.581399977	0.106063761	1.245141983	24.34615898	20.07322502	9	35.9037323	39.75010681	6.799523354	11.82240582	13.33596325	2.992810488	1.664387226	12.21118546	156.6955719	35
4629.504806	56.1	13.74	7.099999905	7.349999905	30.24691391	640.6317749	20.89999962	-3.400000095	24.29999924	3.916666746	5.933333397	15.25	-0.400000006	767	79	44	20.25018501	232	145	193	198	2.799999952	9784.416992	1.068799973	0.075360775	1.109084964	11.74979401	14.68470764	12	52.87260437	35.37760162	5.626195908	13.63500118	12.86776161	21.04700851	1.974118114	32.95039749	93.532547	33
4626.768723	48.43	8.79	8.125	9.033333778	34.47837067	654.4237671	22.79999924	-3.400000095	26.19999886	14.64999962	1.283333302	16.31666565	0.299999923	834	92	56	16.34705925	259	177	241	193	2.683333397	11166.41699	1.002699971	0.096134856	1.104388356	24.6961956	8.383262634	3	12.90983582	62.39396667	7.338590145	10.52765751	24.20576668	0	2.115067482	42.57012939	240.7074127	46
4625.272442	39.18	16.26	12.3791666	6.474999905	29.83870888	572.8455811	24.5	2.799999952	21.70000076	10.11666679	19.45000076	19.53333282	5.766666889	942	136	20	52.33644485	380	76	107	354	3.150000095	15127	0.809499979	0.117399588	1.237814903	33.78675079	14.70441341	9	28.80889893	37.40435028	6.406480312	12.60577011	24.10329819	44.19378662	3.010541439	12.64381027	264.1278381	32
4624.456984	40.33	-3.8	14.375	11.26666641	36.69924164	695.999939	32.09999847	1.399999976	30.69999886	10.21666718	23.31666565	23.51666641	6.549999714	413	51	11	39.29879379	147	52	53	120	2.25	15903.41699	0.267399997	0.082032934	1.382082462	24.32721901	17.24967766	9	40.49147034	35.18131256	7.039401531	9.917388916	11.26384354	143.2332611	1.404740572	23.02356339	410.9938965	63
4623.884314	52.6969	10.981	8.854166985	8.091667175	32.49665451	637.5359497	22.89999962	-2	24.89999962	16.81666565	4.366666794	16.81666565	1.216666698	585	63	36	17.83742714	184	120	184	136	3.491666555	9862	0.707700014	0.075919598	1.352727294	8.58551693	10.51171875	12	69.4833374	21.93114471	6.833499432	9.614409447	9.569869995	60.98297882	1.447321177	47.83668518	152.9128723	30
4621.866397	42.13	-6.7	9.904167175	9.941666603	37.80101395	585.1085815	25	-1.299999952	26.29999924	4.099999905	17.45000076	17.45000076	3.25	976	136	28	43.68889999	374	107	107	355	3.533333302	14789.16699	0.794200003	0.091033965	1.158556104	13.81557465	22.34108162	9	51.17420197	35.01022339	6.337501526	12.24568558	11.14555264	0	1.978678346	19.03881836	136.1338654	22
4618.422368	56.7333	-5.98333	8.916666985	3.850000143	29.84496117	351.5183411	16.20000076	3.299999952	12.90000057	5.616666794	9.966667175	13.35000038	4.916666508	2215	267	97	34.29663467	775	322	388	680	6.158333302	8496.666992	2.921000004	0.076206572	1.192828178	3.664246559	10.76276302	9	85.7542038	10.5815506	5.105638027	18.97579765	17.68348312	6.270573616	3.044082403	16.61573792	95.36903381	44
4615.424987	41.43	23.5	11.9333334	10.36666679	33.44086075	770.9124756	28.70000076	-2.299999952	31	7.433333397	20.76666641	21.45000076	2.450000048	505	55	29	19.40590858	148	97	117	126	1.808333278	13926.08301	0.410100013	0.106416963	1.450619698	20.52032661	23.06071663	5	52.10121918	27.37845612	6.440167427	12.4526186	21.86953163	100.9431458	1.297026277	17.42948914	216.298584	36
4613.976327	46.34	11.29	11.25	9.366666794	31.53759766	767.673584	27	-2.700000048	29.70000076	16.60000038	1.733333349	20.61666679	1.733333349	828	101	35	30.11419296	261	126	260	126	1	12410.33301	0.850300014	0.099276863	1.12125814	17.42496681	31.13807106	9	42.32978058	40.24525452	6.699357033	12.37959957	18.19266319	105.2798996	1.97694838	30.12436295	168.2213898	52
4612.781815	39.126899	16.170188	14.40833282	6.650000095	30.930233	552.8062134	26.39999962	4.900000095	21.5	12.41666698	21.13333321	21.39999962	8.050000191	1000	138	20	51.71456909	400	77	110	366	3.224999905	14893.75	0.782599986	0.105675638	0.96346724	22.88102913	23.76228142	9	39.271698	37.84727478	6.97872448	12.2338438	11.07589626	13.81334305	2.197810173	25.91880035	201.7379913	34
4612.705578	41.85	-1.88	10.78333282	11.91666698	40.8105011	613.5342407	28.10000038	-1.100000024	29.20000076	12.14999962	18.81666565	18.81666565	3.933333158	491	65	28	27.09538651	169	91	91	117	3.625	14719.5	0.366100013	0.106750287	1.276586771	27.49030685	14.90622044	9	28.74185181	43.76784134	8.12485981	11.32256603	17.42220688	375.2703247	1.061206818	23.39829445	255.3668671	32
4607.445038	47.984	10.8719	7.808333397	8.5	32.31939316	681.2616577	22	-4.300000191	26.29999924	16.25	0.683333278	16.25	-0.466666728	1011	129	52	31.82374001	369	167	369	173	2.866666555	11379.08301	1.183899999	0.102342419	1.348537922	22.50582695	14.25989056	9	37.06019592	40.43397522	6.79838419	9.34200573	24.75124359	29.26148796	3.283555746	40.15041351	106.6281586	50
4606.719204	42.96	-6.1	8.329166412	10.125	38.06391144	595.2366333	23.89999962	-2.700000048	26.60000038	2.516666651	15.94999981	16.04999924	1.549999952	1120	133	47	32.16730118	387	160	165	361	3.816666603	13867	1.019899964	0.118983001	1.006061792	22.10856819	17.05617905	9	45.82086945	32.07056427	6.886994839	12.25136089	22.03905869	94.75348663	1.960728765	13.39742374	136.6121979	36
4606.468941	56.1	13.74	7.099999905	7.349999905	30.24691391	640.6317749	20.89999962	-3.400000095	24.29999924	3.916666746	5.933333397	15.25	-0.400000006	767	79	44	20.25018501	232	145	193	198	2.799999952	9784.416992	1.068799973	0.075360775	1.109084964	11.74979401	14.68470764	12	52.87260437	35.37760162	5.626195908	13.63500118	12.86776161	21.04700851	1.974118114	32.95039749	93.532547	33
4603.820286	46.36	11.28	11.15000057	9.800000191	32.77592087	762.0814819	27	-2.900000095	29.89999962	20.51666641	1.800000072	20.51666641	1.800000072	799	97	33	31.32765388	257	119	257	119	1.016666651	12412.25	0.809300005	0.102624528	1.157588363	20.26763725	17.01468468	9	40.57906342	39.15329742	6.74727726	12.31131077	26.3205471	37.44922638	2.948513031	26.36223602	165.5933075	52
4600.498146	48.0333	7.7667	10.78333378	8.466667175	32.81653595	660.2662354	25.20000076	-0.600000024	25.80000114	17.45000076	4.066666603	19.08333397	2.849999905	893	97	56	19.78442001	287	169	267	187	2.616666555	11402.5	0.919499993	0.105340116	1.019979477	22.85470963	9.125872612	9	22.35137939	54.79391098	6.463579178	11.77124405	18.44029617	38.3968811	2.711019993	36.57117462	208.2102356	41
4598.636221	55.7706	14.1342	7.429166794	6.941666603	29.66524315	617.9712524	21	-2.400000095	23.39999962	8.100000381	2.416666746	15.40000057	0.383333325	692	71	39	19.05508804	209	133	178	170	4.883333206	9924.833008	0.943199992	0.063249201	1.26929152	1.25124681	10.31648922	12	91.48612213	7.262634277	4.27764225	22.18964386	17.62094116	0	2.316895485	27.60730934	130.5353546	40
4598.255653	56.7	16.5167	7.070833206	7.558333397	29.4098568	665.0579834	21.60000038	-4.099999905	25.70000076	14.91666698	1.616666675	15.69999981	-0.516666651	521	56	31	20.10188866	162	98	151	119	4.808333397	10130	0.698599994	0.07626342	1.133226871	13.52543831	8.333993912	5	61.56747818	24.9070816	6.050233841	13.73910999	12.91362667	13.19333839	2.722232819	27.90097618	96.15818787	29
4595.443602	42.24	-2.62	9.995833397	11.14166641	40.66301727	583.4125977	26	-1.399999976	27.39999962	11.44999981	17.51666641	17.51666641	3.333333492	512	64	25	27.38242912	166	87	87	135	3.200000048	14270.91699	0.430299997	0.105017111	0.998350918	24.40018272	21.00794983	9	41.9980545	33.60176086	6.913899899	12.27709484	18.56023788	89.32382202	1.071674943	16.15625	201.1960602	29
4594.429714	40.71	-3.24	12.80000019	12.30000019	38.8012619	688.1430664	31.29999924	-0.400000006	31.69999886	8.816666603	21.78333282	21.78333282	5.099999905	393	51	11	38.15681076	142	50	50	110	2.441666603	15433.75	0.268000007	0.093189001	1.371154428	23.35718918	17.08220291	6	42.70745468	33.93535614	7.265861511	7.867514133	12.63164711	114.8050232	1.285706043	20.49381447	276.4210815	53
4593.059509	51.1	0.6	9.891666412	7.366666317	36.83333206	475.6136169	21.29999924	1.299999952	20	7.583333492	11.3166666	15.91666603	4.449999809	739	82	46	24.77712822	243	146	151	207	4.166666508	10063	0.971000016	0.097122744	1.069815397	19.83865929	13.68975163	9	27.58625793	52.57508087	5.137814045	18.11048508	16.94691467	0	1.587376356	13.32993507	214.7557373	34
4592.195306	55.6494	13.2147	8.316666603	6.483333588	27.70655251	647.6086426	21.5	-1.899999976	23.39999962	8.966667175	3.116666794	16.54999924	0.816666663	579	62	29	21.52536774	178	104	158	130	3.849999905	9901.833008	0.719600022	0.077971019	1.454403162	14.10340309	6.754612446	12	68.74510956	17.15148926	5.987155914	14.00515938	8.033358574	0	1.90237844	45.52032471	145.2203674	33
4589.880729	42.19	-7.8	12.82499981	10.66666603	43.01075363	500.9831238	27	2.200000048	24.79999924	7.766666889	18.98333359	19.33333397	6.966666698	1724	251	33	49.26459122	683	146	176	664	2.041666746	13750.83301	1.472900033	0.079577185	1.110743403	9.740462303	19.00172997	9	59.14143372	31.11810303	5.982765198	11.57355309	9.395356178	46.5184021	1.535725117	36.36524963	173.0416107	25
4589.020524	48.6	9.22	8.833333015	8.883333206	33.90585327	661.0952759	23.29999924	-2.900000095	26.19999886	15.44999981	1.999999881	17.06666565	0.816666603	739	97	39	28.54665565	260	126	248	133	2.5	11010.16699	0.868600011	0.11235933	1.070735812	27.68370056	19.71954727	3	24.34227753	47.97402191	7.034935951	9.163992882	19.92513466	116.8805923	1.648877382	45.41870117	283.7087097	43
4589.010585	38.26	-5.42	15.00833321	13.23333359	40.8436203	662.8822632	34	1.600000024	32.40000153	8.350000381	23.54999924	23.63333321	7.5	635	101	5	59.35326385	276	36	38	250	3.258333206	16852.58398	0.370999992	0.080184817	1.413954735	16.51919556	24.30572128	9	53.41453552	30.06626892	6.650316238	9.725663185	13.06458664	11.88612366	1.354905844	23.77020264	239.9212952	44
4583.839064	48.54	9.01	8.699999809	8.800000191	33.58778381	660.9841309	23.20000076	-3	26.20000076	15.33333302	1.849999905	16.95000076	0.733333349	764	97	42	25.76944733	262	136	247	144	2.558333397	11061.58301	0.893000007	0.104813471	1.039407372	31.24195862	16.1647892	9	19.67552948	49.0825119	6.621992588	11.16721916	22.46076965	65.79836273	3.325395823	39.17090607	204.2048035	46
4582.108225	39.01	16.47	12.95833302	6.916666508	31.43939209	565.8253784	25.20000076	3.200000048	22	10.83333302	19.93333435	20.06666756	6.466666698	946	135	20	56.39104462	395	68	97	360	2.950000048	15275.75	0.790600002	0.116760723	0.966716588	24.68717194	21.7902317	6	44.39745331	30.91537476	6.36582613	12.82119751	13.77689362	30.26962852	2.491673946	3.224106073	203.5706635	21
4580.416331	40.05	-4.65	15.32083321	11.82499981	38.77049255	658.6676025	32.79999924	2.299999952	30.5	11.41666698	23.75	23.85000038	7.799999714	324	39	8	37.17780685	111	38	42	98	2.075000048	16261.16699	0.210999995	0.089692101	1.39375639	25.43222618	14.77127361	9	44.16440582	30.40336609	7.315599918	9.49629879	14.44628143	51.16235733	1.822327733	26.93456078	338.8003845	30
4580.119831	41.57	24.84	9.662499428	9.591666222	33.5372963	721.6934814	25	-3.599999905	28.60000038	13.19999981	15.08333302	18.48333359	0.849999964	638	68	35	20.47987938	190	117	149	171	2.458333254	13658.66699	0.545599997	0.108658485	1.104418159	15.50550079	23.68335533	9	50.36328506	34.13121033	5.627027512	15.3823595	13.99860191	27.2477684	1.745226622	16.64785004	132.8399048	31
4579.398954	51.9667	5.56667	9.541666985	8.050000191	35.46255493	552.2714844	22.39999962	-0.300000012	22.69999886	4.033333302	5.466666698	16.45000076	2.983333349	810	80	46	15.26672554	231	169	203	205	4.041666508	9780.666992	1.034700036	0.057288557	1.418409944	9.967762947	4.998751163	12	70.91775513	19.11447906	6.102025032	14.56998253	11.25400925	33.25156403	1.794067144	52.07176208	89.50484467	47
4578.470898	40.78	-3.62	12.3791666	11.42500019	37.58223724	679.8276978	30.10000038	-0.300000012	30.39999962	8.416666985	21.18333244	21.26666641	4.733333111	404	48	14	34.40348816	138	57	58	110	2.466666698	15550.25	0.280900002	0.084968559	1.372998357	17.75054359	19.5279274	12	46.87998199	35.36947632	7.237003803	12.36015797	15.33106232	172.2491608	1.335392118	14.90943527	265.0440674	60
4576.67748	42.23	-4.64	11.61666679	11.36666679	39.46759415	620.506897	28.5	-0.300000012	28.79999924	8.033332825	19.56666756	19.58333397	4.5	451	54	18	31.80930901	144	59	81	126	2.733333349	14644.83301	0.345899999	0.092273466	1.354622722	23.98448944	10.80958557	6	35.35725403	40.65825653	7.70063591	7.847532272	13.4717617	62.89258194	1.371942997	15.46837997	197.7199402	30
4575.458877	41.83	25.69	12.53333378	11.44999981	34.69697189	801.8624268	30.39999962	-2.599999905	33	8.016666412	21.71666718	22.41666603	2.683333397	573	65	32	21.39143944	177	102	120	157	2.033333302	13991.5	0.460799992	0.098146811	1.044869065	28.89740181	17.95267487	9	36.62462616	34.47797394	6.549464226	11.50882626	37.08761597	5.818966389	1.245253801	25.6478405	426.2503052	46
4567.682548	41.76	2.69	14.63749981	10.47500038	39.82889938	571.0800171	28.5	2.200000048	26.29999924	15.5666666	21.86666679	21.95000076	8.100000381	756	92	32	24.08665466	241	142	166	178	2.916666746	14662.83301	0.585399985	0.101727366	1.219077229	25.91178513	13.31115246	9	32.36065674	41.72755814	7.029675484	11.84687519	20.34522057	70.99562073	2.028521299	18.40391731	661.135498	48
4566.992355	57.8009	18.5162	6.866666794	6.233333111	26.19047546	653.0604248	20.39999962	-3.400000095	23.79999924	4.099999905	9.033333778	15.35000038	-0.433333337	569	61	27	25.28763008	177	97	147	127	5.650000095	10392.58301	0.772199988	0.078070424	1.104420424	11.37419701	5.41195488	12	67.29008484	21.33571625	5.428892612	21.07113266	22.99693489	1.963073611	2.658645391	21.85822487	104.2627563	38
4566.156542	48.54	9.09	8.766666412	8.866666794	33.71356201	665.5903931	23.39999962	-2.900000095	26.29999924	15.44999981	1.883333325	17.06666565	0.716666698	742	96	40	27.4723587	259	129	246	136	2.516666651	11057.91699	0.869499981	0.106553465	1.126954436	28.82821846	8.965768814	9	30.61359406	40.55818939	6.701809406	11.09160042	23.28340721	55.8779068	2.742160082	33.52114487	235.3909607	45
4564.489598	48.14	9.4	7.795833588	8.625	32.30337143	683.4020996	22.5	-4.199999809	26.70000076	16.21666718	0.633333325	16.21666718	-0.550000012	807	104	46	28.92276192	285	141	285	150	2.5	11114.91699	1.001600027	0.104524612	1.346049905	26.36751747	10.59928799	8	21.84593201	51.78655243	7.244969845	9.592550278	20.36581039	32.88764191	1.816406131	39.68899536	280.1611938	30
4563.82261	50.4	-4.9	10.39166641	5.75	36.85897446	371.1887207	19	3.400000095	15.60000038	7.233333111	13.5	15.16666603	6.333333015	1056	123	60	27.84159851	366	188	222	289	5.566666603	10587.83301	1.358700037	0.0967388	1.042926192	21.60126686	11.55328751	9	39.55083466	38.84790039	5.519815445	14.14374065	14.98484135	7.479747772	2.761478662	45.45023346	193.9339905	36
4563.002085	50.3833	8.0666	9.595832825	8.958333015	34.58816147	640.1365356	24.29999924	-1.600000024	25.89999962	16.18333244	5.383333206	17.70000076	1.916666746	648	69	44	14.68937111	191	137	178	156	2.791666746	10150.08301	0.750100017	0.081129067	1.438897967	18.07374763	10.26551151	9	46.66004944	35.26620483	6.336513042	13.5182209	11.6118784	6.802539825	1.456951976	40.91474533	158.1228027	41
4561.38099	51.2	0.3	10.14166641	7.75	37.99019623	473.203949	21.79999924	1.399999976	20.39999962	5.683333397	6.383333206	16.16666603	4.75	686	75	43	21.99001503	221	141	144	192	3.950000048	9939.083008	0.869099975	0.099518903	1.155023813	27.30315018	23.97092438	9	34.52474213	38.1721077	6.672949791	11.04573059	20.02464104	23.52748108	2.488820076	54.34489441	271.6626587	34
4561.312405	42.35	-3.03	9.920833588	10.45833397	40.07024384	567.6765137	25.10000038	-1	26.10000038	11.30000019	17.23333359	17.23333359	3.483333349	567	65	27	25.24641228	176	97	97	155	2.983333349	14065.25	0.485799998	0.115901001	1.093054652	21.4462204	13.09157562	9	49.9618721	28.59190369	6.466843128	11.63901806	20.26805687	198.7926178	1.645618677	17.19379234	182.9393768	42
4558.459149	55.7708	14.1342	7.429166794	6.941666603	29.66524315	617.9712524	21	-2.400000095	23.39999962	8.100000381	2.416666746	15.40000057	0.383333325	692	71	39	19.05508804	209	133	178	170	4.883333206	9924.833008	0.943199992	0.063249201	1.26929152	1.25124681	10.31648922	12	91.48612213	7.262634277	4.27764225	22.18964386	17.62094116	0	2.316895485	27.60730934	130.5353546	40
4555.775853	48.54	9.02	8.829166412	8.875	33.74524689	661.8206787	23.39999962	-2.900000095	26.29999924	15.48333359	1.983333349	17.08333397	0.849999964	748	96	41	26.74765205	260	132	245	140	2.516666651	11058.91699	0.878600001	0.10846293	1.055772543	20.51738358	12.95934963	9	34.57653046	44.90608597	6.777113438	10.79319	24.43142509	19.51634026	2.853489161	25.35666656	213.6283569	46
4554.7999	42.86	-0.7	7.362500191	9.708333015	36.77399063	595.3460693	23	-3.400000095	26.39999962	1.683333278	15.13333321	15.13333321	0.666666687	1088	113	55	20.34710121	320	193	193	301	3.991666794	13868.58301	1.001799941	0.123462692	0.954210162	29.4112587	34.84467697	9	38.08755875	32.50118256	6.261370659	13.039505	23.37784767	88.54613495	3.730706215	29.89797211	187.5271301	38
4552.630494	50.2	8.5833	9.675000191	7.966666698	31.73970795	655.5479736	23.79999924	-1.299999952	25.09999847	16.33333397	5.483333111	17.93333244	1.816666603	672	69	45	13.56880951	196	141	187	160	2.950000048	10285.41699	0.754000008	0.093940988	1.41298151	24.3505764	7.724425316	9	26.83130646	48.81811523	6.919332504	13.40577507	9.602758408	88.57698059	1.489129543	30.01626015	247.0327759	47
4549.849946	44.5041	11.3396	13.9416666	8.883333206	29.41501045	794.1400146	30.5	0.300000012	30.20000076	14.41666603	4.199999809	23.75	4.199999809	717	82	43	20.70442581	228	149	152	149	1.608333349	13142.5	0.614700019	0.113179713	1.254604578	35.33194733	15.94005108	3	9.611694336	55.05635834	7.355492592	11.70221519	29.12082291	106.6222916	2.11247468	18.6745472	284.1671753	43
4548.783073	50.5	8.5	8.904166222	7.875	31.88259125	643.9066162	22.79999924	-1.899999976	24.69999886	15.46666622	4.733333111	17	1.133333325	708	71	47	12.18543625	195	152	184	177	3.150000095	10176.41699	0.843699992	0.11055512	1.277040839	19.99968338	19.79076958	8	22.83359528	57.16672134	6.799487591	9.878674507	14.53928661	4.578620434	1.903176904	48.94263458	256.5577698	47
4548.751871	48.5167	-4.06667	11.10000038	6.416666508	37.74509811	392.5383606	20.79999924	3.799999952	17	7.566666603	15.98333359	16.13333321	6.700000286	1091	132	49	31.80493355	387	166	193	371	4.949999809	11146.58301	1.305199981	0.091235012	1.409680843	17.33009529	11.28009605	9	22.396698	60.27320862	6.174456596	13.48253155	11.77578449	38.2882576	2.772523642	44.49023438	201.7666626	31
4548.704397	53.2699	-1.64293	8.649999619	7.033333302	36.63194275	454.0774841	19.60000038	0.400000006	19.20000076	4.416666508	12.86666679	14.46666622	3.466666698	887	94	57	15.94135189	271	188	199	249	4.541666508	9359.75	1.250800014	0.108422369	1.010965943	28.63043785	22.42639732	9	36.13809204	35.2314682	5.686490059	12.86541557	9.941419601	21.10831833	3.329601765	34.97309494	151.055954	49
4547.772431	62.8719	18.3422	3.491666555	7.5	25.95155716	764.6027832	19.29999924	-9.600000381	28.89999962	3.849999905	1.833333254	13.53333378	-5.25	737	91	37	28.68802643	251	127	200	159	4.091666698	9029.75	1.192299962	0.076293007	1.171589851	7.871578217	21.2849884	12	71.90908813	20.21932983	4.477750301	24.04179764	11.09890175	4.859886169	3.579735279	28.26719666	165.3511658	37
4546.485014	40.5	-3.96	14.09583282	11.52499962	37.78688431	680.0282593	31.70000076	1.200000048	30.5	10.03333282	22.98333359	22.98333359	6.433333397	374	45	12	35.56547165	128	53	53	105	2.275000095	15860	0.245900005	0.097656086	1.175373793	26.53322411	15.94973183	9	45.05353165	28.41324615	7.254855156	9.202821732	14.7116375	67.4095993	1.348603487	14.68885612	271.7627869	62
4545.773424	62.9622	18.35	3.325000048	7.75	26.27118683	783.8584595	19.60000038	-9.899999619	29.5	3.566666842	1.883333325	13.58333302	-5.733333111	726	89	37	28.48166847	244	125	201	156	3.941666603	8998	1.16170001	0.072715178	1.180881143	7.302974224	11.06334686	12	72.87371063	19.82331848	4.394490719	27.86372566	11.67888069	0	1.808948517	26.5671463	183.4286041	37
4545.097766	41.43	23.65	8.387499809	9.525000572	33.77659607	707.9905396	23.70000076	-4.5	28.20000076	11.8166666	13.76666641	17.01666641	-0.299999952	579	61	32	17.956007	176	113	144	144	2.458333254	13810	0.509299994	0.121288985	1.046282172	17.19635963	26.71631622	6	49.23603821	33.56760406	6.191540718	14.7520752	34.54901505	96.92224884	1.41692102	17.80289078	113.400177	39
4543.60232	56.3333	15.9667	7.229166508	6.558333397	27.78954887	637.1865234	20.60000038	-3	23.60000038	8.100000381	5.300000191	15.46666718	0.049999971	595	62	35	18.18660355	175	114	159	147	4.141666889	10027.75	0.815999985	0.077064872	1.125396967	9.564622879	13.06265163	12	74.05254364	16.38283539	5.389511585	19.78914833	29.2597084	5.772596359	6.656756878	25.63184166	95.00409698	40
4543.076302	45	1.3	12.02916622	9.474999428	38.9917717	552.8704224	25.79999924	1.5	24.29999924	8.866666794	18.98333359	18.98333359	5.583333492	932	92	57	13.18087006	257	199	199	242	2.516666651	12758.16699	0.860099971	0.095728807	1.282502651	22.63682747	16.18852806	9	43.44423676	33.91893768	6.258975506	14.33857727	14.16363811	45.27685928	2.179186583	6.705091953	194.8249512	31
4539.737504	48.45	8.87	8.800000191	9.266666412	34.83709335	659.1523438	23.70000076	-2.900000095	26.60000038	15.40000057	1.933333278	17.01666641	0.849999964	770	93	47	22.24542809	256	146	239	158	2.433333397	11085.58301	0.913900018	0.111493111	1.180222392	20.54134941	16.81923485	3	35.29721832	44.16143036	6.917168617	14.46258831	25.22350502	158.6684723	3.451297283	18.66448212	100.6520386	47
4538.509111	47.43	5.21	10.39166641	8.349999428	32.74509811	645.7618408	24.79999924	-0.699999988	25.5	10.65000057	6.316666603	18.46666718	2.666666746	803	84	53	12.87371159	220	169	197	193	3.158333302	11745.66699	0.833199978	0.116099246	1.131607294	33.31824493	16.41376686	3	7.352981567	59.3287735	7.238060474	9.720931053	23.75378799	63.50163651	1.868719339	51.42193222	334.5342407	28
4535.387645	41.48	-1.63	11.57916641	12.29166698	40.97222137	634.5128784	29.10000038	-0.899999976	30	13.23333359	5.349999905	19.78333282	4.433333397	425	62	26	30.340868	151	80	100	92	3.575000048	15296.66699	0.287200004	0.091870159	1.412350774	19.39229774	24.61274338	9	36.80810547	43.79959869	6.644859791	11.47973728	12.59617043	140.8958435	0.844030142	10.19806194	177.5621796	23
4534.765141	62.9	18.4	3.8125	7.508333206	25.8018322	774.3300171	19.70000076	-9.399999619	29.10000038	4.166666508	2.233333349	13.94999981	-5.099999905	690	86	35	28.94075012	236	119	188	147	4.050000191	9030.833008	1.089300036	0.079619877	1.051274896	12.90118408	12.61903381	12	59.45659637	27.64221954	4.817220211	23.04045105	9.973521233	4.103437901	2.129781961	30.95368004	181.8422241	38
4533.409098	48.57	9.16	8.691666603	8.699999809	33.59073257	659.0483398	23	-2.900000095	25.89999962	15.28333282	1.849999905	16.88333321	0.700000048	737	96	39	27.7284317	257	127	245	134	2.525000095	11066	0.874599993	0.092594229	1.332685471	24.7071991	9.585259438	6	23.43391418	51.85888672	6.621622562	10.71782494	21.66745377	58.10069275	1.997296929	30.45933533	204.1165924	44
4531.241997	57.2608	16.3675	6.533333302	9.199999809	33.21299744	681.4901123	22	-5.699999809	27.70000076	14.34999943	1.200000048	15.38333321	-1.333333373	574	65	36	20.04190063	178	111	171	133	3.816666603	9998.5	0.776600003	0.071435027	1.107679367	14.00303555	10.62168884	5	68.71699524	17.27996826	4.706149101	18.61696434	16.53890991	0	2.463512659	27.54710579	69.58930969	43
4525.567895	50.3058	8.32213	8.912500381	7.841666698	31.61962509	641.1251831	22.79999924	-2	24.79999924	15.41666603	4.699999809	16.95000076	1.200000048	713	70	49	11.90340519	199	155	187	177	3.191666603	10254.66699	0.843299985	0.101860553	1.367040157	24.84096718	10.34733295	9	26.02355957	49.13547516	6.059324741	11.15820694	12.51817226	28.17454338	1.68796885	30.11072731	180.8925934	45
4524.55909	42.31	-3.02	10.25	10.58333302	40.24081039	571.8908081	25.5	-0.800000012	26.29999924	11.73333359	17.56666756	17.56666756	3.716666698	526	61	25	24.97984314	164	90	90	142	2.933333397	14084	0.450700015	0.1115079	1.036241651	19.13352585	17.01357651	9	53.28369141	27.58277893	6.515276909	12.10433197	16.74253082	96.92533875	1.674246788	32.96327591	204.2754364	38
4524.195338	40.5	-3.88	13.91666698	11.33333302	37.28070068	682.3800049	31.5	1.100000024	30.39999962	9.833333015	22.86666679	22.86666679	6.25	396	48	12	36.9487381	138	54	54	113	2.291666746	15857.75	0.260699987	0.083273284	1.391126633	23.8387661	16.53305435	9	38.53601837	37.62521362	7.498783112	9.310400009	13.38661385	93.72293854	1.369140744	18.28702736	243.4618378	63
4523.810442	50.5	9.5	7.800000191	8	31.87251091	651.5855103	21.79999924	-3.299999952	25.09999847	1.033333302	7.383333683	15.95000076	-0.049999971	936	101	59	14.5632143	272	202	230	259	3.483333349	10279.83301	1.171800017	0.107892945	1.329384327	16.71953011	14.30305481	9	43.9480896	39.3323822	5.541885853	12.90059471	7.964417934	10.94957542	3.021665096	32.28037262	167.447937	42
4523.343857	40.4	-3.88	14.28750038	11.35833359	37.24043655	687.7734985	31.89999962	1.399999976	30.5	10.16666698	23.13333321	23.31666756	6.566666603	394	48	11	38.09845352	137	51	52	114	2.258333445	15912	0.256300002	0.08573211	1.371361017	23.13617516	13.23375607	9	38.77928925	38.08453369	7.581245899	10.29811573	18.65744781	98.12315369	1.281458616	4.819803238	389.5068665	63
4523.173128	46.51	11.33	9.995833397	10.07499981	34.74137878	721.949585	25.60000038	-3.400000095	29	18.98333359	1.333333254	18.98333359	1.333333254	721	90	28	37.282547	261	97	261	97	1.149999976	12427.58301	0.73180002	0.100158982	1.07184124	13.546278	28.43967438	9	55.53240204	30.92131805	6.747423172	14.67739773	22.1017971	54.48265457	1.667466044	37.54443741	180.9614868	54
4523.16953	37.3	15	17.22916603	9.225000381	37.9629631	574.3670654	30.5	6.199999809	24.29999924	15.25	24.31666565	24.58333397	10.83333302	489	85	3	71.23026276	234	20	48	186	3.116666794	16425.58398	0.332700014	0.114723228	0.899987161	32.60241699	11.48248386	3	31.48789978	35.90968323	8.173201561	10.00914478	20.7245903	190.668457	1.476558566	22.31735992	279.5227661	56
4522.124547	38.86	-3.16	14.5583334	13.83333302	39.86551285	746.2172241	34.90000153	0.200000003	34.70000076	9.983333588	24.13333321	24.41666603	6.25	422	57	7	44.72140121	154	38	43	139	2.841666698	16494.75	0.249400005	0.082629509	1.410563946	16.7778759	22.64102554	9	40.95314789	42.2689743	6.804321766	9.836679459	12.91643238	38.17710114	1.352712274	17.23711967	323.3529663	40
4521.27763	56.06	14.29	7.425000191	7.600000381	31.2757206	637.5788574	21.5	-2.799999952	24.29999924	14.78333378	2.416666508	15.60000038	0.049999993	575	60	32	20.48856544	173	104	167	125	4.300000191	9883.083008	0.784300029	0.071636371	1.522172213	6.884860992	8.382564545	12	74.22499084	18.89015198	5.968779564	12.10207176	10.55120087	26.39396667	1.714125752	40.81027603	104.6217575	36
4513.790113	47.4	0.683333	11.82916641	8.824999809	37.87553787	557.5410767	25.5	2.200000048	23.29999924	6.050000191	18.91666603	18.91666603	5.349999905	661	67	38	14.92703533	191	134	134	188	3.983333349	11783.83301	0.631299973	0.081046745	1.351483941	22.40176582	15.14974403	9	51.225914	26.37232208	7.186786175	13.59595776	14.53087616	56.83533859	1.240112185	36.84405136	226.2048645	38
4510.40838	41.83	-5.38	12.14166641	11.10000038	39.08450699	618.2484131	28.70000076	0.300000012	28.40000153	5.783333302	20.14999962	20.14999962	5.083333492	516	65	17	35.36861801	179	67	67	169	2.775000095	15199.66699	0.377999991	0.08476916	1.381738186	16.78561783	16.00237274	12	48.73073196	34.48365021	7.024517536	7.807253361	9.874387741	35.16442108	1.069547057	10.12922859	129.5604858	47
4510.312897	40.74	-3.9	11.02916622	9.391666412	34.15151596	663.8231201	26.89999962	-0.600000024	27.5	7.266666412	19.64999962	19.71666718	3.600000143	487	61	18	34.76530075	162	68	73	131	2.583333254	15634.25	0.361499995	0.091617323	1.122987509	15.05990601	27.78396988	12	46.61672211	38.32337189	6.583498001	12.75026321	11.56987381	65.05721283	1.147256017	21.82962608	150.7879181	62
4508.209644	41	-4.71	11.63333321	11.89999962	40.20270157	632.4279785	29	-0.600000024	29.60000038	7.883333206	19.63333321	19.81666565	4.433333397	376	46	13	32.6333847	120	59	63	102	2.683333397	15586.66699	0.274399996	0.06267076	1.19730413	7.215022564	24.45393181	12	71.42651367	21.3584671	6.82344389	13.51988411	6.780015469	35.76622391	0.961916268	13.74158001	154.9284668	55
4504.00267	38.07	-6.66	15.02916718	12.20833302	40.83054733	616.4725952	32.70000076	2.799999952	29.90000153	9.033333778	22.95000076	23.13333321	8.116666794	658	106	5	60.82764053	289	35	37	267	3.291666746	17298.75	0.387300014	0.089728646	1.441112995	16.8823204	21.52035332	9	42.37786865	40.73981094	6.942687511	11.21454811	22.03471947	144.3794556	4.204695225	19.32293701	375.3371277	45
4502.746128	50.3	5.3	9.324999809	7.533333302	32.89665222	573.7496338	22.10000038	-0.800000012	22.89999962	16.48333359	5.283333302	16.48333359	2.433333397	859	84	59	10.31763077	239	191	239	199	3.566666603	10194.08301	1.052399993	0.109306969	0.97377634	21.70477867	14.3627758	8	22.05232239	56.24289703	5.926242352	10.22055817	14.5596323	0	2.813414097	44.39431	200.6349792	43
4502.190694	56.4	-5.2	8.395833015	5.891666889	37.28902817	389.1217346	17.20000076	1.399999976	15.80000114	4.633333206	9.800000191	13.30000019	3.933333397	1621	188	78	30.53637123	547	250	309	490	5.508333206	8384.166992	2.33859992	0.080387428	1.141479015	12.87502384	12.82446384	9	63.29649734	23.82847595	5.511312485	14.51967335	15.22099686	0	4.483271122	19.93100357	173.4147491	43
4501.006102	39.88	-0.36	12.625	12.48333359	41.89038086	624.5307617	29.70000076	-0.100000001	29.80000114	14.11666679	6.5	20.78333282	5.716666698	447	56	22	29.41242409	143	82	92	91	3.008333445	15959.41699	0.31220001	0.109074041	1.140758038	29.28417206	24.49658394	9	30.68360901	40.03221893	6.535092831	12.70246696	15.71392536	78.0643158	1.953431249	21.89687157	169.7401428	39
4498.756879	57.8009	18.5162	6.866666794	6.233333111	26.19047546	653.0604248	20.39999962	-3.400000095	23.79999924	4.099999905	9.033333778	15.35000038	-0.433333337	569	61	27	25.28763008	177	97	147	127	5.650000095	10392.58301	0.772199988	0.078070424	1.104420424	11.37419701	5.41195488	12	67.29008484	21.33571625	5.428892612	21.07113266	22.99693489	1.963073611	2.658645391	21.85822487	104.2627563	38
4498.570336	43.4	-7.39	12.33333302	8.866666794	45.70447159	393.419342	23.29999924	3.900000095	19.39999962	8.633333206	17.16666603	17.5	7.900000095	1269	163	40	38.51457596	455	143	174	437	3.275000095	12475.75	1.260699987	0.095060118	1.105510116	11.70144176	27.34276962	9	49.55017853	38.74837875	5.426218033	13.58793736	12.28244686	0	2.563847065	24.11767006	123.0301132	16
4495.895454	49.3853	16.2544	7.387500286	8.375	30.34420395	734.7761841	22.60000038	-5	27.60000038	16.35000038	-0.333333343	16.35000038	-1.666666627	560	84	26	42.10400391	225	82	225	85	3.849999905	10941.25	0.640100002	0.082091711	1.441226125	20.07265663	18.32217026	9	41.8339386	38.09340668	5.974895	10.42246342	10.01639652	0	1.628341079	37.95294189	178.3940735	47
4491.414158	48.43	8.79	8.125	9.033333778	34.47837067	654.4237671	22.79999924	-3.400000095	26.19999886	14.64999962	1.283333302	16.31666565	0.299999923	834	92	56	16.34705925	259	177	241	193	2.683333397	11166.41699	1.002699971	0.096134856	1.104388356	24.6961956	8.383262634	3	12.90983582	62.39396667	7.338590145	10.52765751	24.20576668	0	2.115067482	42.57012939	240.7074127	46
4488.659764	37.69	14.98	9.266666412	7.666666508	31.29251671	632.348938	23.29999924	-1.200000048	24.5	3.733333349	17.33333397	17.33333397	2.25	738	107	13	52.08105469	293	52	52	279	3.991666794	15740.66699	0.596800029	0.119082384	1.063395977	24.59794998	27.80852699	8	37.58238602	37.819664	6.285789013	13.20221806	18.14866638	36.03741074	2.321032524	17.24037933	200.0883026	65
4488.611975	38.76	16.24	17.15416718	7.108333111	32.01951981	553.1375732	29.5	7.300000191	22.20000076	15.26666641	23.95000076	24.25	10.91666698	919	131	16	58.84992599	387	58	94	350	3.158333302	15488.08301	0.640600026	0.110458955	1.16842103	19.13552475	22.40029907	9	52.08270264	28.7817688	6.854764938	10.8532362	18.8166008	103.5583801	2.068872452	17.59309578	239.4563446	35
4483.79757	40.28	15.65	13.8125	7.691666603	31.78374672	618.3450317	27.29999924	3.099999905	24.19999886	11.01666641	21.60000038	21.60000038	6.650000095	798	106	21	41.70933151	295	84	84	262	2.933333397	14773	0.640200019	0.115896441	0.98720783	27.94927406	7.94720459	6	30.73989105	41.31083679	7.101005554	9.962575912	18.23855591	0	1.696896315	17.72204399	502.6025085	48
4483.677449	50.68	3.52	10.15833378	7.583333492	34.15916061	547.119873	22.89999962	0.699999988	22.19999886	7.133333206	6.216666698	16.98333359	3.666666746	771	78	48	14.2892313	222	162	198	182	3.941666603	10189	0.920899987	0.072762914	1.439767957	13.14141655	5.82024622	8	21.85234833	65.00623322	6.203155994	11.78099537	7.6450634	1.362831116	1.860575557	46.69078064	205.5092621	37
4482.533915	41.62	25.35	12.0041666	10.72500038	33.93987274	775.4308472	29	-2.599999905	31.60000038	7.699999809	20.95000076	21.54999924	2.566666603	591	73	29	25.05947495	188	97	120	171	2.116666555	13969.5	0.481900007	0.096471362	1.083086729	19.7761898	25.55399513	9	49.88579559	30.3380127	6.778843403	12.81492901	27.50164032	72.67344666	1.338049889	19.88705444	249.2770844	40
4478.305213	41.58	-4.71	12.32083321	11.82499981	39.81481552	639.0065308	29.70000076	0	29.70000076	5.566666603	20.41666794	20.5	4.933333397	424	50	17	32.69923019	140	64	71	123	2.716666698	15195.16699	0.308099985	0.080374219	1.049440861	11.63712883	21.8998642	9	64.82460022	23.53826904	7.454166412	10.16571999	12.63842201	16.57117081	1.160976052	24.0882225	244.8742065	39
4472.290929	55.7683	14.1386	7.429166794	6.941666603	29.66524315	617.9712524	21	-2.400000095	23.39999962	8.100000381	2.416666746	15.40000057	0.383333325	692	71	39	19.05508804	209	133	178	170	4.883333206	9924.833008	0.943199992	0.063249201	1.238641858	1.25124681	13.88807297	11	91.48612213	7.262634277	4.333413601	17.42000389	15.51086617	0	2.269230843	32.85057449	113.1739502	40
4469.752822	40.52	-4.02	13.30416679	10.875	36.73986435	676.3654785	30.5	0.899999976	29.60000038	9.316666603	22.03333282	22.18333435	5.75	392	49	13	35.24378204	132	55	58	107	2.349999905	15868.08301	0.263300002	0.079749644	1.10085845	17.44845009	26.60750008	12	46.99058533	35.56096649	6.977073669	10.6662674	10.43415356	41.36661911	1.620899796	30.38826942	310.9012146	60
4457.38458	62.8717	18.3436	3.491666555	7.5	25.95155716	764.6027832	19.29999924	-9.600000381	28.89999962	3.849999905	1.833333254	13.53333378	-5.25	737	91	37	28.68802643	251	127	200	159	4.091666698	9029.75	1.192299962	0.076293007	1.171589851	7.871578217	21.2849884	12	71.90908813	20.21932983	4.477750301	24.04179764	11.09890175	4.859886169	3.579735279	28.26719666	165.3511658	37
4454.098302	52.0333	5.55	9.929166794	8.358333588	36.02729797	564.2713013	23.10000038	-0.100000001	23.20000076	4.233333111	5.866666317	16.98333359	3.200000048	811	80	46	15.15865898	233	169	204	206	4.025000095	9710.833008	0.98119998	0.07043045	1.13488996	12.10007954	7.115719318	12	64.6127243	23.2871933	6.294029713	15.2309866	6.537839413	31.88032341	1.669222355	52.00680542	123.346962	47
4452.484867	41.34	0.99	10.97916698	10.65833378	37.79550934	628.4557495	27.10000038	-1.100000024	28.20000076	11.94999981	19.03333282	19.14999962	3.900000095	679	78	28	25.37702179	208	135	138	149	3.533333302	15525.33301	0.511500001	0.134032324	1.1223737	24.88498688	20.26702499	9	36.8857193	38.22929382	6.284361839	13.91128635	18.69761467	72.37692261	1.266549706	14.05279446	167.9068909	45
4452.210381	57.2608	16.3675	6.533333302	9.199999809	33.21299744	681.4901123	22	-5.699999809	27.70000076	14.34999943	1.200000048	15.38333321	-1.333333373	574	65	36	20.04190063	178	111	171	133	3.816666603	9998.5	0.776600003	0.071435027	1.107679367	14.00303555	10.62168884	5	68.71699524	17.27996826	4.706149101	18.61696434	16.53890991	0	2.463512659	27.54710579	69.58930969	43
4450.450085	40.37	-5.74	10.49166679	9.366666794	36.0256424	596.7747803	25.60000038	-0.400000006	26	4.716666698	18.33333397	18.33333397	3.816666603	793	112	15	47.88977051	307	68	68	297	3.325000048	16250.25	0.584699988	0.101281047	1.060017943	19.03050041	17.18833733	9	42.6053009	38.36419678	6.196676731	10.85272884	17.09999084	27.29782867	1.114964724	15.46187115	135.526886	14
4450.152939	40.71	-5.04	10.8083334	10.71666718	36.95402145	646.6411133	28.10000038	-0.899999976	29	7.099999905	19.23333359	19.26666641	3.650000095	469	54	16	33.68123245	154	64	74	135	2.983333349	15854.08301	0.3398	0.105184123	1.387508273	22.73504448	27.51184845	9	48.1368866	29.12806702	6.430806637	10.62238884	10.94987679	86.5225296	2.417866945	33.94382858	251.4841309	40
4448.517443	47	15.5	9.041666985	9.733333588	32.01754379	778.5325317	24.79999924	-5.599999905	30.39999962	18.41666603	-0.766666591	18.41666603	-0.766666591	841	122	25	47.67466736	355	97	355	97	1.766666651	11590.5	0.935699999	0.095919132	1.283595562	17.7629528	13.6844635	8	42.33211517	39.90493011	7.030344486	9.776987076	12.88587666	9.012620926	1.628978133	37.09595871	255.1627502	51
4444.413704	56.06	13.97	7.212500095	7.408333302	30.86805534	627.4013062	21.10000038	-2.900000095	24	7.800000191	2.283333302	15.23333359	-0.083333373	679	67	40	18.62249184	199	128	187	162	3.191666603	9863.5	0.950100005	0.069964543	1.392862916	7.910861969	13.57974815	12	74.94384766	17.14529419	4.835478783	14.09511852	14.88817787	9.826323509	2.449366093	44.61601639	113.0771866	35
4444.244161	48.5167	-4.06667	11.10000038	6.416666508	37.74509811	392.5383606	20.79999924	3.799999952	17	7.566666603	15.98333359	16.13333321	6.700000286	1091	132	49	31.80493355	387	166	193	371	4.949999809	11146.58301	1.305199981	0.091235012	1.409680843	17.33009529	11.28009605	9	22.396698	60.27320862	6.174456596	13.48253155	11.77578449	38.2882576	2.772523642	44.49023438	201.7666626	31
4442.322012	46.34	11.29	11.25	9.366666794	31.53759766	767.673584	27	-2.700000048	29.70000076	16.60000038	1.733333349	20.61666679	1.733333349	828	101	35	30.11419296	261	126	260	126	1	12410.33301	0.850300014	0.099276863	1.12125814	17.42496681	31.13807106	9	42.32978058	40.24525452	6.699357033	12.37959957	18.19266319	105.2798996	1.97694838	30.12436295	168.2213898	52
4439.232377	40.83	-2	11	13.4333334	42.645504	643.9403076	29.29999924	-2.200000048	31.5	7.299999714	19.26666641	19.39999962	3.816666603	518	63	19	33.41352081	174	78	81	138	2.791666746	15557	0.361200005	0.08839304	1.190946937	13.39932537	27.99875832	9	53.98464584	32.61602783	6.640407562	13.95677853	11.3243494	60.29060364	1.346234322	26.63931084	220.1451111	52
4439.096092	41.78	2.57	13.97916698	9.925000191	38.76953125	563.4006348	27.60000038	2	25.60000038	14.90000057	21.14999962	21.23333359	7.599999905	808	94	37	22.64821053	256	155	185	184	2.950000048	14656.41699	0.636500001	0.093352608	0.988490105	19.73683548	26.25016594	9	43.81225204	36.45091248	6.486895561	13.84996891	11.69280243	183.7019196	3.17564559	14.00400639	279.6945801	47
4438.41405	54.8	-2.4333	7.087500095	7.058333397	37.94802856	435.2539673	17.79999924	-0.800000012	18.59999847	2.916666746	8.533332825	12.6833334	2.100000143	1281	142	77	23.14990997	418	233	262	381	5.224999905	8937	1.999199986	0.108768791	1.05653441	20.6652832	26.32024765	9	48.14751816	31.18719482	5.527694702	10.95245934	11.62817955	0	3.017148495	35.61048508	243.1672516	45
4434.946492	50.3833	8.0666	9.595832825	8.958333015	34.58816147	640.1365356	24.29999924	-1.600000024	25.89999962	16.18333244	5.383333206	17.70000076	1.916666746	648	69	44	14.68937111	191	137	178	156	2.791666746	10150.08301	0.750100017	0.081129067	1.438897967	18.07374763	10.26551151	9	46.66004944	35.26620483	6.336513042	13.5182209	11.6118784	6.802539825	1.456951976	40.91474533	158.1228027	41
4433.608886	48.47	18.94	7.541666985	10.1833334	33.27886581	774.5316162	24.10000038	-6.5	30.60000038	15.53333378	-0.666666746	16.93333435	-2.150000095	740	87	41	22.46785927	235	130	232	144	2.716666698	11384.33301	0.818000019	0.099446937	0.989718795	27.32918358	15.66406631	9	17.75417328	54.91664124	5.918442726	11.49201202	21.73267746	4.608356476	2.178308725	27.06161308	190.1334686	56
4431.916781	41.94	2.64	13.70416641	10.17500019	38.98467255	570.2728882	27.60000038	1.5	26.10000038	14.5666666	20.96666718	21.01666641	7.233333111	786	89	38	21.83395386	240	159	177	178	2.849999905	14585.33301	0.618300021	0.10013371	0.98569417	20.76499367	21.95467186	9	42.59981537	36.63519287	6.963792324	14.70974445	10.2708149	125.6371307	1.624960184	13.58027554	293.2932434	47
4430.810727	56.1	13.74	7.099999905	7.349999905	30.24691391	640.6317749	20.89999962	-3.400000095	24.29999924	3.916666746	5.933333397	15.25	-0.400000006	767	79	44	20.25018501	232	145	193	198	2.799999952	9784.416992	1.068799973	0.075360775	1.109084964	11.74979401	14.68470764	12	52.87260437	35.37760162	5.626195908	13.63500118	12.86776161	21.04700851	1.974118114	32.95039749	93.532547	33
4428.898718	43.33	-5.91	13.1875	8.441666603	43.51374817	408.618103	23.39999962	4	19.39999962	11.25	18.21666718	18.48333359	8.483333588	948	103	47	27.85412407	294	145	149	274	2.116666555	12348.5	0.973200023	0.106589332	1.032327771	22.55953026	29.51172256	9	39.79289246	37.64757538	6.657614708	11.92529011	18.39689064	82.84268951	3.048531294	21.53924561	105.8262711	40
4427.234557	40.38	-4.21	14.01249981	11.1916666	37.05849838	679.4152832	31.5	1.299999952	30.20000076	9.966666222	22.76666641	22.93333435	6.400000095	358	44	12	34.42988968	119	51	55	96	2.266666651	15944.91699	0.236499995	0.092373818	1.037867427	20.64060211	19.28795242	12	53.15117645	26.20822144	7.134763241	10.36663437	12.3915329	58.40919876	1.194872618	20.68923759	397.9784851	49
4421.682186	48.5	-1.41	11.38749981	7.675000191	37.80788422	475.2947693	22.89999962	2.599999905	20.29999924	9.033333778	17.29999924	17.29999924	5.833333492	721	81	44	20.16500092	229	137	137	200	4.858333588	11453.75	0.788399994	0.096660435	1.369221807	25.51895714	14.66196346	8	17.59528351	56.88575745	5.646157742	10.18681908	9.127002716	21.95392799	2.590861797	42.69155121	208.5500336	36
4418.536265	42.28	-5.92	11.7541666	11.35833359	39.16666412	624.4287109	28.60000038	-0.400000006	29	5.316666603	19.85000038	19.85000038	4.616666794	716	93	25	36.92744827	258	93	93	244	2.75	14735.66699	0.541599989	0.074762359	1.452174664	15.71209908	16.75694084	9	45.40498352	38.88291931	6.286214352	9.874199867	6.572494984	0	1.283540606	15.78946877	131.6754456	37
4416.918797	40.11	-5.77	13.44999981	10.30000019	38.28996277	594.7612305	28.60000038	1.700000048	26.89999962	7.449999809	21.18333244	21.18333244	6.699999809	598	81	9	47.61995697	228	49	49	221	2.650000095	16323.5	0.407299995	0.082813941	1.101839304	16.57375717	28.63875198	9	52.35018921	31.0760498	6.68028307	12.63050556	11.74942589	19.14647293	1.434956908	26.95700455	290.1921387	28
4412.696494	55.7708	14.1331	7.408333302	6.950000286	29.57446861	621.0066528	21	-2.5	23.5	4.400000095	2.383333445	15.40000057	0.300000042	696	71	40	18.85993576	210	135	179	171	4.816666603	9921.583008	0.949299991	0.067773469	1.26929152	1.25124681	10.31648922	12	91.48612213	7.262634277	4.27764225	22.18964386	17.62094116	0	2.316895485	27.60730934	130.5353546	40
4412.247657	38.54	-3.39	14.39583302	13.79166698	39.74543762	742.1297607	34.79999924	0.100000001	34.70000076	9.899999619	23.94999886	24.18333244	6.116666794	439	60	6	46.53669357	161	36	41	149	2.883333206	16583.33398	0.260100007	0.089661352	1.432553649	27.57509041	28.38238525	9	42.07902527	30.34588623	7.110969067	9.038566589	13.864007	44.28878021	1.368996859	16.20935822	336.2760315	46
4405.243791	48.42	8.76	8.583333015	9.366666794	35.08114624	658.4946289	23.60000038	-3.099999905	26.70000076	15.19999981	1.716666698	16.81666565	0.650000036	812	91	54	16.77010345	253	170	237	186	2.508333445	11130.33301	0.966199994	0.10045284	1.166089058	20.53916931	20.72486115	9	30.01928711	49.44154358	7.089549065	13.90635395	25.29785347	165.6564789	4.00635767	17.1858654	141.1655579	46
4401.371746	56.1	13.74	7.099999905	7.349999905	30.24691391	640.6317749	20.89999962	-3.400000095	24.29999924	3.916666746	5.933333397	15.25	-0.400000006	767	79	44	20.25018501	232	145	193	198	2.799999952	9784.416992	1.068799973	0.075360775	1.109084964	11.74979401	14.68470764	12	52.87260437	35.37760162	5.626195908	13.63500118	12.86776161	21.04700851	1.974118114	32.95039749	93.532547	33
4400.673985	48.43	8.82	8.216666222	9.133333206	34.59595871	657.1817627	23	-3.400000095	26.39999962	14.76666641	1.349999905	16.43333244	0.333333284	824	95	54	18.79862976	264	167	246	181	2.625	11134.83301	0.985800028	0.10340938	1.145357728	29.56664467	13.82374573	8	12.89593506	57.53742218	6.927029133	9.657533646	18.91716385	46.66584778	2.671047211	39.5741806	211.9583435	47
4400.32119	37.94	-5.6	14.20416641	11.82499981	39.54849243	629.0305176	31.70000076	1.799999952	29.90000153	8.050000191	22.29999924	22.46666718	7.116666794	694	111	4	61.88476944	305	33	35	282	3.433333397	17152.58398	0.41839999	0.100450695	1.401506066	12.8404808	20.19217682	9	53.14083862	34.01867676	5.699280739	14.83488178	10.9311533	62.10458755	1.078280687	1.448345304	412.5666504	30
4399.618695	42.54	0.84	7.120833397	10.40833378	37.17261887	631.4609985	23.10000038	-4.900000095	28	8.399999619	0.516666651	15.3166666	-0.049999993	1094	118	66	16.67329788	309	238	239	253	4.333333492	14653.66699	0.981899977	0.128414422	1.090432763	25.8884449	23.96546936	9	32.96533203	41.14622498	6.06819582	14.5600605	17.32042313	45.62072754	2.074235916	26.48077393	200.3370209	42
4399.275846	51	-3.1	10.57499981	7.433333397	38.71527863	436.5802002	21.60000038	2.400000095	19.20000076	6.599999905	11.80000019	16.23333359	5.699999809	910	99	53	21.41371536	292	170	195	265	4.050000191	10324.66699	1.089300036	0.096298404	1.370553374	21.37207985	13.95600605	9	48.81056976	29.81735229	6.871966839	11.24553013	23.25384331	64.05084991	2.585774422	49.98051834	241.6079865	39
4397.104357	48.54	9.09	8.766666412	8.866666794	33.71356201	665.5903931	23.39999962	-2.900000095	26.29999924	15.44999981	1.883333325	17.06666565	0.716666698	742	96	40	27.4723587	259	129	246	136	2.516666651	11057.91699	0.869499981	0.106553465	1.126954436	28.82821846	8.965768814	9	30.61359406	40.55818939	6.701809406	11.09160042	23.28340721	55.8779068	2.742160082	33.52114487	235.3909607	45
4393.937201	40.29	-6.67	11.72083378	8.741666794	36.88467026	546.6196289	25.20000076	1.5	23.70000076	6.466666698	18.93333435	18.93333435	5.583333492	935	140	12	55.08192062	389	66	66	374	3.375	16232.25	0.678900003	0.080826558	1.133229613	13.36323166	24.08160019	12	52.85031509	33.78645325	5.906779766	12.00122166	10.48680496	15.49163437	1.322144628	0.641176701	380.2800293	24
4391.860849	37.94	-5.45	15.88333321	12.59999943	41.31147766	624.6647339	33.59999847	3.099999905	30.49999809	9.683333397	23.88333321	24.04999924	8.800000191	602	99	3	63.54774857	269	26	30	242	3.216666698	17079.25	0.34709999	0.093745038	1.409758329	20.43177795	12.86613274	9	35.89416504	43.67405701	6.490988255	9.015005112	15.36794853	20.46889687	1.787338972	11.3855629	188.0808868	34
4389.986126	48.3	14.45	8.441666603	9.266666412	32.40093231	737.4983521	23.70000076	-4.900000095	28.60000038	17.36666679	0.799999952	17.36666679	-0.76666671	763	106	44	31.23724365	283	142	283	144	1.841666698	10850.83301	0.921400011	0.100266054	1.199316978	15.79251766	13.22265816	9	33.91986084	50.28762054	5.6485672	13.27930546	12.9164629	26.61389732	2.203528643	24.7563324	264.5312805	48
4388.546797	48.41	8.85	8.412500381	9.308333397	34.99373627	660.3687744	23.29999924	-3.299999952	26.59999847	15.01666641	1.51666677	16.64999962	0.466666698	795	94	50	21.03994942	261	154	246	166	2.533333302	11127.25	0.948199987	0.10695456	1.261379004	30.55625343	9.374940872	3	10.27741241	59.16633606	7.135265827	10.29329395	19.20066071	29.38163567	1.700058341	29.10998726	279.4292297	46
4387.576999	42.49	-6.71	12.02916718	10.50833321	39.06443787	582.1217651	27.60000038	0.699999988	26.89999962	8.550000191	19.5	19.5	5.233333588	1010	136	27	44.60950089	393	106	106	351	2.341666698	14174.66699	0.822000027	0.109365366	0.982380271	20.0255661	22.69556427	9	46.83781433	33.13661957	6.242226124	11.64346886	8.885010719	53.86323929	1.650326967	32.41306305	154.449295	27
4386.317311	48.56	9.11	8.433333397	8.516666412	33.13877869	655.1937256	22.60000038	-3.099999905	25.70000076	14.98333359	1.616666675	16.58333397	0.516666651	765	97	42	25.96102715	262	135	250	144	2.625	11093.75	0.917999983	0.104593866	1.301820874	27.52723885	14.36542225	9	14.13397217	58.33879089	6.418284416	10.48014164	24.21553802	44.49957275	2.408252239	33.96374512	269.8179932	45
4381.569449	42.5	-6.15	10.1875	10.92500019	38.87900162	611.0465088	26.60000038	-1.5	28.10000038	4.099999905	18.14999962	18.14999962	3.299999952	932	118	36	35.58634186	333	125	125	311	3.091666698	14468.33301	0.760999978	0.091002718	1.075720429	10.36124992	17.8862896	9	54.02399445	35.61475372	5.752028465	10.92053986	9.692530632	0	2.213686705	15.76731777	149.1888275	15
4376.696749	42.8	-5.77	9.920833588	10.47500038	38.36996078	601.6396484	25.70000076	-1.600000024	27.30000114	3.866666794	17.70000076	17.70000076	3.066666603	847	101	37	30.13566399	288	129	129	270	3.183333397	14228.08301	0.7051	0.100153446	1.010671616	18.95531273	20.67322731	9	50.37425995	30.67042542	6.153409481	11.68173218	10.23329639	25.65740204	1.611061811	43.28217697	121.2913818	35
4375.064362	38.77	-4.07	14.8125	13.34166622	39.3559494	726.1828003	34.5	0.600000024	33.90000153	10.35000038	24.08333397	24.30000114	6.583333492	439	62	6	46.32877731	162	37	42	150	2.575000048	16573.66602	0.2667	0.10110563	1.323850989	30.18705368	14.82567883	9	39.89897919	29.91397095	7.703962326	8.504922867	15.40287971	185.9519196	1.419635296	12.80763721	246.6696777	57
4374.057932	55.6395	-5.66364	9.712499619	5.341666698	37.35430908	342.8299561	17.60000038	3.299999952	14.30000019	6.733333111	10.53333282	14.03333282	5.916666508	1341	158	62	29.92937469	453	207	318	405	5.933333397	8860.916992	1.714400053	0.084934466	1.223435521	6.944720745	10.43376541	9	78.8692627	14.1860199	4.588707924	17.37322998	17.86333084	0	3.535556078	13.09068489	163.1708832	35
4371.329826	48.41	8.84	8.333333015	9.25	34.77443695	658.2875366	23.20000076	-3.400000095	26.60000038	14.90000057	1.466666698	16.56666756	0.433333367	804	94	52	20.00707626	261	159	246	172	2.549999952	11129.16699	0.96359998	0.106588453	1.284552693	29.76908112	14.459198	8	11.09796143	59.13295746	6.951375961	9.639297485	21.27011871	53.86722183	2.38571763	42.46553802	386.436615	46
4370.786485	40.51	-4	13.72083378	11.20833302	37.23698807	679.4297485	31.20000076	1.100000024	30.10000038	9.683333397	22.48333359	22.63333321	6.116666794	387	47	13	35.07632446	132	55	57	107	2.291666746	15840.08301	0.256900012	0.080810688	1.162078381	16.01770973	27.1813736	12	58.51436615	25.46792603	6.908623219	10.93051338	9.945023537	64.09363556	1.462191463	32.88849258	313.2477722	60
4366.940928	40.86	-4.11	10.41250038	9.441666603	34.2089386	664.3900757	26.39999962	-1.200000048	27.60000038	6.599999905	18.96666718	19.04999924	2.866666555	510	63	20	32.98743057	165	71	81	136	2.691666603	15550	0.386999995	0.085555322	1.076237082	15.87460136	23.72205162	9	58.33226776	25.79312897	6.137429237	12.84998894	12.56698227	45.21821213	1.822584867	18.26397705	229.9793854	61
4365.971957	36.97	-3.28	11.2541666	12.82499981	40.078125	672.882019	30.10000038	-1.899999976	32	4.783333302	20	20.10000038	3.75	567	75	6	51.90853119	215	37	38	210	4.058333397	17171.16602	0.368900001	0.103554189	1.385651112	23.03044319	32.35456467	9	43.3361969	33.63336182	6.422787666	12.31761074	16.41854095	18.42601585	2.647086143	26.99714661	231.8235321	48
4364.14342	41.88	-6.51	12.05000019	10.94999981	39.24731064	590.1078491	28	0.100000001	27.89999962	6.083333492	19.64999962	19.64999962	5.316666603	797	118	20	47.77455521	316	80	80	307	2.666666746	15036.5	0.607800007	0.081850104	1.097971678	14.46750736	19.27955818	9	41.89265823	43.63983536	5.449401379	13.98525238	4.63154459	1.374689579	1.297776222	19.27686501	113.4609909	30
4358.348271	60	23.5	5.279166698	6.258333206	21.43264961	808.3272705	20.79999924	-8.399999619	29.19999886	6.150000095	3.483333349	15.61666679	-4.133333206	705	84	34	30.71255112	230	115	196	164	4.566666603	9426.666992	1.029899955	0.088304974	1.08542788	20.71758461	14.93083763	9	56.85972977	22.42268372	5.112044811	18.7487812	15.47383118	5.949960232	2.380182743	25.97894669	131.8435822	18
4351.749733	50.72	3.47	10.33333302	7.633333206	34.07738113	548.3294067	23.20000076	0.800000012	22.40000153	7.300000191	6.383333206	17.16666603	3.816666603	760	78	47	14.7959404	221	158	194	178	3.875	10201.75	0.896600008	0.087147251	1.356534719	17.4132309	8.307136536	8	33.39028931	49.1964798	6.346672058	9.499113083	11.38165855	0	1.629533172	56.14494324	214.8779144	38
4351.114905	36.76	-5.28	14.13333321	10.78333282	39.64460754	572.2734985	29.89999962	2.700000048	27.19999886	8.783333778	21.46666718	21.73333359	7.733333111	765	122	2	70.63574982	351	21	26	340	3.599999905	17553	0.475300014	0.111178294	0.988147736	21.03237152	15.04422855	9	43.22566223	35.74196625	6.013814449	13.87295532	10.17955971	110.2943573	0.846886098	10.98988056	302.3635559	60
4348.04096	38.33	-3.51	14.98333359	13.10000038	39.33934021	717.1925049	34.5	1.200000048	33.29999924	10.71666622	24.23333359	24.39999962	6.983333588	423	60	5	49.09647369	159	31	35	149	2.924999952	16741	0.245900005	0.092098705	1.13072443	20.23336601	25.89583397	9	42.88080597	36.88582611	6.799353123	12.37782097	14.20574284	13.44786072	1.645449042	29.7758503	368.7684326	44
4339.836988	37.6	-1.12	16.58749962	11.64166641	41.7264061	593.6486816	31.79999924	3.900000095	27.89999962	13.55000019	24.13333321	24.31666565	9.899999619	321	45	5	42.6141777	113	29	37	88	4.033333302	16749.66602	0.190300003	0.090625346	1.112276316	24.79557228	18.5625248	9	31.85167694	43.35275269	6.819512367	11.81749821	13.28285027	269.3788757	1.373660922	17.57530975	277.2275391	57
4339.558346	60	23.5	5.279166698	6.258333206	21.43264961	808.3272705	20.79999924	-8.399999619	29.19999886	6.150000095	3.483333349	15.61666679	-4.133333206	705	84	34	30.71255112	230	115	196	164	4.566666603	9426.666992	1.029899955	0.088304974	1.08542788	20.71758461	14.93083763	9	56.85972977	22.42268372	5.112044811	18.7487812	15.47383118	5.949960232	2.380182743	25.97894669	131.8435822	18
4336.085619	52.2	-1.7	9.495833397	8.541666985	39.36251831	476.3757935	22.10000038	0.400000006	21.70000076	4.983333111	5.783333302	15.61666679	4.050000191	621	59	41	11.88361835	172	132	160	158	4	9706.083008	0.807099998	0.117844217	1.350302935	25.88082504	16.73054695	9	47.61467743	26.50450134	6.046984673	11.99206638	11.97515011	11.68261337	1.833458424	37.35913849	231.8455811	55
4332.360472	62.9619	18.35	3.325000048	7.75	26.27118683	783.8584595	19.60000038	-9.899999619	29.5	3.566666842	1.883333325	13.58333302	-5.733333111	726	89	37	28.48166847	244	125	201	156	3.941666603	8998	1.16170001	0.072715178	1.180881143	7.302974224	11.06334686	12	72.87371063	19.82331848	4.394490719	27.86372566	11.67888069	0	1.808948517	26.5671463	183.4286041	37
4329.99142	41.6	-2.83	10.72499943	12.1833334	40.34216309	649.3825684	28.29999924	-1.899999976	30.19999886	12.44999981	19.10000038	19.13333321	3.383333445	436	51	18	26.93949318	136	69	81	117	3.033333302	14876.91699	0.330000013	0.082116574	1.388154626	21.55007172	23.36576271	9	49.45318604	28.99674225	7.902779102	8.107379913	14.65813732	155.0557098	1.215174198	6.890995502	150.6603241	15
4319.077441	42.31	-3.1	8.887499809	10.10833359	38.58142471	580.2003174	24.29999924	-1.899999976	26.19999886	10.23333359	16.39999962	16.39999962	2.350000143	627	74	30	26.12133408	193	105	105	174	3.141666651	14131.16699	0.549600005	0.105940945	1.055776119	22.47304153	22.94498253	9	44.4569664	33.06999207	5.918306351	14.35415363	18.49976349	47.79167175	1.523268342	12.67268085	138.6894226	42
4309.34	44.05	3.69	12.54166698	8.550000191	34.89795685	584.2587891	26.20000076	1.700000048	24.5	13.08333302	20.01666641	20.01666641	5.849999905	709	102	29	29.68359184	229	122	122	186	3.758333445	13978	0.559300005	0.099598937	1.058264732	19.17850876	26.91648483	9	42.11653519	38.70495605	6.473399639	12.84261417	10.35209846	106.3191452	2.263750076	20.00599098	201.32341	42
4306.975109	41.85	23.13	11.97500038	11.38333321	34.81141663	800.1548462	29.60000038	-3.099999905	32.70000076	19.86666679	3.599999905	21.78333282	2.033333302	502	53	32	18.16143608	149	103	130	112	1.858333349	13639.66699	0.410600007	0.116523914	1.215839744	26.48843765	11.15725231	12	44.69113922	28.82041931	6.836144924	11.08449745	29.82481575	65.02407837	1.1917907	18.78630447	371.1991272	44
4305.013227	41.62	12.87	15.65833378	10.23333359	37.4847374	624.1424561	31	3.700000048	27.29999924	12.61666679	23.60000038	23.60000038	8.566666603	984	144	25	43.9987793	385	104	104	310	2.049999952	14648.08301	0.738200009	0.122703731	0.997447908	29.57351112	6.02536726	9	31.19380188	39.2326889	6.997727394	10.68985462	21.1458683	93.35690308	1.940408587	26.23869705	552.1654053	48
4299.168464	43.7	25.91	11.49166679	11.10000038	32.2674408	885.9607544	29.5	-4.900000095	34.40000153	20.29999924	2.049999952	22.13333321	0.233333275	580	71	33	24.8760128	199	107	182	111	2.541666746	13451	0.487899989	0.098139882	1.352402806	31.25530624	9.067153931	9	23.12386322	45.62083054	6.575652122	11.75581455	35.48502731	7.080965996	1.219629288	21.89093971	154.5833893	50
4296.532152	41.5	-1.88	11.60833359	12.63333321	41.42076492	636.9238281	29.39999962	-1.100000024	30.5	13.25	19.83333397	19.85000038	4.449999809	426	59	23	28.62742615	146	78	92	100	3.408333302	15179.25	0.293000013	0.080351099	1.426518679	16.90480614	31.76296234	9	52.52588654	30.56930542	7.011643887	10.66716671	9.438792229	146.0701294	1.040284872	6.720383644	194.9801178	28
4296.174301	40.37	16.77	16.35833359	9.033333778	35.01292038	629.9200439	30.70000076	4.900000095	25.80000114	13.44999981	24.38333321	24.38333321	9.216667175	624	86	18	44.00718307	248	69	69	203	3.133333445	15062	0.447400004	0.126056746	1.323348522	42.44099045	9.678587914	6	16.65468597	40.90432358	8.037552834	9.007637978	22.13888359	84.97186279	1.416650534	20.93284035	360.9514771	46
4293.143469	40.18	16.45	15.85416698	8.041666985	32.42607498	627.746521	29.79999924	5	24.79999924	12.96666718	23.86666679	23.86666679	8.75	703	97	16	48.29081726	289	69	69	240	2.658333302	15074.75	0.525600016	0.096969619	1.059006453	24.44431877	15.15054321	6	36.10219574	39.45348358	7.720947742	10.55660057	20.38763237	181.2716827	1.677096486	11.79512501	302.2062378	50
4290.908132	48.57	4.41	10.58333302	9.666666985	37.32303619	601.1819458	25.60000038	-0.300000012	25.89999962	4.316666603	6.516666412	18.20000076	3.466666698	700	67	46	10.76382923	189	147	188	175	3.424999952	11281.25	0.731899977	0.109031916	1.293193817	31.14636612	11.42271519	3	15.57719421	53.27643967	7.631372929	10.09560108	17.40583229	414.7425842	1.606871128	41.90195084	238.7960968	35
4287.245849	40.44	-4.27	12.32083321	9.758333206	34.48174286	666.5257568	28.79999924	0.5	28.29999924	8.449999809	20.98333359	21.11666679	4.949999809	396	48	15	34.64192581	133	56	62	105	2.450000048	16060.41699	0.274599999	0.092971288	1.07000494	16.62024498	25.97919655	9	40.21788788	43.16186523	6.589025497	14.26265335	9.551438332	34.38658142	1.74914372	32.76140976	257.5552673	45
4281.684896	63.324	18.484	3.025000095	8.316666603	26.48619843	836.979126	20.20000076	-11.19999981	31.40000153	12.4333334	1.966666698	13.8166666	-6.883333206	637	80	33	30.26384735	213	107	198	129	2.825000048	8855.5	0.996299982	0.075068645	1.163521171	5.730983734	14.0361824	12	76.73591614	17.53309631	4.612429619	27.91813278	11.50269222	0.79110831	2.051725626	28.01861191	107.0739059	23
4277.361787	54.1	-1.5	9.104166985	7.258333206	37.60794449	451.1876221	20.20000076	0.899999976	19.30000114	4.783333302	5.650000095	14.88333321	3.933333158	637	64	42	13.10901451	184	136	158	168	3.933333397	9316.166992	0.850099981	0.094551928	1.017758012	23.66488266	6.343597412	9	44.74505997	31.59005737	6.301758289	12.79278946	16.19437599	0	4.150183201	42.91013336	244.4828491	51
4275.303471	41.95	-7.45	13.14999962	10.41666603	42.86693954	497.7677307	26.89999962	2.599999905	24.29999924	8.149999619	19.41666603	19.60000038	7.433333397	1930	296	35	53.97573853	813	146	189	790	2.083333254	14307.08301	1.569900036	0.103275493	1.050363064	15.28036404	27.23436928	12	46.88088989	37.83874512	5.674548149	13.851758	5.424818039	19.52779007	2.196388483	31.28229332	201.1606598	30
4273.828511	48.5	-1.41	11.38749981	7.675000191	37.80788422	475.2947693	22.89999962	2.599999905	20.29999924	9.033333778	17.29999924	17.29999924	5.833333492	721	81	44	20.16500092	229	137	137	200	4.858333588	11453.75	0.788399994	0.096660435	1.369221807	25.51895714	14.66196346	8	17.59528351	56.88575745	5.646157742	10.18681908	9.127002716	21.95392799	2.590861797	42.69155121	208.5500336	36
4270.801559	50.1797	8.50861	9.462499619	7.658333302	31.0053978	649.0906982	23.29999924	-1.399999976	24.69999886	16.04999924	5.283333302	17.63333321	1.666666746	691	70	46	13.00923252	199	147	189	165	3.058333397	10323.25	0.784099996	0.10096661	1.435713768	16.35499382	14.87907314	9	47.92358398	35.72142029	6.342851639	13.40141201	10.43769932	27.44953346	2.232156515	43.84607315	301.9967651	46
4265.655753	50.3	8	8.350000381	7.833333492	31.97278976	630.9876709	22.10000038	-2.400000095	24.5	4.550000191	4.099999905	16.31666756	0.816666663	801	81	55	11.55592823	222	179	201	206	3.375	10287.83301	0.976000011	0.098904356	1.355708122	18.09918785	16.00767517	9	36.78404236	45.11676788	4.773128033	16.29950905	9.557253838	5.910829544	2.145163774	10.79005718	195.2998657	38
4261.64098	40.72	-3.21	13.07916641	12.375	38.91509628	685.6564941	31.5	-0.300000012	31.79999924	9.100000381	22	22	5.349999905	392	52	10	39.35112762	143	48	48	112	2.433333397	15378.58301	0.268000007	0.08518251	1.362051249	16.15516853	21.99604797	9	49.18120575	34.66362762	7.741411686	11.14319611	16.11194611	205.2981567	1.649041533	11.96976757	311.082428	53
4260.898484	39.4	-5.78	14.79166698	11.46666718	38.09523773	652.6409302	32.40000153	2.299999952	30.10000229	8.316666603	23.36666679	23.36666679	7.516666412	597	87	6	53.45101166	244	41	41	230	2.841666698	16641.41602	0.365500003	0.079442419	1.433780789	14.36006546	21.94292068	9	42.39616394	43.2437706	6.666442871	10.58785152	11.18513489	43.16684723	2.019016266	24.43791199	258.2001953	37
4255.591946	40.51	-3.9	13.77916622	11.24166679	37.34772873	679.6003418	31.20000076	1.100000024	30.10000038	9.699999809	22.53333282	22.70000076	6.166666508	392	47	12	36.75873184	136	53	54	113	2.299999952	15888.33301	0.258899987	0.088458031	1.379724503	20.10092545	18.20256615	9	45.50051498	34.39855957	7.216134548	10.96978951	13.26262474	103.991272	1.36842823	15.46139145	250.8756104	63
4245.577212	39.48	16.28	16.52916718	7.825000286	32.4688797	607.9864502	30.20000076	6.099999905	24.10000038	13.88333321	24.20000076	24.23333359	9.600000381	875	131	12	58.31633377	380	57	91	322	2.316666603	15264	0.624300003	0.106871426	1.054161429	29.2415905	17.73362923	9	30.52514648	40.23326111	7.598414421	9.936676979	14.77260017	101.7504501	1.480608582	11.96796799	205.7619171	51
4233.80226	41.59	25.2	10.00833321	9.683333397	33.50634384	724.3644409	25.60000038	-3.299999952	28.89999962	6.233333111	18.41666603	18.91666794	1.25	645	72	33	21.38731194	188	113	143	179	2.525000095	13884.16699	0.533399999	0.099661522	0.979562521	19.21585274	23.08053207	9	51.15947723	29.62467194	5.348784924	14.46257973	16.55124855	2.945888519	1.524456382	4.798761845	206.7282104	34
4224.357235	40.11	-7.47	13.16250038	8.775000572	35.52631378	578.5802612	27.70000076	3	24.70000076	7.433333397	20.70000076	20.71666718	6.75	1133	173	12	58.26556396	481	67	73	470	3.483333349	16384.75	0.747799993	0.08273308	1.406786084	9.623511314	33.2203598	12	65.67893219	24.69755554	5.493866444	20.07227707	9.292191505	21.3500061	2.94461298	11.28601074	117.2625198	40
4223.916383	48.0653	-2.96591	11.64166641	6.816666603	37.45421219	423.49646	21.89999962	3.700000048	18.19999886	7.666666508	16.89999962	16.98333359	6.766666889	924	112	46	29.20458412	323	149	169	296	3.683333397	11604.66699	1.021999955	0.095898665	1.259821057	23.79732323	18.19880486	8	23.15660095	53.04607391	6.732379913	13.26095581	14.48871136	42.16316605	2.259282112	40.95669937	317.7758789	23
4223.824109	48.5	8.78	8.333333015	9.433333397	35.19900513	657.2612915	23.5	-3.299999952	26.79999924	14.85000038	1.5	16.56666565	0.466666698	858	93	59	15.48830414	263	183	244	199	2.658333302	11074	1.015300035	0.103344165	1.340318203	25.70285225	10.55141735	8	11.06613159	63.23101807	6.948334694	9.128858566	15.75138378	15.02491474	1.751911879	47.301754	337.7504578	46
4220.808098	40.04	-7.11	14.17083359	9.358333588	36.55598831	590.7255249	29.10000038	3.5	25.60000038	8.366666794	21.86666679	21.91666603	7.633333206	869	130	10	56.74134445	368	53	59	348	3.150000095	16524.08398	0.549300015	0.073271669	1.480619073	18.4458313	32.85367966	9	49.3884697	32.16569519	5.923941612	13.8148737	12.43848133	13.90392685	2.757064104	16.37852097	193.8041229	39
4219.805289	56.4606	15.8127	6.758333206	7.283333302	29.48718071	649.6566772	20.79999924	-3.900000095	24.69999886	7.416666508	1.433333278	15.14999962	-0.650000036	637	66	37	18.37969589	190	122	167	158	3.233333349	9930.25	0.877799988	0.072721347	1.140362144	7.422073364	17.38773346	12	71.86720276	20.71072388	5.481523037	15.90588951	10.47219849	0.631824076	2.619577885	25.93388939	51.60390854	38
4218.606219	43.37	-5.49	12.70833302	8.316666603	41.79229355	433.5835571	23.10000038	3.200000048	19.89999962	10.5666666	18.08333397	18.28333282	7.666666508	918	98	49	25.029356	282	151	156	264	2.533333302	12363.75	0.939100027	0.104291901	0.998014092	23.53089905	15.76597977	9	42.52046967	33.94863129	5.788592815	9.745921135	13.18541718	0	2.819361925	37.18387222	268.5770874	41
4210.187806	40.4	-4.77	12.41249943	10.625	37.15034866	640.213501	28.79999924	0.200000003	28.59999847	8.649999619	20.58333206	20.73333359	5.116666794	372	45	13	33.04503632	119	53	59	101	2.466666698	16015.16699	0.263200015	0.071156949	1.117782712	9.939997673	21.83790398	12	73.00289917	17.05710602	6.80219698	11.38270855	10.01524067	130.2145081	1.494039774	26.14358902	211.6473999	32
4208.824053	38.37	-2.66	14.59583282	13.54166603	39.82843018	735.2039185	34.5	0.5	34	10.25	24.06666565	24.26666641	6.400000095	395	52	6	45.96033859	145	33	36	131	3.158333302	16689.08398	0.230900005	0.103613757	1.303781033	27.44371223	17.38303757	9	30.41268921	42.14360046	7.835456371	11.80963612	17.69649124	383.2479553	1.264118075	15.45154476	327.6231079	47
4199.490923	48.42	8.79	8.120833397	9.058333397	34.31187057	655.1768188	22.89999962	-3.5	26.39999962	14.65000057	1.266666651	16.31666565	0.283333272	831	92	55	16.52410889	258	175	242	192	2.674999952	11165.91699	0.99849999	0.116252601	1.175788522	27.73550797	10.10004139	3	10.04071808	62.22377396	6.501857758	10.80768108	15.60369873	13.29171658	1.719209194	31.05168152	337.3516541	46
4199.414794	48.39	8.85	8.362500191	9.391666412	35.1747818	661.3110962	23.29999924	-3.400000095	26.69999886	14.96666622	1.466666698	16.61666679	0.416666657	795	95	50	21.12575912	261	154	247	166	2.533333302	11140.75	0.948000014	0.112337798	1.19122684	27.26257896	10.02545738	8	13.58052826	59.15689087	7.05670023	9.598286629	20.15894508	28.45934105	1.765519261	40.07578659	307.980896	46
4191.191807	41.53	23.39	12.07499981	10.86666679	34.38818359	777.7692261	29.20000076	-2.400000095	31.60000038	15.96666718	21	21.68333435	2.516666651	506	54	30	19.04777718	148	102	123	120	1.808333278	13799.41699	0.410100013	0.09703242	1.398598671	20.00220871	19.71159554	5	47.34571457	32.65207672	6.862112045	13.09198475	25.81601715	87.66894531	1.021446347	10.28084946	161.1278839	39
4177.129944	37.38	-6.01	18.59166718	11.5666666	41.01654816	587.0799561	34.40000153	6.199999809	28.20000076	12.59999943	26	26.13333321	11.76666641	528	93	2	67.36336517	250	22	27	222	2.75	17329.25	0.293300003	0.090595007	1.3189044	29.26683235	11.85765362	2	42.35681152	28.37635803	7.304178715	11.06073856	18.18533897	98.49208069	1.25445354	22.72826195	605.0390015	52
4174.946148	54.6	-2.3	6.070833206	6.591666698	35.63063049	438.9784546	16.89999962	-1.600000024	18.5	1.966666698	7.5	11.76666641	1.133333325	1719	193	100	24.63622284	566	304	342	516	6.816666603	8948.833008	2.927099943	0.078369416	1.170099974	6.272722721	23.46931648	9	82.1975174	11.52976227	5.098470211	18.87295532	22.50311852	0	4.785502434	24.16426086	234.7928467	43
4167.775435	55.705	13.196	8.279166222	6.358333111	27.17236328	650.5678101	21.5	-1.899999976	23.39999962	8.916666985	3.066666603	16.56666756	0.75	637	66	33	20.77678299	193	117	170	148	3.941666603	9838.75	0.789399981	0.075119704	1.490035295	9.181242943	8.101230621	12	71.26557159	19.55318451	5.816559315	15.35336876	9.054650307	4.677136898	1.897607803	31.69581032	146.8051147	34
4161.79043	40.93	-3.31	12.13333321	11.66666698	38.25136566	671.583374	29.89999962	-0.600000024	30.5	8.216667175	20.83333397	20.91666603	4.599999905	383	47	12	34.23521423	129	54	56	102	2.533333302	15366.25	0.270300001	0.087099083	1.403121829	15.60559177	33.75802612	9	47.77297211	36.62143707	6.936666489	10.47367764	10.43457222	116.1137619	1.119637489	11.86005974	214.9658966	55
4153.670585	40.94	-1.37	10.75833321	13.6833334	42.49482346	654.9733887	29.5	-2.700000048	32.20000076	12.58333397	4.366666794	19.29999924	3.416666746	462	74	22	39.75863266	177	72	123	84	3.049999952	15501.08301	0.319999993	0.107072368	1.356473804	21.6069355	24.51190758	9	47.88584137	30.50722504	6.304683208	15.05481243	25.08392525	185.1400757	1.631499648	22.91397285	228.1381836	31
4149.943328	42.34	-3	10.16250038	10.50833321	40.10814285	569.8649292	25.39999962	-0.800000012	26.19999886	11.60000038	17.46666718	17.46666718	3.666666746	543	62	25	25.41847038	169	91	91	148	2.983333349	14069	0.466100007	0.112587273	1.143812656	27.81241608	16.82024384	9	37.79415894	34.39342499	7.022621632	10.34522629	14.42027664	115.2263107	1.919373512	22.50727463	225.4801331	42
4148.124147	48.6103	2.3086	11.0666666	8.383333206	35.22409058	575.3549805	24.79999924	1	23.79999924	16.51666641	5.133333206	18.33333397	4.266666889	621	61	43	9.042078018	166	145	148	151	3.941666603	11369.41699	0.6329	0.08354257	1.189141035	16.73218727	9.772885323	9	45.88599396	37.38182068	7.035028934	10.51954269	13.36695671	54.73682785	1.697903156	41.2544136	275.2939453	29
4147.899637	41.89	-2.79	9.350000381	10.53333378	38.58363724	602.0344238	25.20000076	-2.099999905	27.30000114	10.8166666	17.14999962	17.14999962	2.583333254	495	59	22	26.04772568	154	81	81	136	3.233333349	14787.66699	0.410400003	0.105305411	1.163641095	19.08428574	16.70148659	9	54.73969269	26.17602539	6.366279125	13.33772564	11.05226326	2.226088047	1.953778744	12.62514019	146.8557434	17
4133.192167	39.15	-4.54	14.22916698	11.4416666	37.26927185	678.8206787	32	1.299999952	30.70000076	10.25	22.96666718	23.06666565	6.549999714	461	64	7	46.07997894	170	39	43	157	2.474999905	16660.83398	0.29550001	0.094694979	1.356438041	21.25582123	24.01678276	9	44.36898041	34.37519836	6.66609621	10.66341496	10.92017365	126.5327301	1.970266223	22.29614067	340.5368347	17
4132.651299	40.45	-3.67	14.17916679	10.75833321	36.3457222	676.288208	31.29999924	1.700000048	29.59999847	10.03333378	23.04999924	23.04999924	6.566666603	425	56	10	41.96415329	156	49	49	127	2.308333397	15835.08301	0.277099997	0.075636856	1.422184706	17.15048981	18.33588219	9	45.3804245	37.46908569	7.549965858	11.60664082	17.99473763	60.11817551	1.401857615	10.02896214	368.4266052	61
4130.35922	50.5	-4.5	9.658333778	6.150000095	37.5	383.0133972	18.70000076	2.299999952	16.40000153	6.400000095	12.95000076	14.55000019	5.449999809	1152	139	67	28.28099251	403	208	234	366	5.533333302	10566.83301	1.539100051	0.105993129	0.963584721	26.74670982	24.74900055	9	26.20877075	47.04451752	5.907766819	9.80183506	11.15669632	11.43183613	2.55812335	44.46256256	204.885376	34
4128.570073	36.97	-3.36	11.51666641	12.91666698	40.49111557	667.3364258	30.20000076	-1.700000048	31.90000153	5.116666317	20.25	20.25	4.066666603	568	74	6	52.21708679	215	37	37	209	4.016666412	17068.66602	0.369199991	0.114506975	1.360389471	25.93979454	32.01517105	9	33.14161682	40.91858673	6.451407433	13.07920361	16.87923431	21.28652191	2.729095459	25.2014389	237.4575195	46
4123.237838	38.25	-4.32	14.5666666	12.94999981	39.72392654	687.0170288	33.70000076	1.100000024	32.60000229	7.666666985	23.5	23.51666641	6.866666794	532	78	6	52.44025421	209	36	38	194	2.916666746	16714.83398	0.32069999	0.086243555	1.083826065	17.82018089	22.40559578	9	41.84747314	40.33234406	6.402564526	11.6151228	11.9867754	24.87218094	1.885571599	37.26205826	334.770752	41
4121.233047	39.4	-5.33	14.32916641	11.32499981	38.52040863	637.9564819	31.29999924	1.899999976	29.39999962	7.916666508	22.64999962	22.64999962	7.150000095	530	72	6	49.64038086	203	39	39	195	2.666666746	16634.66602	0.34040001	0.091274135	1.39017117	16.49234962	23.69248772	9	41.63941956	41.86823273	6.477838993	10.54059219	12.28148174	68.27770233	1.63742733	27.93377686	369.6984253	38
4120.79893	38.3333	-3.53333	14.72916698	13.07499981	39.26426315	718.6143799	34.29999924	1	33.29999924	10.44999981	24.01666641	24.18333435	6.733333588	433	61	5	49.18143082	163	32	35	152	2.941666603	16759.16602	0.253100008	0.0926954	1.182278872	25.88682938	19.19272995	9	36.9691124	37.14405823	6.997403622	9.849017143	13.44509888	78.304039	1.674072266	25.51589966	334.1227112	45
4116.75432	40.4	-5	9.375	9.666666985	35.53921509	633.2079468	25.39999962	-1.799999952	27.19999886	5.900000095	17.73333359	17.73333359	2.433333397	652	82	18	38.96955872	229	73	73	206	3.25	16060.25	0.486400008	0.100565396	1.052892327	21.78379059	26.9890976	12	48.40419769	29.81201172	6.601819038	11.34140968	14.67077732	112.7965012	1.229951739	17.49871254	134.2161865	30
4115.064242	48.53	9.09	9.050000191	9.066666603	34.08521271	668.7267456	23.89999962	-2.700000048	26.60000038	15.80000019	2.150000095	17.38333321	0.933333278	715	93	37	28.8264637	253	121	239	128	2.399999857	11036.66699	0.836300015	0.111806758	1.098994732	32.04742432	15.0275631	9	28.07701111	39.87556458	6.895209789	11.59716415	20.60403252	70.66129303	2.379331589	39.54592133	166.0233917	45
4112.780454	41.86	2.99	13.64583302	9.125	37.24489975	556.8599243	26.79999924	2.299999952	24.5	14.58333302	20.76666641	20.83333397	7.416666508	698	86	27	25.67106247	224	133	156	160	3.75	14670	0.552699983	0.109779716	1.08999896	27.61273193	30.39430618	9	34.94876099	37.43850708	6.256552219	13.53551388	14.06431103	66.46964264	2.678251982	27.16062355	363.9418945	49
4105.216128	39.66	-4.34	14.53333282	12.35000038	38.23529434	704.5512085	33.29999924	1	32.29999924	10.26666641	23.61666679	23.78333282	6.633333206	415	51	10	38.48556519	142	46	54	123	2.25	16286.16699	0.262699991	0.081212923	1.205536842	11.76012707	21.24193192	12	63.85173035	24.38814545	6.876152992	10.90944481	10.57098579	92.310112	1.225525975	19.01055717	256.9661255	35
4094.295957	40.64	17.31	13.72916698	8.091666222	32.62768555	615.8012695	27.70000076	2.900000095	24.80000114	11.08333302	21.66666603	21.66666603	6.916666508	585	70	21	36.56589127	210	77	77	187	3.383333445	15062.25	0.475800008	0.113181971	0.963522911	21.76561546	14.94049644	9	32.4931488	45.74123383	6.842741966	12.49071026	21.03968048	102.4801865	2.467388153	12.37214756	840.2749023	41
4071.584977	49.42	16.36	7.708333492	8.133333206	30.01230049	732.1724854	22.60000038	-4.5	27.10000038	15.16666603	0.01666666	16.64999962	-1.299999952	538	82	24	43.37608337	218	78	218	80	3.691666603	10971.83301	0.604499996	0.084765039	1.431786418	17.22577095	29.83935356	9	26.509552	56.26467896	5.70526886	16.05817223	11.15738773	25.95822716	3.301705599	34.5234375	147.6229858	45
4069.324838	40.95	-3.31	12.07916641	11.5583334	38.02083588	671.5668945	29.79999924	-0.600000024	30.39999962	8.166666985	20.76666641	20.86666679	4.550000191	386	46	13	33.22391891	128	56	58	102	2.541666746	15318	0.275200009	0.08565063	1.390462995	9.144094467	23.04214478	9	64.18315125	26.67275238	6.875904083	11.0399437	10.85658932	90.18603516	1.547336459	22.45687103	210.4122162	55
4061.432285	46.63	10.82	8.716667175	10.46666718	36.21683884	703.062561	24.20000076	-4.699999809	28.90000153	17.33333397	1.75	17.33333397	0.100000024	629	83	28	39.74845886	243	89	243	91	1.383333325	12381.75	0.655399978	0.0785143	1.125296235	8.15139389	30.82725143	9	71.80396271	20.04464722	6.766525269	16.37349319	15.06522083	54.99961472	2.902183533	26.55029297	187.0185394	53
4051.100385	39.84	-6.6	15.98333359	10.53333378	37.75388336	622.6166992	32.20000076	4.300000191	27.90000153	9.75	24.04999924	24.06666756	8.966667175	606	90	7	54.20793152	253	41	45	230	2.616666794	16543.75	0.368200004	0.061654359	1.478641748	11.02129555	20.68169022	12	51.52639008	37.45231628	6.773415565	10.16669655	7.373148441	0	1.684340954	8.073870659	294.6719971	34
4047.58119	62.9513	18.2763	3.404166698	7.991666317	26.46247292	798.1553955	20	-10.19999981	30.20000076	3.666666746	2.049999952	13.8166666	-5.916666508	714	88	37	28.6592865	241	124	198	151	3.700000048	8986.666992	1.102900028	0.076114148	1.160615683	5.77393198	12.85757065	12	75.81234741	18.41371918	4.284169674	25.13546753	7.692864418	3.94068861	1.638143659	28.19322205	161.7186127	36
4038.336223	38.62	16.17	16.54166603	7.383333206	32.6696167	559.333374	29.10000038	6.5	22.60000038	14.60000038	23.41666794	23.65000153	10.16666698	937	128	19	54.18009186	377	69	110	350	3.041666746	15299.91699	0.662800014	0.109316461	1.332551718	27.54391861	14.91881371	9	34.99505615	37.46102524	7.060418606	11.06978607	17.56932449	61.39526749	2.025495052	20.84337997	234.4631653	42
4035.990182	40.61	-6.57	13.14999962	10.1833334	38.86768341	573.038147	28.39999962	2.200000048	26.19999886	7.550000191	20.68333244	20.68333244	6.75	948	143	15	55.33472443	398	73	73	398	2.75	15919.75	0.665899992	0.074891023	1.480674386	14.06470585	25.56731415	9	45.07885742	40.85643768	6.177970409	8.945461273	5.988349438	0	1.732010961	19.84189796	193.8396454	20
4034.237752	50	8.5	10.07916641	8.125	31.9881897	661.4222412	24.39999962	-1	25.39999962	16.78333282	3.25	18.38333321	2.099999905	596	65	38	16.10773659	182	123	172	132	2.758333206	10441.5	0.664099991	0.077579886	1.127987742	10.30490208	5.463951111	12	68.84529114	20.84980774	5.900895596	15.06052494	4.64900732	38.13131332	1.57097888	23.69992256	141.818512	42
4026.346235	38.22	-7.84	16.24166679	11.94999981	44.58955383	525.1053467	32.20000076	5.400000095	26.80000114	11.13333321	22.79999924	23.10000038	10.26666641	590	99	3	61.30298615	256	27	32	244	3.266666651	17095.33398	0.348100007	0.077427559	1.399129272	19.53805923	20.78240395	9	44.28638458	36.17555618	7.040001869	10.99352169	12.75284767	68.99025726	1.307711124	22.06579971	170.4223633	54
4014.608133	41.67	2.62	13.04583359	8.941666603	36.79698181	557.1985474	26.29999924	2	24.29999924	14.01666641	20.18333244	20.36666679	6.950000286	813	94	37	22.78940201	257	161	188	184	4.116666794	14871.16699	0.62349999	0.102751441	1.0295614	21.14875031	24.11814308	9	34.27738953	44.57386017	6.269580364	14.29868031	12.0687027	51.91485596	2.258525848	17.66406631	558.0081177	47
4003.040167	42.04	1.01	10.02499962	10.60000038	37.45583344	632.4968262	26.29999924	-2	28.29999924	11.25	3.666666746	18.33333397	2.950000048	790	89	47	20.96543503	232	152	187	163	3.525000095	15273.16699	0.586099982	0.12075983	1.320762396	15.60479164	22.44646835	9	52.43731689	31.95789337	6.730892658	13.51127243	31.21182251	176.7178802	2.844627619	29.39763451	231.5211487	40
3999.429566	40.46	-3.75	14.36250019	11.24166679	37.10121155	677.8982544	31.79999924	1.5	30.29999924	10.28333378	23.21666718	23.21666718	6.683333397	389	49	10	40.17841339	140	48	48	117	2.258333445	15897.66699	0.254099995	0.078708313	1.428425908	18.21173096	14.32874012	9	45.63800049	36.15026855	7.302886009	9.27571106	15.94382572	83.92946625	1.499947071	18.75202179	408.0654907	63
3985.556537	38.53	-8.02	16.03750038	11.42500019	44.45524979	500.9814453	31.20000076	5.5	25.70000076	11.0666666	22.21666718	22.53333282	10.25	625	102	4	61.12472916	274	29	36	260	3.108333349	16996.66602	0.38440001	0.05776852	1.499340415	10.56493855	23.4475441	9	55.37209702	34.06296539	6.533495903	12.84880447	9.793960571	10.11497498	1.807379246	14.19614124	240.511734	58
3979.432236	40.53	-3.92	14.02916622	11.32500076	37.6245842	676.4998779	31.39999962	1.299999952	30.10000038	9.983333588	22.73333359	22.88333321	6.416666508	375	45	11	37.39967728	131	50	51	107	2.275000095	15883.08301	0.247099996	0.0872209	1.208194256	17.99907494	30.4726162	9	49.84376526	32.1571579	7.304679394	11.37923145	12.65626144	24.09516716	1.310740948	18.55384827	208.9618835	63
3958.873363	38.75	-7.59	14.72916698	10.17500019	41.02822876	524.1679688	29.5	4.699999809	24.79999924	9.699999809	21.31666756	21.66666603	8.850000381	698	106	6	57.40525818	291	39	43	278	3.666666746	17029.91602	0.429699987	0.081065096	1.400487542	13.70661354	27.56725502	9	54.15579224	32.13759613	6.122064114	13.56097412	9.485494614	51.92965317	2.355472326	19.00825119	253.9838867	50
3941.133718	38.92	16.47	16.21666718	7.050000191	31.75675583	558.2453613	28.60000038	6.400000095	22.20000076	14.26666641	23.10000038	23.35000038	9.933333397	971	146	17	60.53049088	415	57	86	365	2.700000048	15223.58301	0.711899996	0.104049258	1.319918752	33.9512825	20.10777855	9	31.31837463	34.73034668	6.880643845	10.7630825	15.53046417	83.81383514	1.907678127	20.23765755	351.2573853	24
3939.615657	39.85	-6.04	15.76249981	10.45833397	37.21826935	624.8240356	31.89999962	3.799999952	28.10000038	9.433333397	23.85000038	23.85000038	8.649999619	522	76	6	52.4524498	215	40	40	199	2.458333254	16571.58398	0.327399999	0.086071283	1.343127608	15.35523987	25.77900696	9	52.16742706	32.47733307	6.918533325	12.03760624	13.34857464	28.92006302	1.731541872	13.90128231	311.1829224	53
3935.446447	40.75	-3.99	9.137499809	8.541666985	32.35479736	653.8457031	24.5	-1.899999976	26.39999962	5.616666794	17.73333359	17.73333359	1.933333397	664	80	21	38.27779007	230	81	81	191	2.783333302	15637.58301	0.526300013	0.105171882	1.073648334	17.52090073	32.69484711	9	50.45188904	32.02720642	6.508832455	11.86009598	14.23381519	55.32180786	1.747499824	25.26044464	107.6102448	61
3926.43112	48.57	9.17	8.729166985	8.774999619	33.75	659.6123657	23.10000038	-2.900000095	26	15.33333302	1.899999976	16.93333435	0.733333349	737	96	39	27.86275482	257	127	246	134	2.516666651	11071.83301	0.873600006	0.0982759	1.214917183	24.36936951	8.756502151	6	31.50137329	44.1292572	7.129783154	9.338274002	15.18383312	21.19652367	2.628324509	47.17752838	253.7264709	44
3924.383116	40.48	-3.96	14.20416641	11.54166698	37.84152985	680.4058228	31.79999924	1.299999952	30.5	10.13333321	22.95000076	23.10000038	6.533333302	369	44	11	36.51185226	127	50	51	105	2.258333445	15885.91699	0.2421	0.087323293	1.316257715	23.8037796	22.10127831	9	45.61972809	30.57649231	7.239855766	10.36814213	14.37022018	95.79671478	1.386117816	16.57635307	323.4242859	62
3903.693338	42.72	25.33	9.324999809	10.5	34.09090805	756.4345093	25.60000038	-5.199999809	30.79999924	16.80000114	1.033333421	18.56666756	0.03333338	652	80	40	24.18930626	220	132	198	135	2.775000095	13190.25	0.575200021	0.108954161	1.133185625	21.45929909	34.61170959	6	50.21757126	28.32312775	6.093116283	14.94177055	24.16003799	28.83735847	1.593242288	17.47214508	163.2594452	41
3886.859776	40.54	-3.69	13.75	11.5	37.58169937	681.5123291	31.39999962	0.800000012	30.60000038	9.666666985	22.66666603	22.66666603	6.066666603	409	53	11	39.52295685	148	51	51	121	2.333333254	15808.33301	0.26910001	0.100234784	1.312351704	10.7371912	22.88833809	9	45.237957	44.02485275	6.737663746	11.67926788	14.42742348	27.82368279	1.284525156	15.73633385	267.326416	62
3809.778965	48.58	9.18	8.658332825	8.766666412	33.71794891	659.475769	23	-3	26	15.25	1.816666603	16.86666679	0.683333397	748	97	40	27.81925392	261	129	249	136	2.566666603	11045.08301	0.886200011	0.097531334	1.294548988	25.58385086	9.987136841	8	19.68599701	54.73015213	7.154490948	10.3567915	16.29739571	51.02504349	1.814210296	44.47148132	194.7763367	44
3799.548604	48.54	9.01	8.699999809	8.800000191	33.58778381	660.9841309	23.20000076	-3	26.20000076	15.33333302	1.849999905	16.95000076	0.733333349	764	97	42	25.76944733	262	136	247	144	2.558333397	11061.58301	0.893000007	0.104813471	1.039407372	31.24195862	16.1647892	9	19.67552948	49.0825119	6.621992588	11.16721916	22.46076965	65.79836273	3.325395823	39.17090607	204.2048035	46
3797.257631	38.45	-7.5	16.04999924	12.23333359	45.81772614	513.0922241	31.60000038	4.900000095	26.70000076	10.96666622	22.36666679	22.73333359	10.11666679	565	90	4	58.71276474	240	29	34	225	3.333333254	17056.91602	0.336199999	0.073150076	1.400170207	19.48698997	25.22502518	9	49.43198395	31.08102417	6.518986225	10.03037739	10.16302586	28.2637825	1.410165429	14.74839878	211.1584473	49
3704.088675	57.2545	18.2109	6.970833302	6.941666603	28.10391426	650.9414673	20.89999962	-3.799999952	24.69999886	7.883333206	4.766666889	15.44999981	-0.283333302	528	59	28	23.51778984	168	94	135	113	5.558333397	10375.91699	0.721800029	0.099099278	1.134286284	16.47506142	10.10134315	12	66.04623413	17.47870636	5.536186218	17.55347061	22.72270012	3.800810337	2.715456247	27.85951042	109.7804031	36
3700.342494	40.57	-3.89	13.64166641	10.94999981	36.86868668	673.6158447	30.79999924	1.100000024	29.69999886	9.633333206	22.46666718	22.46666718	6.066666603	391	47	12	36.6333046	136	54	54	110	2.333333254	15827.75	0.260199994	0.092432395	1.083553672	20.45459747	19.23631477	9	46.9984169	32.54698181	6.949802399	11.29728889	12.9357996	68.83222198	1.203041553	32.05075073	234.5593719	63
3644.808362	39.72	-6.89	16.61249924	10.77499962	39.1818161	601.4343872	32.5	5	27.5	10.53333378	24.35000038	24.36666679	9.766666412	598	87	5	55.32944107	249	35	42	226	2.591666698	16635.16602	0.358999997	0.075834565	1.340369344	14.73284721	30.13070488	9	47.43379974	37.83335114	6.32050848	12.13588333	8.876810074	39.17498779	1.491583943	10.48987484	245.3563538	35
3589.943197	38.6	-2.7	13.15000057	13.55000019	39.16184998	752.8189697	33.70000076	-0.899999976	34.60000229	8.666666985	22.91666794	23.14999962	4.900000095	459	60	8	43.86210251	163	41	47	152	3.233333349	16680.75	0.27579999	0.092213593	1.462602973	12.48482132	25.74808502	9	56.80466461	30.71051025	6.669166565	12.50702667	11.1220026	95.3032608	1.428568006	6.967265129	257.9713135	46