Accession_ID	Mg_blues (µg/g DW)	Latitude	Longitude	bio1	bio2	bio3	bio4	bio5	bio6	bio7	bio8	bio9	bio10	bio11	bio12	bio13	bio14	bio15	bio16	bio17	bio18	bio19	awc	bulk_density	CaCO3	CEC	clay	CN	coarse_fragments	K	N	P	ph	sand	silt	srad_mean	ai	Mg(Soil) mg/kg
88	4381.237684	47.4	0.683333	11.82916641	8.824999809	37.87553787	557.5410767	25.5	2.200000048	23.29999924	6.050000191	18.91666603	18.91666603	5.349999905	661	67	38	14.92703533	191	134	134	188	0.081046745	1.351483941	56.83533859	14.53087616	22.40176582	13.59595776	15.14974403	226.2048645	1.240112185	36.84405136	7.186786175	51.225914	26.37232208	11783.83301	0.640399992	38
108	4249.456382	48.5167	-4.06667	11.10000038	6.416666508	37.74509811	392.5383606	20.79999924	3.799999952	17	7.566666603	15.98333359	16.13333321	6.700000286	1091	132	49	31.80493355	387	166	193	371	0.091235012	1.409680843	38.2882576	11.77578449	17.33009529	13.48253155	11.28009605	201.7666626	2.772523642	44.49023438	6.174456596	22.396698	60.27320862	11146.58301	1.279800057	31
139	4489.038748	48.5167	-4.06667	11.10000038	6.416666508	37.74509811	392.5383606	20.79999924	3.799999952	17	7.566666603	15.98333359	16.13333321	6.700000286	1091	132	49	31.80493355	387	166	193	371	0.091235012	1.409680843	38.2882576	11.77578449	17.33009529	13.48253155	11.28009605	201.7666626	2.772523642	44.49023438	6.174456596	22.396698	60.27320862	11146.58301	1.279800057	31
159	4812.735886	47.35	3.93333	9.324999809	7.699999809	32.35293961	596.4306641	22.70000076	-1.100000024	23.80000114	3.216666698	5.133333206	16.78333282	2.133333445	859	81	60	10.7757473	235	188	213	221	0.102306299	1.012627482	25.14647675	11.50012112	24.2136364	13.32183647	25.59222412	143.3986969	2.195257187	25.73741531	5.862647057	27.34038544	48.44597626	11838.91699	0.952400029	29
265	3798.743649	44.65	-1.16667	12.96249962	9.558333397	42.29351044	483.4117737	25.20000076	2.599999905	22.60000038	8	18.89999962	18.98333359	7.300000191	949	114	43	27.23017311	322	158	187	292	0.071425416	1.135357618	0	5.869753838	11.74624062	15.62855053	7.823429585	237.2689972	2.043348789	10.12488556	5.43571043	70.75234985	17.50141144	12972.33301	0.914699972	NA
350	5330.870503	46.6667	4.11667	10.72083282	9.175000191	35.56201553	621.583252	25.39999962	-0.400000006	25.79999924	16.68333244	6.666666508	18.56666565	3.283333302	774	79	47	16.01896477	217	152	217	174	0.103812993	1.234844446	0.782203376	11.07291889	24.98978043	10.55623722	12.93436527	237.6696014	1.743629098	36.61962128	6.27687788	31.82284546	43.18737411	12031.58301	0.775300026	36
351	5287.275351	46.6667	4.11667	10.72083282	9.175000191	35.56201553	621.583252	25.39999962	-0.400000006	25.79999924	16.68333244	6.666666508	18.56666565	3.283333302	774	79	47	16.01896477	217	152	217	174	0.103812993	1.234844446	0.782203376	11.07291889	24.98978043	10.55623722	12.93436527	237.6696014	1.743629098	36.61962128	6.27687788	31.82284546	43.18737411	12031.58301	0.775300026	36
403	6134.523541	49.3667	16.2667	7.804166794	8.408333778	30.24580383	742.3563843	23.10000038	-4.699999809	27.79999924	16.85000038	0.01666672	16.85000038	-1.350000024	533	82	24	44.10128784	218	76	218	78	0.083690062	1.448729992	0	10.36869335	12.89013767	14.64622784	16.02251244	180.9618988	1.608090878	25.184412	5.271644115	44.20360184	42.90626144	10949.58301	0.620000005	47
410	5450.874043	49.4211	16.3497	7.941666603	8.199999809	30.03663063	736.2276001	22.89999962	-4.400000095	27.29999924	15.41666698	0.199999973	16.89999962	-1.149999976	522	80	23	44.33189011	213	74	213	75	0.084998451	1.437155724	43.62799072	15.24679852	21.82600021	10.88625717	16.38795471	189.4453888	2.197673798	30.05113792	7.227241993	34.02407074	44.14992905	10954.83301	0.605700016	45
424	5413.652332	49.4112	16.2815	7.395833492	8.241666794	30.07907486	733.8084106	22.5	-4.900000095	27.39999962	16.35000038	-0.300000012	16.35000038	-1.633333325	560	85	26	42.74531555	226	82	226	85	0.082404971	1.400041461	0	11.53142357	18.05256653	10.38245678	16.11732292	205.5180206	2.134118557	38.88417053	5.95461607	44.13959503	37.80783844	10930.91699	0.660000026	47
428	4840.907365	49.403	16.232	7.345833302	8.358333588	30.28381729	733.6535645	22.60000038	-5	27.60000038	16.29999924	-0.366666675	16.29999924	-1.683333397	560	84	26	42.54829407	226	82	226	85	0.092415601	1.367894769	5.699743748	10.97677135	15.61371231	10.59301949	11.81680393	112.260025	1.642193437	32.00867462	5.58168602	50.20911407	34.1771698	10929.41699	0.660099983	47
430	4348.432268	47	15.5	9.041666985	9.733333588	32.01754379	778.5325317	24.79999924	-5.599999905	30.39999962	18.41666603	-0.766666591	18.41666603	-0.766666591	841	122	25	47.67466736	355	97	355	97	0.095919132	1.283595562	9.012620926	12.88587666	17.7629528	9.776987076	13.6844635	255.1627502	1.628978133	37.09595871	6.929737568	42.33211517	39.90493011	11590.5	0.949400008	51
630	4279.401011	40.7777	-72.9069	11.14583302	9.008333206	27.88957787	860.6854248	27.60000038	-4.699999809	32.29999924	3.03333354	19.13333321	21.71666718	0.550000072	1065	102	73	11.05179977	289	236	247	273	NA	NA	NA	NA	NA	NA	NA	NA	NA	NA	NA	NA	NA	13727.83301	0.872099996	NA
763	4205.255459	42.3	74.3667	-2.995833397	13.67500019	29.72826195	1198.782471	19.89999962	-26.10000038	46	8.016666412	-18.33333397	10.11666679	-18.33333397	451	72	16	48.31715393	193	56	153	56	NA	NA	NA	NA	NA	NA	NA	NA	NA	NA	NA	NA	NA	14876.75	0.448000014	NA
766	5465.654017	42.5833	73.6333	-4.283333302	13.51666641	32.64895248	1032.25769	16.89999962	-24.5	41.40000153	0.533333182	-16.96666718	7.349999905	-16.96666718	639	93	25	40.87260437	253	87	197	87	NA	NA	NA	NA	NA	NA	NA	NA	NA	NA	NA	NA	NA	14493.83301	0.649600029	NA
768	4613.823876	42.8	76.35	0.716666698	10.39999962	29.05027771	962.5825195	18.70000076	-17.10000038	35.80000305	9.699999809	-11.5	11.71666718	-11.5	356	60	7	65.94456482	173	25	165	25	NA	NA	NA	NA	NA	NA	NA	NA	NA	NA	NA	NA	NA	14747.58301	0.353399992	NA
772	5299.316902	37.35	72.4667	1.625	12.5	31.09452629	1026.581909	22.10000038	-18.10000038	40.20000076	-0.016666651	13.40000057	13.61666679	-11.16666698	155	27	2	58.00998688	74	14	21	41	NA	NA	NA	NA	NA	NA	NA	NA	NA	NA	NA	NA	NA	15208.66699	0.132499993	NA
801	5235.358645	37.9169	-84.4639	12.5583334	11.88333321	33.66383362	882.3466187	30.10000038	-5.199999809	35.29999924	21.10000038	13.63333321	23.18333244	1.333333373	1169	120	70	15.98645496	345	248	322	265	NA	NA	NA	NA	NA	NA	NA	NA	NA	NA	NA	NA	NA	14092.75	0.916299999	NA
870	5134.344489	41.8266	-86.4366	9.583333015	10.0666666	27.57990837	974.0410767	28	-8.5	36.5	21.26666641	-1.416666746	21.26666641	-2.866666794	985	100	46	20.11054039	286	174	286	183	NA	NA	NA	NA	NA	NA	NA	NA	NA	NA	NA	NA	NA	13051.25	0.873000026	NA
915	5694.14748	41.8972	-71.4378	9.708333015	11.34999943	31.35359001	910.1793823	27.89999962	-8.300000191	36.20000076	1.133333325	18.13333321	20.76666641	-1.649999976	1206	118	86	8.876941681	331	272	280	306	NA	NA	NA	NA	NA	NA	NA	NA	NA	NA	NA	NA	NA	13269.58301	1.044399977	NA
932	5550.328462	42.3634	-71.1445	10.20833302	11.36666679	30.55555534	934.1958618	29.20000076	-8	37.20000076	1.200000048	19.13333321	21.66666603	-1.449999928	1140	106	86	7.120557308	308	263	268	288	NA	NA	NA	NA	NA	NA	NA	NA	NA	NA	NA	NA	NA	12965.33301	0.916000009	NA
991	5370.420327	55.3833	14.05	NA	NA	NA	NA	NA	NA	NA	NA	NA	NA	NA	NA	NA	NA	NA	NA	NA	NA	NA	NA	NA	NA	NA	NA	NA	NA	NA	NA	NA	NA	NA	NA	NA	NA	NA
992	5148.493601	55.3833	14.05	NA	NA	NA	NA	NA	NA	NA	NA	NA	NA	NA	NA	NA	NA	NA	NA	NA	NA	NA	NA	NA	NA	NA	NA	NA	NA	NA	NA	NA	NA	NA	NA	NA	NA	NA
997	5990.777603	55.3833	14.05	NA	NA	NA	NA	NA	NA	NA	NA	NA	NA	NA	NA	NA	NA	NA	NA	NA	NA	NA	NA	NA	NA	NA	NA	NA	NA	NA	NA	NA	NA	NA	NA	NA	NA	NA
1002	4522.997789	55.3833	14.05	NA	NA	NA	NA	NA	NA	NA	NA	NA	NA	NA	NA	NA	NA	NA	NA	NA	NA	NA	NA	NA	NA	NA	NA	NA	NA	NA	NA	NA	NA	NA	NA	NA	NA	NA
1061	4817.26328	55.7167	14.1333	7.579166889	6.858333111	29.18439674	620.701416	21.10000038	-2.400000095	23.5	8.300000191	2.533333302	15.5666666	0.466666639	679	70	39	18.88563538	206	132	171	167	0.072546445	1.445899963	8.966086388	11.89028263	10.59540081	10.90642357	8.468811035	117.4298019	1.613370895	50.66030502	6.248390198	66.51721191	22.88739014	9923.833008	0.930299997	40
1062	5363.207207	55.7167	14.1333	7.579166889	6.858333111	29.18439674	620.701416	21.10000038	-2.400000095	23.5	8.300000191	2.533333302	15.5666666	0.466666639	679	70	39	18.88563538	206	132	171	167	0.072546445	1.445899963	8.966086388	11.89028263	10.59540081	10.90642357	8.468811035	117.4298019	1.613370895	50.66030502	6.248390198	66.51721191	22.88739014	9923.833008	0.930299997	40
1063	5731.589372	55.7167	14.1333	7.579166889	6.858333111	29.18439674	620.701416	21.10000038	-2.400000095	23.5	8.300000191	2.533333302	15.5666666	0.466666639	679	70	39	18.88563538	206	132	171	167	0.072546445	1.445899963	8.966086388	11.89028263	10.59540081	10.90642357	8.468811035	117.4298019	1.613370895	50.66030502	6.248390198	66.51721191	22.88739014	9923.833008	0.930299997	40
1066	4919.081178	55.7167	14.1333	7.579166889	6.858333111	29.18439674	620.701416	21.10000038	-2.400000095	23.5	8.300000191	2.533333302	15.5666666	0.466666639	679	70	39	18.88563538	206	132	171	167	0.072546445	1.445899963	8.966086388	11.89028263	10.59540081	10.90642357	8.468811035	117.4298019	1.613370895	50.66030502	6.248390198	66.51721191	22.88739014	9923.833008	0.930299997	40
1158	4506.017524	56.7	16.5167	7.070833206	7.558333397	29.4098568	665.0579834	21.60000038	-4.099999905	25.70000076	14.91666698	1.616666675	15.69999981	-0.516666651	521	56	31	20.10188866	162	98	151	119	0.07626342	1.133226871	13.19333839	12.91362667	13.52543831	13.73910999	8.333993912	96.15818787	2.722232819	27.90097618	6.050233841	61.56747818	24.9070816	10130	0.701499999	29
1254	4675.515713	59.4333	17.0167	6.279166698	7.525000095	26.97132683	740.2071533	21.60000038	-6.300000191	27.90000153	15.8166666	-1.900000095	15.8166666	-2.383333445	529	65	23	29.94579124	179	85	179	98	NA	NA	0	18.42562485	12.76269341	22.34348488	NA	158.154953	2.780440331	17.23876762	4.614215851	73.66558838	13.57171631	9761	0.691399992	NA
1257	5080.701842	59.4333	17.0167	6.279166698	7.525000095	26.97132683	740.2071533	21.60000038	-6.300000191	27.90000153	15.8166666	-1.900000095	15.8166666	-2.383333445	529	65	23	29.94579124	179	85	179	98	NA	NA	0	18.42562485	12.76269341	22.34348488	NA	158.154953	2.780440331	17.23876762	4.614215851	73.66558838	13.57171631	9761	0.691399992	NA
1317	4563.514158	59.5667	16.8667	6.208333492	7.766666412	27.34741783	749.7358398	21.79999924	-6.599999905	28.39999962	15.86666679	-2.099999905	15.86666679	-2.583333254	534	70	24	30.77636528	184	88	184	98	NA	NA	1.644965529	17.7133503	31.48813248	14.21130943	NA	188.9149933	2.157325506	26.31598473	6.100196362	32.36734009	36.14452744	9693.666992	0.707899988	NA
1552	5342.170373	63.0833	18.3667	3.033333302	7.933333397	26.62192345	788.6130981	19.5	-10.30000019	29.79999924	3.183333397	1.666666627	13.35000038	-6.066666603	718	86	36	28.82222176	239	123	204	152	0.087559715	1.046444654	0	12.62069511	7.197326183	26.01202011	11.26034737	150.3669281	2.239280701	25.72888947	4.545143127	67.78623962	25.01643372	8956.666992	1.14199996	32
1829	5137.818134	42.051	-86.509	9.545833588	9.491666794	26.6619854	962.1317749	27.70000076	-7.900000095	35.60000229	20.46666718	-1.350000024	21.21666718	-2.566666603	949	98	42	21.14732552	279	162	274	175	NA	NA	NA	NA	NA	NA	NA	NA	NA	NA	NA	NA	NA	13089.75	0.846000016	NA
1853	5464.00741	43.595	-86.2657	7.595833302	10.8083334	29.21171188	979.6902466	27	-10	37	15.05000019	-3.850000143	19.31666565	-4.666666985	863	107	38	25.439291	283	152	229	163	NA	NA	NA	NA	NA	NA	NA	NA	NA	NA	NA	NA	NA	12754.83301	0.842100024	NA
1872	5027.540284	43.595	-86.2657	7.595833302	10.8083334	29.21171188	979.6902466	27	-10	37	15.05000019	-3.850000143	19.31666565	-4.666666985	863	107	38	25.439291	283	152	229	163	NA	NA	NA	NA	NA	NA	NA	NA	NA	NA	NA	NA	NA	12754.83301	0.842100024	NA
1890	5241.019672	43.5139	-86.1859	7.849999905	11.05000019	30.027174	965.6463013	27.10000038	-9.699999809	36.79999924	15.0666666	-3.366666555	19.43333435	-4.233333111	848	105	37	25.22410583	275	151	223	163	NA	NA	NA	NA	NA	NA	NA	NA	NA	NA	NA	NA	NA	12811.66699	0.821200013	NA
1925	4780.951496	43.5251	-86.1843	7.800000191	11.08333302	29.95495415	969.9273682	27.20000076	-9.800000191	37	15.05000019	-3.466666698	19.45000076	-4.333333015	849	106	37	25.27732086	275	151	223	163	NA	NA	NA	NA	NA	NA	NA	NA	NA	NA	NA	NA	NA	12799.25	0.824500024	NA
1954	4458.023731	43.5187	-86.1739	7.787499905	11.09166622	30.05871582	966.4088135	27.10000038	-9.800000191	36.90000153	15	-3.433333158	19.38333321	-4.316666603	848	104	37	25.04099655	275	150	225	163	NA	NA	NA	NA	NA	NA	NA	NA	NA	NA	NA	NA	NA	12828.5	0.824899971	NA
2016	4002.817417	43.5356	-86.1788	7.779166698	11.10833359	29.86111259	974.6338501	27.29999924	-9.899999619	37.19999695	15.05000019	-3.533333302	19.48333359	-4.433333397	852	105	37	25.22346878	277	151	226	163	NA	NA	NA	NA	NA	NA	NA	NA	NA	NA	NA	NA	NA	12791.75	0.829699993	NA
2171	5238.50253	42.148	-86.431	9.508333206	9.633333206	27.13614845	961.0217896	27.70000076	-7.800000191	35.5	20.38333321	-1.366666675	21.18333435	-2.599999905	934	100	41	21.70871353	279	158	268	172	NA	NA	NA	NA	NA	NA	NA	NA	NA	NA	NA	NA	NA	13044.66699	0.824800014	NA
2202	4497.05159	43.7623	-86.3929	7.741666794	10.21666718	28.37962914	956.7792358	26.60000038	-9.399999619	36	15.28333378	-3.549999952	19.21666718	-4.116666794	846	103	37	26.01890755	281	146	229	158	NA	NA	NA	NA	NA	NA	NA	NA	NA	NA	NA	NA	NA	12802.91699	0.830600023	NA
2276	4783.609069	43.665	-86.496	7.841666698	9.900000572	27.65363121	959.1351318	26.60000038	-9.199999809	35.79999924	15.4333334	-3.416666746	19.39999962	-3.983333349	852	103	37	25.272089	278	149	228	157	NA	NA	NA	NA	NA	NA	NA	NA	NA	NA	NA	NA	NA	12729.58301	0.830900013	NA
2278	5067.725873	43.665	-86.496	7.841666698	9.900000572	27.65363121	959.1351318	26.60000038	-9.199999809	35.79999924	15.4333334	-3.416666746	19.39999962	-3.983333349	852	103	37	25.272089	278	149	228	157	NA	NA	NA	NA	NA	NA	NA	NA	NA	NA	NA	NA	NA	12729.58301	0.830900013	NA
2317	4259.389731	42.03	-86.514	9.600000381	9.616666794	26.78737259	965.6838989	27.89999962	-8	35.90000153	20.51666641	-1.299999952	21.31666565	-2.583333254	952	99	42	21.21390533	280	163	275	175	NA	NA	NA	NA	NA	NA	NA	NA	NA	NA	NA	NA	NA	13062.83301	0.842000008	NA
4779	4412.419945	50.4	-4.9	10.39166641	5.75	36.85897446	371.1887207	19	3.400000095	15.60000038	7.233333111	13.5	15.16666603	6.333333015	1056	123	60	27.84159851	366	188	222	289	0.0967388	1.042926192	7.479747772	14.98484135	21.60126686	14.14374065	11.55328751	193.9339905	2.761478662	45.45023346	5.61194849	39.55083466	38.84790039	10587.83301	1.33949995	36
4807	5507.20134	50.4	-4.9	10.39166641	5.75	36.85897446	371.1887207	19	3.400000095	15.60000038	7.233333111	13.5	15.16666603	6.333333015	1056	123	60	27.84159851	366	188	222	289	0.0967388	1.042926192	7.479747772	14.98484135	21.60126686	14.14374065	11.55328751	193.9339905	2.761478662	45.45023346	5.61194849	39.55083466	38.84790039	10587.83301	1.33949995	36
4884	5304.425473	50.3	-4.9	10.77083302	5.825000286	37.8246727	363.9833984	19.20000076	3.799999952	15.40000057	7.699999809	13.8166666	15.44999981	6.766666412	991	119	56	28.42443848	346	176	203	273	0.098946236	1.010891914	0.10653837	16.29500771	25.10638809	11.42461491	23.26969528	251.9655304	2.081751823	63.08597565	6.237138271	34.63851929	40.25509262	10635.83301	1.265799999	37
4900	5286.407945	50.3	-4.8	10.78333378	5.599999905	36.84210587	361.3631592	19.10000038	3.900000095	15.20000076	7.766666412	13.80000019	15.4333334	6.816666603	975	121	57	29.41383553	345	177	193	264	0.098503195	1.026575446	33.17592621	15.0716877	21.68834496	10.954319	13.38559437	170.0667114	2.303491592	50.83631516	5.982152462	34.99355316	43.31809998	10688.83301	1.26760006	37
4958	3835.843287	50.5	-4.5	9.658333778	6.150000095	37.5	383.0133972	18.70000076	2.299999952	16.40000153	6.400000095	12.95000076	14.55000019	5.449999809	1152	139	67	28.28099251	403	208	234	366	0.105993129	0.963584721	11.43183613	11.15669632	26.74670982	9.80183506	24.74900055	204.885376	2.55812335	44.46256256	5.998438358	26.20877075	47.04451752	10566.83301	1.479799986	34
5104	4683.615542	51.3	0.5	10.32916641	7.758333206	37.66181183	485.6835022	22.20000076	1.600000024	20.60000038	5.699999809	6.550000191	16.54999924	4.800000191	613	65	38	18.8024292	191	124	138	164	0.091499723	1.343291163	141.5297699	24.21574211	27.55258942	11.13146782	18.41960526	220.9618225	2.326689482	39.21336746	7.609491825	38.69399261	33.75341797	9928	0.76700002	34
5151	4137.361825	52.2	-1.7	9.495833397	8.541666985	39.36251831	476.3757935	22.10000038	0.400000006	21.70000076	4.983333111	5.783333302	15.61666679	4.050000191	621	59	41	11.88361835	172	132	160	158	0.117844217	1.350302935	11.68261337	11.97515011	25.88082504	11.99206638	16.73054695	231.8455811	1.833458424	37.35913849	6.342755795	47.61467743	26.50450134	9706.083008	0.81309998	55
5165	4558.798956	51.3	0.4	10.07499981	7.733333111	37.90849686	477.8907166	21.79999924	1.399999976	20.39999962	5.533333302	6.333333492	16.18333244	4.633333206	635	68	41	19.00447845	200	132	140	174	0.10149911	1.358818889	70.52586365	25.29578781	24.2378521	10.32834053	13.06570053	261.9714355	2.91869235	52.03345108	7.019269943	26.03903961	49.72310638	9942.75	0.810599983	34
5210	4465.933959	51.2	0.3	10.14166641	7.75	37.99019623	473.203949	21.79999924	1.399999976	20.39999962	5.683333397	6.383333206	16.16666603	4.75	686	75	43	21.99001503	221	141	144	192	0.099518903	1.155023813	23.52748108	20.02464104	27.30315018	11.04573059	23.97092438	271.6626587	2.488820076	54.34489441	6.88061142	34.52474213	38.1721077	9939.083008	0.87650001	34
5236	4586.636971	51.2	0.4	10.19583321	7.908333302	38.20450974	477.9570923	22.10000038	1.399999976	20.70000076	5.666666508	6.449999809	16.28333282	4.716666698	669	73	42	21.67440033	215	138	141	186	0.096163169	1.243729711	32.60712433	17.56606483	21.60476303	9.523988724	16.99503136	236.647171	1.803288698	44.5043869	6.90551281	34.85578156	43.53945541	9968.083008	0.862500012	34
5253	4432.030961	51.1	0.6	9.891666412	7.366666317	36.83333206	475.6136169	21.29999924	1.299999952	20	7.583333492	11.3166666	15.91666603	4.449999809	739	82	46	24.77712822	243	146	151	207	0.097122744	1.069815397	0	16.94691467	19.83865929	18.11048508	13.68975163	214.7557373	1.587376356	13.32993507	5.137814045	27.58625793	52.57508087	10063	0.969099998	34
5276	5924.87374	51.3	1.1	10.28333378	7.200000286	36.18090439	479.6747742	21.60000038	1.700000048	19.89999962	11.05000019	6.483333111	16.35000038	4.849999905	597	66	35	20.3238945	189	119	135	148	0.088796027	1.180930495	51.10625458	17.74884605	20.87992096	10.45697212	12.06621742	234.9220428	1.941356301	50.45359039	7.282405853	43.69742203	35.4226532	10072.08301	0.756299973	39
5349	5658.329464	51.1	0.4	9.916666985	7.566666603	37.64510727	468.79599	21.39999962	1.299999952	20.10000038	5.516666889	14.1833334	15.88333321	4.566666603	777	87	46	25.74650192	257	150	153	223	0.092696622	1.155851364	15.2138195	16.95636177	17.05481529	12.39321423	13.37088013	250.4067841	1.560422659	36.27475357	6.070944786	32.17354584	50.77163696	9997.583008	0.99059999	34
5353	4944.826713	54.5	-3	5.237500191	6.358333111	35.72097397	431.8465881	15.60000038	-2.200000048	17.80000114	1.116666675	6.800000191	10.88333321	0.433333337	2324	267	124	28.53967476	788	392	423	723	0.084702507	1.173658609	33.5749588	22.60381317	8.574110985	16.67633438	16.97264481	151.9971924	5.221364021	17.01065636	5.229228497	76.2233429	15.20254517	8753.833008	3.96239996	41
5486	4568.134381	54.6	-3.3	7.920833588	6.558333397	37.26325989	425.2617188	17.89999962	0.300000012	17.60000038	3.683333397	9.516666412	13.33333302	2.966666698	1400	156	80	25.39597702	458	244	277	423	0.110663138	1.068919063	37.98223877	10.83470535	19.37482834	10.72122097	18.68632698	179.652359	3.8731637	47.58574295	5.481610775	53.97257996	26.65258789	8871.916992	2.127000093	43
5577	5393.238746	54.7	-3.4	8.579166412	6.625	37.64204407	423.3709717	18.60000038	1	17.60000038	4.400000095	10.05000019	14	3.700000048	1148	129	63	26.25346375	378	194	230	350	0.096324593	1.039741993	0	16.87689209	20.25861168	10.88294697	21.76986313	233.977066	3.219240904	49.25008011	5.71532917	40.56369781	39.1776886	9053.416992	1.682999969	44
5644	5150.912977	54.4	-2.9	7.950000286	6.650000095	37.35955048	432.434967	18	0.200000003	17.79999924	5.683333397	9.483333588	13.45000076	2.916666746	1688	189	96	26.23675728	558	289	335	496	0.103684366	1.047110081	0	12.64304829	22.27962685	11.87505054	24.98801804	222.2190094	4.548619747	73.43497467	5.289566994	37.15213013	40.56824493	8970.75	2.62409997	37
5720	5434.787046	53.3	-1.6	7.829166412	6.691666603	35.97669983	447.0380249	18.5	-0.100000001	18.60000038	3.733333349	12.01666641	13.60000038	2.816666603	1161	127	74	18.80858803	367	234	247	338	0.083526216	1.1347965	0	19.31463623	9.117919922	22.57719803	18.3639164	156.0240326	2.843041658	18.64135742	4.728962421	79.0485611	11.83351898	9333.416992	1.616400003	49
5726	4953.305426	51.3	1.1	10.28333378	7.200000286	36.18090439	479.6747742	21.60000038	1.700000048	19.89999962	11.05000019	6.483333111	16.35000038	4.849999905	597	66	35	20.3238945	189	119	135	148	0.088796027	1.180930495	51.10625458	17.74884605	20.87992096	10.45697212	12.06621742	234.9220428	1.941356301	50.45359039	7.282405853	43.69742203	35.4226532	10072.08301	0.756299973	39
5741	5467.937712	56.6	-4.1	6.641666889	6.216666698	36.5686264	414.0093994	16.20000076	-0.800000012	17	2.716666698	8.083333015	11.9333334	2.016666651	1555	201	76	31.71343994	539	247	276	499	0.095263004	1.074335217	49.54417419	18.26365852	21.74430656	15.12775135	14.54389763	155.1622925	4.574044704	23.50403595	5.739560604	34.2982254	43.95746613	8425.916992	2.535300016	26
5748	5149.933513	56	-4.4	7.329166889	6.108333111	37.93996048	392.7783203	16.39999962	0.300000012	16.10000038	3.649999857	8.566666603	12.30000019	2.916666746	1669	205	83	31.98493004	571	258	292	526	0.08575207	1.159986377	0	17.21097183	17.04771423	15.53143406	13.93440151	149.1517944	4.005335331	18.37334442	4.837441444	54.34497833	28.60730743	8579.5	2.304500103	41
5757	3889.907806	54.6	-2.3	6.070833206	6.591666698	35.63063049	438.9784546	16.89999962	-1.600000024	18.5	1.966666698	7.5	11.76666641	1.133333325	1719	193	100	24.63622284	566	304	342	516	0.078369416	1.170099974	0	22.50311852	6.272722721	18.87295532	23.46931648	234.7928467	4.785502434	24.16426086	5.254739285	82.1975174	11.52976227	8948.833008	2.786099911	43
5768	4013.224293	54.1	-1.5	9.104166985	7.258333206	37.60794449	451.1876221	20.20000076	0.899999976	19.30000114	4.783333302	5.650000095	14.88333321	3.933333158	637	64	42	13.10901451	184	136	158	168	0.094551928	1.017758012	0	16.19437599	23.66488266	12.79278946	6.343597412	244.4828491	4.150183201	42.91013336	5.817857265	44.74505997	31.59005737	9316.166992	0.832499981	51
5772	5310.093441	54.1	-2.3	7.900000095	6.650000095	35.94594574	441.4953918	18.5	0	18.5	3.700000048	9.399999619	13.5666666	2.866666794	1454	160	83	23.7978611	472	262	308	414	0.114178248	0.997674644	0	13.80042362	24.57938004	12.14852142	23.91193199	242.0193024	3.355493307	40.88710022	5.520674706	34.07382202	41.34679794	9142.666992	2.130899906	38
5779	4140.711174	51	-3.1	10.57499981	7.433333397	38.71527863	436.5802002	21.60000038	2.400000095	19.20000076	6.599999905	11.80000019	16.23333359	5.699999809	910	99	53	21.41371536	292	170	195	265	0.096298404	1.370553374	64.05084991	23.25384331	21.37207985	11.24553013	13.95600605	241.6079865	2.585774422	49.98051834	6.871966839	48.81056976	29.81735229	10324.66699	1.088400006	39
5784	4351.7875	56.4	-5.2	8.395833015	5.891666889	37.28902817	389.1217346	17.20000076	1.399999976	15.80000114	4.633333206	9.800000191	13.30000019	3.933333397	1621	188	78	30.53637123	547	250	309	490	0.080387428	1.141479015	0	15.22099686	12.87502384	14.51967335	12.82446384	173.4147491	4.483271122	19.93100357	5.454890251	63.29649734	23.82847595	8384.166992	2.342999935	43
5800	4575.604335	57.4	-5.5	NA	NA	NA	NA	NA	NA	NA	NA	NA	NA	NA	NA	NA	NA	NA	NA	NA	NA	NA	NA	NA	0	26.74503136	9.863682747	20.21239853	10.62107849	194.0218506	3.43197608	23.61338043	4.918177605	71.89917755	18.23713684	NA	NA	NA
5811	4595.837025	52.9	-3.1	8.283333778	7.449999809	39.21052551	424.704895	19.10000038	0.100000001	19	4.433333397	12.25	13.80000019	3.566666603	1013	111	64	19.20115662	319	203	216	283	0.113744348	1.022587061	3.145767689	15.98854637	21.38574028	12.09953785	22.23896027	186.8009644	3.00532341	38.12031555	5.678231716	38.11081696	40.50344086	9621.916992	1.448699951	45
5822	4511.862696	56.7333	-5.98333	8.916666985	3.850000143	29.84496117	351.5183411	16.20000076	3.299999952	12.90000057	5.616666794	9.966667175	13.35000038	4.916666508	2215	267	97	34.29663467	775	322	388	680	0.076206572	1.192828178	6.270573616	17.68348312	3.664246559	18.97579765	10.76276302	95.36903381	3.044082403	16.61573792	5.17007637	85.7542038	10.5815506	8496.666992	2.877199888	44
5830	5504.772626	56.3333	15.9667	7.229166508	6.558333397	27.78954887	637.1865234	20.60000038	-3	23.60000038	8.100000381	5.300000191	15.46666718	0.049999971	595	62	35	18.18660355	175	114	159	147	0.077064872	1.125396967	5.772596359	29.2597084	9.564622879	19.78914833	13.06265163	95.00409698	6.656756878	25.63184166	5.389511585	74.05254364	16.38283539	10027.75	0.820299983	40
5831	5807.750996	56.3333	15.9667	7.229166508	6.558333397	27.78954887	637.1865234	20.60000038	-3	23.60000038	8.100000381	5.300000191	15.46666718	0.049999971	595	62	35	18.18660355	175	114	159	147	0.077064872	1.125396967	5.772596359	29.2597084	9.564622879	19.78914833	13.06265163	95.00409698	6.656756878	25.63184166	5.389511585	74.05254364	16.38283539	10027.75	0.820299983	40
5832	4414.305308	56.3333	15.9667	7.229166508	6.558333397	27.78954887	637.1865234	20.60000038	-3	23.60000038	8.100000381	5.300000191	15.46666718	0.049999971	595	62	35	18.18660355	175	114	159	147	0.077064872	1.125396967	5.772596359	29.2597084	9.564622879	19.78914833	13.06265163	95.00409698	6.656756878	25.63184166	5.389511585	74.05254364	16.38283539	10027.75	0.820299983	40
5837	4878.815579	49.4013	16.2326	7.345833302	8.358333588	30.28381729	733.6535645	22.60000038	-5	27.60000038	16.29999924	-0.366666675	16.29999924	-1.683333397	560	84	26	42.54829407	226	82	226	85	0.092415601	1.367708564	2.04831624	9.663686752	15.61371231	11.11383152	15.99536133	187.0365753	1.524151206	33.96364594	5.676602364	50.20911407	34.1771698	10929.41699	0.660099983	47
5865	5255.42006	55.76	14.12	7.416666985	6.966666698	29.51977348	621.5425415	21.10000038	-2.5	23.60000038	8.100000381	2.400000095	15.41666698	0.283333331	696	71	40	19.01164436	210	135	178	171	0.069194511	1.329394102	14.69206524	11.52854347	9.280697823	14.76015663	13.58012295	119.394043	2.395784855	56.59951019	5.90877676	70.67905426	20.04024506	9910.416992	0.945900023	40
5867	5784.602577	55.76	14.12	7.416666985	6.966666698	29.51977348	621.5425415	21.10000038	-2.5	23.60000038	8.100000381	2.400000095	15.41666698	0.283333331	696	71	40	19.01164436	210	135	178	171	0.069194511	1.329394102	14.69206524	11.52854347	9.280697823	14.76015663	13.58012295	119.394043	2.395784855	56.59951019	5.90877676	70.67905426	20.04024506	9910.416992	0.945900023	40
5874	5001.327748	49.4112	16.2815	7.395833492	8.241666794	30.07907486	733.8084106	22.5	-4.900000095	27.39999962	16.35000038	-0.300000012	16.35000038	-1.633333325	560	85	26	42.74531555	226	82	226	85	0.082404971	1.400041461	0	11.53142357	18.05256653	10.38245678	16.11732292	205.5180206	2.134118557	38.88417053	5.95461607	44.13959503	37.80783844	10930.91699	0.660000026	47
5890	5097.670431	49.4112	16.2815	7.395833492	8.241666794	30.07907486	733.8084106	22.5	-4.900000095	27.39999962	16.35000038	-0.300000012	16.35000038	-1.633333325	560	85	26	42.74531555	226	82	226	85	0.082404971	1.400041461	0	11.53142357	18.05256653	10.38245678	16.11732292	205.5180206	2.134118557	38.88417053	5.95461607	44.13959503	37.80783844	10930.91699	0.660000026	47
5893	5497.848717	49.4112	16.2815	7.395833492	8.241666794	30.07907486	733.8084106	22.5	-4.900000095	27.39999962	16.35000038	-0.300000012	16.35000038	-1.633333325	560	85	26	42.74531555	226	82	226	85	0.082404971	1.400041461	0	11.53142357	18.05256653	10.38245678	16.11732292	205.5180206	2.134118557	38.88417053	5.95461607	44.13959503	37.80783844	10930.91699	0.660000026	47
5907	6020.164331	49.4112	16.2815	7.395833492	8.241666794	30.07907486	733.8084106	22.5	-4.900000095	27.39999962	16.35000038	-0.300000012	16.35000038	-1.633333325	560	85	26	42.74531555	226	82	226	85	0.082404971	1.400041461	0	11.53142357	18.05256653	10.38245678	16.11732292	205.5180206	2.134118557	38.88417053	5.95461607	44.13959503	37.80783844	10930.91699	0.660000026	47
5921	4680.214355	49.4112	16.2815	7.395833492	8.241666794	30.07907486	733.8084106	22.5	-4.900000095	27.39999962	16.35000038	-0.300000012	16.35000038	-1.633333325	560	85	26	42.74531555	226	82	226	85	0.082404971	1.400041461	0	11.53142357	18.05256653	10.38245678	16.11732292	205.5180206	2.134118557	38.88417053	5.95461607	44.13959503	37.80783844	10930.91699	0.660000026	47
5950	5212.387704	49.4112	16.2815	7.395833492	8.241666794	30.07907486	733.8084106	22.5	-4.900000095	27.39999962	16.35000038	-0.300000012	16.35000038	-1.633333325	560	85	26	42.74531555	226	82	226	85	0.082404971	1.400041461	0	11.53142357	18.05256653	10.38245678	16.11732292	205.5180206	2.134118557	38.88417053	5.95461607	44.13959503	37.80783844	10930.91699	0.660000026	47
5984	6477.082911	49.4112	16.2815	7.395833492	8.241666794	30.07907486	733.8084106	22.5	-4.900000095	27.39999962	16.35000038	-0.300000012	16.35000038	-1.633333325	560	85	26	42.74531555	226	82	226	85	0.082404971	1.400041461	0	11.53142357	18.05256653	10.38245678	16.11732292	205.5180206	2.134118557	38.88417053	5.95461607	44.13959503	37.80783844	10930.91699	0.660000026	47
5993	5538.646416	49.4112	16.2815	7.395833492	8.241666794	30.07907486	733.8084106	22.5	-4.900000095	27.39999962	16.35000038	-0.300000012	16.35000038	-1.633333325	560	85	26	42.74531555	226	82	226	85	0.082404971	1.400041461	0	11.53142357	18.05256653	10.38245678	16.11732292	205.5180206	2.134118557	38.88417053	5.95461607	44.13959503	37.80783844	10930.91699	0.660000026	47
6008	5893.334513	49.1	16.2	8.845833778	8.641666412	30.42840385	756.7077637	24.5	-3.900000095	28.39999962	16.51666641	0.98333329	18.10000038	-0.5	512	78	23	43.12439728	208	75	206	76	0.085490525	1.408218741	0.114053428	15.62842274	13.75310516	10.67679024	15.78114796	309.2537842	1.446843982	38.34349442	6.226304531	40.48628998	45.76060486	11115.83301	0.548600018	48
6009	4254.439354	62.877	18.177	3.508333206	7.949999809	26.5	791.2155151	19.89999962	-10.10000038	30	3.783333302	2.133333206	13.83333302	-5.716666698	715	88	38	28.14828682	242	126	195	152	0.077783406	1.159841061	0	9.000304222	9.338757515	24.94968033	16.80441666	170.2844849	2.885146379	24.92455673	4.265215397	71.114151	19.54708862	9013.916992	1.079200029	36
6011	5020.478798	62.877	18.177	3.508333206	7.949999809	26.5	791.2155151	19.89999962	-10.10000038	30	3.783333302	2.133333206	13.83333302	-5.716666698	715	88	38	28.14828682	242	126	195	152	0.077783406	1.159841061	0	9.000304222	9.338757515	24.94968033	16.80441666	170.2844849	2.885146379	24.92455673	4.265215397	71.114151	19.54708862	9013.916992	1.079200029	36
6012	5542.892737	62.877	18.177	3.508333206	7.949999809	26.5	791.2155151	19.89999962	-10.10000038	30	3.783333302	2.133333206	13.83333302	-5.716666698	715	88	38	28.14828682	242	126	195	152	0.077783406	1.159841061	0	9.000304222	9.338757515	24.94968033	16.80441666	170.2844849	2.885146379	24.92455673	4.265215397	71.114151	19.54708862	9013.916992	1.079200029	36
6013	4798.738654	62.877	18.177	3.508333206	7.949999809	26.5	791.2155151	19.89999962	-10.10000038	30	3.783333302	2.133333206	13.83333302	-5.716666698	715	88	38	28.14828682	242	126	195	152	0.077783406	1.159841061	0	9.000304222	9.338757515	24.94968033	16.80441666	170.2844849	2.885146379	24.92455673	4.265215397	71.114151	19.54708862	9013.916992	1.079200029	36
6019	5570.3097	56.06	14.29	7.425000191	7.600000381	31.2757206	637.5788574	21.5	-2.799999952	24.29999924	14.78333378	2.416666508	15.60000038	0.049999993	575	60	32	20.48856544	173	104	167	125	0.071636371	1.522172213	26.39396667	10.55120087	6.884860992	12.10207176	8.382564545	104.6217575	1.714125752	40.81027603	6.060199261	74.22499084	18.89015198	9883.083008	0.785399973	36
6020	5744.526558	56.06	14.29	7.425000191	7.600000381	31.2757206	637.5788574	21.5	-2.799999952	24.29999924	14.78333378	2.416666508	15.60000038	0.049999993	575	60	32	20.48856544	173	104	167	125	0.071636371	1.522172213	26.39396667	10.55120087	6.884860992	12.10207176	8.382564545	104.6217575	1.714125752	40.81027603	6.060199261	74.22499084	18.89015198	9883.083008	0.785399973	36
6021	6168.601138	56.06	14.29	7.425000191	7.600000381	31.2757206	637.5788574	21.5	-2.799999952	24.29999924	14.78333378	2.416666508	15.60000038	0.049999993	575	60	32	20.48856544	173	104	167	125	0.071636371	1.522172213	26.39396667	10.55120087	6.884860992	12.10207176	8.382564545	104.6217575	1.714125752	40.81027603	6.060199261	74.22499084	18.89015198	9883.083008	0.785399973	36
6023	5577.211801	55.7509	13.3712	7.941666603	6.816666603	28.88418198	643.3959351	21.29999924	-2.299999952	23.59999847	8.583333015	2.816666603	16.10000038	0.466666669	677	71	37	20.90590096	207	125	180	160	0.076581366	1.186851263	0	8.632165909	10.72564411	12.22127724	6.74111414	123.129097	1.651660323	48.25697327	5.826313019	67.62792206	21.64643097	9822.666992	0.893599987	36
6024	4716.055077	55.7509	13.3712	7.941666603	6.816666603	28.88418198	643.3959351	21.29999924	-2.299999952	23.59999847	8.583333015	2.816666603	16.10000038	0.466666669	677	71	37	20.90590096	207	125	180	160	0.076581366	1.186851263	0	8.632165909	10.72564411	12.22127724	6.74111414	123.129097	1.651660323	48.25697327	5.826313019	67.62792206	21.64643097	9822.666992	0.893599987	36
6025	5274.90879	62.6437	17.7339	3.191666603	7.949999809	26.41195869	801.9205322	19.5	-10.60000038	30.10000038	8.616666794	-2.700000048	13.55000019	-6.300000191	729	82	38	25.93966866	236	130	208	152	0.072365858	1.160022497	0	14.78325653	2.906234741	27.11137581	13.40215015	201.7411194	2.204772949	22.6769104	4.234749317	85.4758606	11.61790466	9028.75	1.149999976	28
6034	4598.287862	56.1	13.74	7.099999905	7.349999905	30.24691391	640.6317749	20.89999962	-3.400000095	24.29999924	3.916666746	5.933333397	15.25	-0.400000006	767	79	44	20.25018501	232	145	193	198	0.075360775	1.109084964	21.04700851	12.86776161	11.74979401	13.63500118	14.68470764	93.532547	1.974118114	32.95039749	5.626195908	52.87260437	35.37760162	9784.416992	1.06309998	33
6038	5447.611398	56.1	13.74	7.099999905	7.349999905	30.24691391	640.6317749	20.89999962	-3.400000095	24.29999924	3.916666746	5.933333397	15.25	-0.400000006	767	79	44	20.25018501	232	145	193	198	0.075360775	1.109084964	21.04700851	12.86776161	11.74979401	13.63500118	14.68470764	93.532547	1.974118114	32.95039749	5.626195908	52.87260437	35.37760162	9784.416992	1.06309998	33
6039	4498.853634	56.1	13.74	7.099999905	7.349999905	30.24691391	640.6317749	20.89999962	-3.400000095	24.29999924	3.916666746	5.933333397	15.25	-0.400000006	767	79	44	20.25018501	232	145	193	198	0.075360775	1.109084964	21.04700851	12.86776161	11.74979401	13.63500118	14.68470764	93.532547	1.974118114	32.95039749	5.626195908	52.87260437	35.37760162	9784.416992	1.06309998	33
6040	4834.680897	55.66	13.4	7.637499809	6.541666508	28.07582283	637.8733521	20.79999924	-2.5	23.29999924	8.283333778	2.5	15.78333282	0.283333302	706	73	39	21.25836182	216	130	187	169	0.077150211	1.370416284	0	9.438196182	12.11771774	14.47488308	8.32194519	97.84107208	2.229133606	37.88763428	5.297271729	59.23264313	28.64964294	9857.5	0.940599978	34
6041	5357.436479	56.0328	14.775	NA	NA	NA	NA	NA	NA	NA	NA	NA	NA	NA	NA	NA	NA	NA	NA	NA	NA	NA	NA	NA	NA	NA	11.0690403	NA	NA	NA	NA	NA	NA	69.16862488	19.76233673	NA	NA	NA
6042	4496.753976	56.09	13.9	7.158333302	7.400000095	30.57851219	634.1488037	21	-3.200000048	24.20000076	7.699999809	2.200000048	15.25	-0.25	686	70	39	19.85835075	204	128	185	167	0.068647921	1.373343587	9.338030815	14.33853149	9.642701149	14.35453129	11.37380314	112.1672897	1.996374965	37.65296173	5.417851448	68.98228455	21.37501526	9813.166992	0.943400025	34
6043	5684.655955	62.801	18.079	3.716666698	7.683333397	25.69676781	800.0037842	19.79999924	-10.10000038	29.89999962	4.216666698	-2.350000143	14.10000038	-5.700000286	686	84	38	26.87306404	231	124	185	145	NA	NA	NA	NA	5.875086308	NA	NA	NA	NA	NA	NA	79.45127106	14.67364502	9073.5	1.109400034	NA
6069	4609.722286	62.9513	18.2763	3.404166698	7.991666317	26.46247292	798.1553955	20	-10.19999981	30.20000076	3.666666746	2.049999952	13.8166666	-5.916666508	714	88	37	28.6592865	241	124	198	151	0.076114148	1.160615683	3.94068861	7.692864418	5.77393198	25.13546753	12.85757065	161.7186127	1.638143659	28.19322205	4.284169674	75.81234741	18.41371918	8986.666992	1.069800019	36
6070	4744.708727	62.9308	18.3448	3.512500048	7.775000095	26.17845154	787.6608887	19.79999924	-9.899999619	29.69999886	3.766666651	2.083333254	13.8166666	-5.616666794	706	87	36	28.91135025	240	121	194	151	0.070053801	1.093904972	3.343805075	12.99917603	3.731744051	22.59127617	19.92731857	180.2626801	2.911194324	25.27729034	4.581926823	84.6295929	11.63866425	9007.583008	1.091099977	38
6071	5219.470283	62.9308	18.3448	3.512500048	7.775000095	26.17845154	787.6608887	19.79999924	-9.899999619	29.69999886	3.766666651	2.083333254	13.8166666	-5.616666794	706	87	36	28.91135025	240	121	194	151	0.070053801	1.093904972	3.343805075	12.99917603	3.731744051	22.59127617	19.92731857	180.2626801	2.911194324	25.27729034	4.581926823	84.6295929	11.63866425	9007.583008	1.091099977	38
6073	4924.75472	56.1481	15.8155	7.570833206	6.325000286	27.14592171	638.5297852	20.70000076	-2.599999905	23.30000114	8.5	5.599999905	15.80000019	0.383333325	531	59	29	22.63784218	168	95	135	133	NA	NA	NA	NA	NA	NA	NA	NA	NA	NA	NA	NA	NA	10158.66699	0.7148	40
6074	4380.371804	56.4573	16.1308	7.324999809	6.633333206	27.63888931	642.6065674	20.79999924	-3.200000048	24	15.01666641	1.866666675	15.63333321	0.116666652	540	55	31	18.46953964	158	102	151	127	0.073346011	NA	0	16.47794914	NA	16.91368103	13.75447845	110.5769424	2.671904802	29.30173683	5.148138523	NA	NA	10098.66699	0.731599987	NA
6076	5377.402328	55.6942	13.4504	7.800000191	6.866666794	29.09604454	639.7584839	21.20000076	-2.400000095	23.60000038	8.416666985	2.716666698	15.96666718	0.383333296	669	69	36	21.05339813	204	123	180	157	0.068919927	1.172682047	3.643147707	16.22095108	6.794793129	21.16154861	8.987579346	115.0883026	3.01045537	23.1366272	4.568977356	71.60309601	21.60211182	9887.833008	0.887899995	35
6085	4770.772347	55.7097	13.2145	8.162500381	6.308333397	26.95869064	652.8717041	21.39999962	-2	23.39999962	8.766666412	2.950000048	16.48333359	0.600000024	664	68	35	20.76148224	201	122	175	157	0.079517938	1.484326839	NA	NA	8.556551933	NA	7.008298874	NA	NA	NA	NA	70.02610779	21.41734314	9828.25	0.833800018	34
6086	4395.055908	58.9	11.2	7.408333302	5.633333206	23.57043266	667.1746216	20.29999924	-3.599999905	23.89999962	8.183333397	1.699999928	15.89999962	-0.233333305	756	87	44	22.69173431	248	144	187	175	0.076597489	NA	7.322377682	16.10217667	8.807566643	20.48357391	13.29603958	91.19382477	1.985187531	21.59487152	4.847279072	68.97991943	22.21251678	9520.333008	0.906199992	NA
6088	4914.384614	56.4666	16.1284	7.291666508	6.716666698	27.98611069	642.6820068	20.79999924	-3.200000048	24	14.98333359	1.866666555	15.60000038	0.066666663	538	55	31	18.71868515	158	101	151	127	0.072465815	1.139238596	0.297214538	24.14062691	NA	20.70266724	11.90466499	96.37468719	2.643966675	23.53928566	4.662554741	NA	NA	10093	0.729799986	NA
6090	4031.684508	55.6525	13.2197	8.333333015	6.516666889	27.73049545	649.5849609	21.60000038	-1.899999976	23.5	8.966667175	3.116666794	16.60000038	0.816666663	579	63	29	21.33297729	178	105	157	130	0.077971019	1.439340472	3.437458754	13.65674686	13.87880802	12.94981098	6.697532177	121.5125122	2.358389378	58.21393967	6.406029701	71.03451538	15.08667755	9912.916992	0.729300022	33
6092	4969.916601	55.6514	13.2233	8.333333015	6.516666889	27.73049545	649.5849609	21.60000038	-1.899999976	23.5	8.966667175	3.116666794	16.60000038	0.816666663	579	63	29	21.33297729	178	105	157	130	0.07954257	1.439340472	NA	NA	13.87880802	NA	6.697532177	NA	NA	NA	NA	71.03451538	15.08667755	9912.916992	0.729300022	33
6094	4470.017746	55.6494	13.2147	8.316666603	6.483333588	27.70655251	647.6086426	21.5	-1.899999976	23.39999962	8.966667175	3.116666794	16.54999924	0.816666663	579	62	29	21.52536774	178	104	158	130	0.077971019	1.454403162	0	8.033358574	14.10340309	14.00515938	6.754612446	145.2203674	1.90237844	45.52032471	5.987155914	68.74510956	17.15148926	9901.833008	0.721199989	33
6097	5278.847196	55.6481	13.2264	8.304166794	6.508333206	27.81339073	647.3739014	21.5	-1.899999976	23.39999962	8.949999809	3.116666794	16.53333282	0.800000012	589	63	30	20.86252403	180	107	160	133	0.080335252	1.420091867	0	7.521781921	16.21368217	14.15556717	6.697532177	148.4540558	2.579647779	46.17485046	5.781975746	64.21060181	19.57571411	9874.25	0.74089998	33
6098	5251.485422	55.6561	13.2178	8.333333015	6.516666889	27.73049545	649.5849609	21.60000038	-1.899999976	23.5	8.966667175	3.116666794	16.60000038	0.816666663	579	63	29	21.33297729	178	105	157	130	0.084003218	1.468651533	3.437458754	13.65674686	11.51308537	12.94981098	8.694854736	121.5125122	2.358389378	58.21393967	6.406029701	73.82826233	14.65865326	9912.916992	0.729300022	33
6099	5461.654737	55.6575	13.2386	8.283333778	6.5	27.77777863	648.3557129	21.5	-1.899999976	23.39999962	8.916666985	3.116666794	16.53333282	0.766666651	591	64	30	21.01150131	181	108	160	133	0.088853799	1.418593049	0	12.34916878	17.28615761	9.625585556	7.923231125	149.0671997	1.788515329	51.48690796	6.748494148	64.46618652	18.24765778	9887.166992	0.745999992	34
6100	4709.145853	55.6	13.2	8.129166603	6.308333397	27.30880165	641.062561	21.10000038	-2	23.10000038	8.866666794	2.916666746	16.25	0.716666639	604	64	32	20.67194939	184	112	162	140	0.08337649	1.405866861	15.16150856	13.74241352	15.55336189	10.81633854	8.564590454	142.1513062	1.435271978	50.2719841	6.455352783	53.54907227	30.89756775	9918.666992	0.790099978	33
6102	4594.384995	55.6	13.2	8.129166603	6.308333397	27.30880165	641.062561	21.10000038	-2	23.10000038	8.866666794	2.916666746	16.25	0.716666639	604	64	32	20.67194939	184	112	162	140	0.08337649	1.405866861	15.16150856	13.74241352	15.55336189	10.81633854	8.564590454	142.1513062	1.435271978	50.2719841	6.455352783	53.54907227	30.89756775	9918.666992	0.790099978	33
6104	5080.224374	55.7	13.2	8.316666603	6.400000095	27.23404121	650.5988159	21.60000038	-1.899999976	23.5	8.933333397	3.133333445	16.60000038	0.76666671	615	64	31	20.80802155	187	112	166	140	0.068300799	1.507487178	6.839525223	9.803943634	9.143152237	15.45495319	8.687058449	156.4263	2.147694588	33.34064102	5.910311222	69.39739227	21.4594574	9849.5	0.772899985	34
6105	4845.817583	55.7967	13.1211	8.125	6.599999905	28.20512962	644.196106	21.29999924	-2.099999905	23.39999962	8.850000381	2.966666698	16.26666641	0.600000024	631	66	32	20.78868484	192	116	170	143	0.075002268	1.510185242	NA	NA	8.339653015	NA	5.795766354	NA	NA	NA	NA	76.34837341	15.31197357	9889.666992	0.830600023	34
6106	3965.166939	55.7931	13.1186	8.125	6.599999905	28.20512962	644.196106	21.29999924	-2.099999905	23.39999962	8.850000381	2.966666698	16.26666641	0.600000024	631	66	32	20.78868484	192	116	170	143	0.071347475	1.493747115	NA	NA	9.921515465	NA	6.717054844	NA	NA	NA	NA	73.97227478	16.1062088	9889.666992	0.830600023	34
6107	5125.663479	55.7942	13.1222	8.125	6.599999905	28.20512962	644.196106	21.29999924	-2.099999905	23.39999962	8.850000381	2.966666698	16.26666641	0.600000024	631	66	32	20.78868484	192	116	170	143	0.075002268	1.510185242	0.9170627	7.119586945	8.339653015	13.12429047	6.717054844	148.1233673	1.830181479	49.76428223	6.042680264	76.34837341	15.31197357	9889.666992	0.830600023	34
6108	5173.897008	55.7989	13.1206	8.125	6.599999905	28.20512962	644.196106	21.29999924	-2.099999905	23.39999962	8.850000381	2.966666698	16.26666641	0.600000024	631	66	32	20.78868484	192	116	170	143	0.075002268	1.46154356	NA	NA	10.47881317	NA	5.795766354	NA	NA	NA	NA	70.3535614	19.16762543	9889.666992	0.830600023	34
6109	5071.25944	55.7936	13.1233	8.125	6.599999905	28.20512962	644.196106	21.29999924	-2.099999905	23.39999962	8.850000381	2.966666698	16.26666641	0.600000024	631	66	32	20.78868484	192	116	170	143	0.075002268	1.510185242	0.9170627	7.119586945	8.339653015	13.12429047	6.717054844	148.1233673	1.830181479	49.76428223	6.042680264	76.34837341	15.31197357	9889.666992	0.830600023	34
6111	6099.590911	55.7989	13.1219	8.125	6.599999905	28.20512962	644.196106	21.29999924	-2.099999905	23.39999962	8.850000381	2.966666698	16.26666641	0.600000024	631	66	32	20.78868484	192	116	170	143	0.075002268	1.46154356	NA	NA	10.47881317	NA	5.795766354	NA	NA	NA	NA	70.3535614	19.16762543	9889.666992	0.830600023	34
6112	5748.559717	55.7967	13.1044	8.116666794	6.599999905	28.20512962	644.2625732	21.29999924	-2.099999905	23.39999962	8.833333015	2.949999809	16.26666641	0.600000024	632	66	32	21.07146072	193	115	171	143	0.075687438	1.496724963	0	15.03261948	9.056997299	14.85229683	6.175642967	131.1622009	1.785014033	43.70156479	6.017429352	74.29826355	16.64473724	9897.333008	0.838199973	34
6113	5434.821018	55.8078	13.1028	8.120833397	6.625	28.31196594	644.6297607	21.29999924	-2.099999905	23.39999962	8.816666603	2.966666698	16.26666641	0.600000024	628	65	32	20.94534302	191	114	170	143	0.085104942	1.451079369	0	15.02167988	14.8229208	11.40386963	7.654564381	138.842453	1.749556065	53.71972656	6.616560459	57.21572495	27.96135712	9913.416992	0.82069999	35
6114	5896.898754	55.8097	13.1342	8.041666985	6.633333206	28.22694969	644.8707886	21.29999924	-2.200000048	23.5	8.783332825	2.866666555	16.18333244	0.5	651	68	33	21.2498951	199	118	175	149	0.091025338	1.435461879	0	13.81221676	16.41829491	11.69563293	6.012359142	130.0686798	1.61041224	53.69176483	6.477526188	51.99074554	31.59095764	9879.75	0.864600003	36
6115	5704.726861	55.8	13.1367	8.116666794	6.616666794	28.27635384	643.0973511	21.29999924	-2.099999905	23.39999962	8.850000381	2.966666698	16.23333359	0.600000024	633	66	32	21.1103363	193	116	172	143	0.071872309	1.4608953	0	13.04079628	12.19585514	11.86791229	6.13730526	134.2882385	1.68482101	47.23298264	6.394207478	64.38553619	23.41860962	9889.75	0.842499971	35
6118	5102.840942	55.7	13.2	8.316666603	6.400000095	27.23404121	650.5988159	21.60000038	-1.899999976	23.5	8.933333397	3.133333445	16.60000038	0.76666671	615	64	31	20.80802155	187	112	166	140	0.068300799	1.507487178	6.839525223	9.803943634	9.143152237	15.45495319	8.687058449	156.4263	2.147694588	33.34064102	5.910311222	69.39739227	21.4594574	9849.5	0.772899985	34
6122	5436.684361	55.8364	13.3075	7.841666698	6.833333015	28.95480156	645.0152588	21.10000038	-2.5	23.60000038	4.716666698	2.700000048	16.01666641	0.349999994	728	75	41	20.52760506	221	136	192	176	0.068907708	1.199956536	10.07176495	9.835722923	9.359780312	14.76117134	7.191326618	125.1408997	1.80963099	31.44107056	5.878675938	70.18057251	20.45964813	9796.666992	0.964900017	37
6124	4925.549813	55.8378	13.3092	7.820833206	6.841666698	28.9901123	644.5063477	21.10000038	-2.5	23.60000038	4.683333397	2.700000048	16.01666641	0.333333343	732	75	42	20.12166214	222	138	192	178	0.068907708	1.1756109	10.07176495	9.835722923	9.930074692	14.76117134	7.191326618	125.1408997	1.80963099	31.44107056	5.878675938	68.7396698	21.3302536	9801.666992	0.966499984	37
6125	5034.01759	55.8403	13.3106	7.820833206	6.841666698	28.9901123	644.5063477	21.10000038	-2.5	23.60000038	4.683333397	2.700000048	16.01666641	0.333333343	732	75	42	20.12166214	222	138	192	178	0.07396958	1.1756109	10.07176495	9.835722923	9.930074692	14.76117134	7.191326618	125.1408997	1.80963099	31.44107056	5.878675938	68.7396698	21.3302536	9801.666992	0.966499984	37
6126	4877.398661	55.8411	13.3047	7.841666698	6.833333015	28.95480156	645.0152588	21.10000038	-2.5	23.60000038	4.716666698	2.700000048	16.01666641	0.349999994	728	75	41	20.52760506	221	136	192	176	0.068907708	1.1756109	12.68972397	10.5269537	9.930074692	15.94937897	7.869448662	126.4527283	2.057792425	33.32317352	5.73443079	68.7396698	21.3302536	9796.666992	0.964900017	37
6128	5243.687623	55.8397	13.2881	7.820833206	6.758333206	28.75886536	642.6806641	21	-2.5	23.5	4.75	2.666666746	15.96666622	0.349999964	725	75	41	20.48360634	221	137	189	176	0.075425901	1.29481113	2.897897959	9.685768127	10.29608154	14.54407501	6.673297882	89.8239212	2.495770216	38.48313141	5.713981152	66.73973083	22.96418762	9838.083008	0.965200007	36
6131	5135.249928	55.8369	13.3181	7.783333302	6.833333492	28.95480156	643.8355713	21.10000038	-2.5	23.60000038	4.650000095	2.666666746	15.96666718	0.316666663	734	75	42	20.3682785	224	138	192	179	0.075310118	1.165325642	6.893508434	9.420408249	9.971796989	14.96964359	6.349861622	112.461731	1.767194271	34.15799332	5.988176823	70.52334595	19.50485992	9816.916992	0.965900004	37
6132	4907.860873	55.8386	13.3186	7.783333302	6.833333492	28.95480156	643.8355713	21.10000038	-2.5	23.60000038	4.650000095	2.666666746	15.96666718	0.316666663	734	75	42	20.3682785	224	138	192	179	0.075310118	1.151000619	6.893508434	9.420408249	12.1411705	14.96964359	6.349861622	112.461731	1.767194271	34.15799332	5.988176823	63.81661987	24.04220581	9816.916992	0.965900004	37
6133	5335.813624	55.8364	13.2906	7.820833206	6.758333206	28.75886536	642.6806641	21	-2.5	23.5	4.75	2.666666746	15.96666622	0.349999964	725	75	41	20.48360634	221	137	189	176	0.070265479	1.327735424	2.897897959	9.685768127	8.758370399	14.54407501	7.47104311	89.8239212	2.495770216	38.48313141	5.713981152	72.04328918	19.19834137	9838.083008	0.965200007	36
6134	5820.961459	55.8383	13.2906	7.820833206	6.758333206	28.75886536	642.6806641	21	-2.5	23.5	4.75	2.666666746	15.96666622	0.349999964	725	75	41	20.48360634	221	137	189	176	0.070265479	1.29481113	2.897897959	9.685768127	10.29608154	14.54407501	7.47104311	89.8239212	2.495770216	38.48313141	5.713981152	66.73973083	22.96418762	9838.083008	0.965200007	36
6136	5187.389556	55.9336	13.5519	7.345833302	7.075000286	29.47916603	640.729187	21	-3	24	4.166666508	6.083333492	15.51666641	-0.116666675	772	81	45	20.23582077	236	147	196	197	0.073014162	1.137714148	5.642708302	8.214485168	8.755541801	13.75152397	8.406703949	102.3244019	1.997355342	45.22104645	5.696081638	74.96966553	16.27479553	9798.75	1.047999978	36
6137	5082.679479	55.9419	13.5603	7.254166603	7.058333397	29.53277588	638.7432861	20.79999924	-3.099999905	23.89999962	4.066666603	6.016666412	15.39999962	-0.199999988	784	82	45	20.07536125	240	150	197	201	0.07047905	1.15469861	2.363490582	9.766885757	8.764988899	13.66734314	11.32156372	63.32040405	2.805176258	38.5083847	5.536439896	68.93699646	22.29801178	9801.083008	1.072900057	36
6138	4186.104589	55.9403	13.5511	7.345833302	7.075000286	29.47916603	640.729187	21	-3	24	4.166666508	6.083333492	15.51666641	-0.116666675	772	81	45	20.23582077	236	147	196	197	0.0766524	1.123047471	5.054283619	11.40529919	9.366957664	15.07323837	7.416052341	125.5696411	1.935665131	40.21802902	5.691299438	71.98510742	18.64793396	9798.75	1.047999978	36
6140	5052.360248	55.9392	13.5539	7.345833302	7.075000286	29.47916603	640.729187	21	-3	24	4.166666508	6.083333492	15.51666641	-0.116666675	772	81	45	20.23582077	236	147	196	197	0.0766524	1.15469861	6.291480541	11.40070248	9.366957664	15.77158451	7.416052341	96.15142822	1.828805208	40.27536774	5.779198647	71.98510742	18.64793396	9798.75	1.047999978	36
6142	4869.2822	55.9428	13.5558	7.300000191	7.099999905	29.58333397	641.0042114	20.89999962	-3.099999905	24	4.116666794	6.066666603	15.46666718	-0.183333337	781	82	45	20.58187866	240	148	197	200	0.0766524	1.165563464	2.363490582	9.766885757	8.764988899	13.66734314	11.3349905	63.32040405	2.805176258	38.5083847	5.536439896	68.93699646	22.29801178	9804.833008	1.062000036	36
6145	5214.832081	55.9497	13.5533	7.300000191	7.099999905	29.58333397	641.0042114	20.89999962	-3.099999905	24	4.116666794	6.066666603	15.46666718	-0.183333337	781	82	45	20.58187866	240	148	197	200	0.085183129	1.083849788	11.80698681	13.86440468	15.95274353	12.99338627	6.887479305	95.3522644	2.346420765	38.72304916	6.122347832	60.93385315	23.11340332	9804.833008	1.062000036	36
6148	5044.618788	55.9319	13.5508	7.391666889	7	29.16666603	640.6702271	21	-3	24	4.25	6.116666794	15.5666666	-0.066666663	767	80	45	19.79771042	234	147	195	195	0.073014162	1.137714148	5.642708302	8.214485168	8.755541801	13.75152397	8.406703949	102.3244019	1.997355342	45.22104645	5.696081638	74.96966553	16.27479553	9795.666992	1.041900039	36
6149	4794.005513	55.9281	13.5481	7.412499905	7.025000095	29.27083397	642.3045044	21	-3	24	4.25	6.133333206	15.60000038	-0.066666663	766	80	44	20.03342819	234	146	195	195	0.08053764	1.106903076	5.97100687	8.8133955	13.88500118	14.56826878	7.748519897	98.6933136	1.875202179	41.85126495	5.579376698	63.64216614	22.47283173	9785.666992	1.03489995	36
6150	4951.197691	55.9261	13.5319	7.387499809	6.941666603	29.16666794	639.4355469	20.89999962	-2.900000095	23.79999924	4.25	6.083333015	15.55000019	-0.033333343	774	81	45	20.02800369	237	148	196	197	0.07603132	1.136630774	0	9.625198364	11.96008492	15.42516708	10.80963421	88.32589722	2.971717834	27.79511642	5.180137634	58.72698975	29.31292725	9804.75	1.048400044	37
6151	4853.319795	55.6528	13.2244	8.333333015	6.516666889	27.73049545	649.5849609	21.60000038	-1.899999976	23.5	8.966667175	3.116666794	16.60000038	0.816666663	579	63	29	21.33297729	178	105	157	130	0.07954257	1.439340472	NA	NA	13.87880802	NA	6.697532177	NA	NA	NA	NA	71.03451538	15.08667755	9912.916992	0.729300022	33
6153	5239.928094	62.6425	17.7422	3.254166603	7.974999905	26.4950161	803.496521	19.5	-10.60000038	30.10000038	8.716666222	-2.666666746	13.63333321	-6.233333588	720	80	37	25.90145111	232	128	205	149	0.071507491	1.162726164	10.96380615	13.20458794	5.468449593	21.62545013	12.16586304	175.8751221	3.85798049	32.58263016	4.784881592	78.99017334	15.54137421	9029.833008	1.146900058	28
6154	5155.743473	62.6422	17.7406	3.191666603	7.949999809	26.41195869	801.9205322	19.5	-10.60000038	30.10000038	8.616666794	-2.700000048	13.55000019	-6.300000191	729	82	38	25.93966866	236	130	208	152	0.071507491	1.162726164	10.96380615	13.20458794	5.468449593	21.62545013	12.16586304	175.8751221	3.85798049	32.58263016	4.784881592	78.99017334	15.54137421	9028.75	1.149999976	28
6163	4708.628847	62.6425	17.7356	3.191666603	7.949999809	26.41195869	801.9205322	19.5	-10.60000038	30.10000038	8.616666794	-2.700000048	13.55000019	-6.300000191	729	82	38	25.93966866	236	130	208	152	0.071507491	1.160022497	10.96380615	13.20458794	5.468449593	21.62545013	13.40215015	175.8751221	3.85798049	32.58263016	4.784881592	78.99017334	15.54137421	9028.75	1.149999976	28
6166	4908.10073	62.6425	17.7372	3.191666603	7.949999809	26.41195869	801.9205322	19.5	-10.60000038	30.10000038	8.616666794	-2.700000048	13.55000019	-6.300000191	729	82	38	25.93966866	236	130	208	152	0.071507491	1.160022497	10.96380615	13.20458794	5.468449593	21.62545013	12.16586304	175.8751221	3.85798049	32.58263016	4.784881592	78.99017334	15.54137421	9028.75	1.149999976	28
6169	4599.220428	62.8714	18.3447	3.491666555	7.5	25.95155716	764.6027832	19.29999924	-9.600000381	28.89999962	3.849999905	1.833333254	13.53333378	-5.25	737	91	37	28.68802643	251	127	200	159	0.076293007	1.171589851	4.859886169	11.09890175	7.871578217	24.04179764	21.2849884	165.3511658	3.579735279	28.26719666	4.477750301	71.90908813	20.21932983	9029.75	1.159100056	37
6172	4322.134396	62.8717	18.3436	3.491666555	7.5	25.95155716	764.6027832	19.29999924	-9.600000381	28.89999962	3.849999905	1.833333254	13.53333378	-5.25	737	91	37	28.68802643	251	127	200	159	0.076293007	1.171589851	4.859886169	11.09890175	7.871578217	24.04179764	21.2849884	165.3511658	3.579735279	28.26719666	4.477750301	71.90908813	20.21932983	9029.75	1.159100056	37
6173	4616.300498	62.8717	18.3419	3.491666555	7.5	25.95155716	764.6027832	19.29999924	-9.600000381	28.89999962	3.849999905	1.833333254	13.53333378	-5.25	737	91	37	28.68802643	251	127	200	159	0.076293007	1.171589851	4.859886169	11.09890175	7.871578217	24.04179764	21.2849884	165.3511658	3.579735279	28.26719666	4.477750301	71.90908813	20.21932983	9029.75	1.159100056	37
6174	4395.142497	62.8719	18.3422	3.491666555	7.5	25.95155716	764.6027832	19.29999924	-9.600000381	28.89999962	3.849999905	1.833333254	13.53333378	-5.25	737	91	37	28.68802643	251	127	200	159	0.076293007	1.171589851	4.859886169	11.09890175	7.871578217	24.04179764	21.2849884	165.3511658	3.579735279	28.26719666	4.477750301	71.90908813	20.21932983	9029.75	1.159100056	37
6177	5541.13316	62.6322	17.69	3.270833254	8.108333588	26.58469963	812.7715454	19.70000076	-10.80000019	30.5	8.800000191	-2.683333397	13.73333359	-6.383333206	693	79	35	26.49007988	225	121	201	143	0.071619056	1.139773726	0	13.53957653	4.663877964	24.49422455	8.621626854	199.1799927	1.761782289	24.64006615	4.294702053	80.65894318	14.67717743	9059.333008	1.097200036	27
6180	5181.99973	62.6322	17.6906	3.270833254	8.108333588	26.58469963	812.7715454	19.70000076	-10.80000019	30.5	8.800000191	-2.683333397	13.73333359	-6.383333206	693	79	35	26.49007988	225	121	201	143	0.071619056	1.139773726	0	13.53957653	4.663877964	24.49422455	8.621626854	199.1799927	1.761782289	24.64006615	4.294702053	80.65894318	14.67717743	9059.333008	1.097200036	27
6184	3764.99035	62.8892	18.4522	NA	NA	NA	NA	NA	NA	NA	NA	NA	NA	NA	NA	NA	NA	NA	NA	NA	NA	NA	NA	NA	NA	NA	7.486608028	NA	NA	NA	NA	NA	NA	72.65921783	19.85417175	NA	NA	37
6188	4290.552697	55.7683	14.1386	7.429166794	6.941666603	29.66524315	617.9712524	21	-2.400000095	23.39999962	8.100000381	2.416666746	15.40000057	0.383333325	692	71	39	19.05508804	209	133	178	170	0.063249201	1.238641858	0	15.51086617	1.25124681	17.42000389	13.88807297	113.1739502	2.269230843	32.85057449	4.781408787	91.48612213	7.262634277	9924.833008	0.9278	40
6189	5812.77263	55.7686	14.1383	7.429166794	6.941666603	29.66524315	617.9712524	21	-2.400000095	23.39999962	8.100000381	2.416666746	15.40000057	0.383333325	692	71	39	19.05508804	209	133	178	170	0.063249201	1.238641858	0	15.51086617	1.25124681	17.42000389	13.88807297	113.1739502	2.269230843	32.85057449	4.781408787	91.48612213	7.262634277	9924.833008	0.9278	40
6191	5405.895817	55.7689	14.1375	7.429166794	6.941666603	29.66524315	617.9712524	21	-2.400000095	23.39999962	8.100000381	2.416666746	15.40000057	0.383333325	692	71	39	19.05508804	209	133	178	170	0.063249201	1.238641858	0	15.51086617	1.25124681	17.42000389	13.88807297	113.1739502	2.269230843	32.85057449	4.781408787	91.48612213	7.262634277	9924.833008	0.9278	40
6192	4908.858125	55.7692	14.1369	7.429166794	6.941666603	29.66524315	617.9712524	21	-2.400000095	23.39999962	8.100000381	2.416666746	15.40000057	0.383333325	692	71	39	19.05508804	209	133	178	170	0.063249201	1.238641858	0	15.51086617	1.25124681	17.42000389	13.88807297	113.1739502	2.269230843	32.85057449	4.781408787	91.48612213	7.262634277	9924.833008	0.9278	40
6193	4923.502259	55.7694	14.1347	7.429166794	6.941666603	29.66524315	617.9712524	21	-2.400000095	23.39999962	8.100000381	2.416666746	15.40000057	0.383333325	692	71	39	19.05508804	209	133	178	170	0.063249201	1.26929152	0	15.51086617	1.25124681	17.42000389	10.31648922	113.1739502	2.269230843	32.85057449	4.781408787	91.48612213	7.262634277	9924.833008	0.9278	40
6194	4565.556089	55.7706	14.1342	7.429166794	6.941666603	29.66524315	617.9712524	21	-2.400000095	23.39999962	8.100000381	2.416666746	15.40000057	0.383333325	692	71	39	19.05508804	209	133	178	170	0.063249201	1.26929152	0	17.62094116	1.25124681	22.18964386	10.31648922	130.5353546	2.316895485	27.60730934	4.279261112	91.48612213	7.262634277	9924.833008	0.9278	40
6195	4431.145926	55.7708	14.1342	7.429166794	6.941666603	29.66524315	617.9712524	21	-2.400000095	23.39999962	8.100000381	2.416666746	15.40000057	0.383333325	692	71	39	19.05508804	209	133	178	170	0.063249201	1.26929152	0	17.62094116	1.25124681	22.18964386	10.31648922	130.5353546	2.316895485	27.60730934	4.279261112	91.48612213	7.262634277	9924.833008	0.9278	40
6198	4164.655445	55.7708	14.1331	7.408333302	6.950000286	29.57446861	621.0066528	21	-2.5	23.5	4.400000095	2.383333445	15.40000057	0.300000042	696	71	40	18.85993576	210	135	179	171	0.067773469	1.26929152	0	17.62094116	1.25124681	22.18964386	10.31648922	130.5353546	2.316895485	27.60730934	4.279261112	91.48612213	7.262634277	9921.583008	0.933300018	40
6201	4764.137489	55.7719	14.1211	7.400000095	6.966666698	29.64539146	620.901123	21	-2.5	23.5	4.400000095	2.383333445	15.38333321	0.283333331	697	72	40	19.01852226	211	135	179	171	0.067773469	1.167080879	11.3391571	11.27379608	10.34113407	16.93301201	6.162236214	128.4640503	2.775038958	43.91685104	5.302986622	66.6528244	23.00604248	9921.916992	0.940699995	40
6202	4952.734439	55.7717	14.1206	7.400000095	6.966666698	29.64539146	620.901123	21	-2.5	23.5	4.400000095	2.383333445	15.38333321	0.283333331	697	72	40	19.01852226	211	135	179	171	0.067773469	1.167080879	12.03358078	10.03776455	6.504042625	13.82230568	6.162236214	140.5642242	3.060168028	44.14439774	6.01978159	74.02886963	19.46708679	9921.916992	0.940699995	40
6203	6715.415284	55.7714	14.1208	7.400000095	6.966666698	29.64539146	620.901123	21	-2.5	23.5	4.400000095	2.383333445	15.38333321	0.283333331	697	72	40	19.01852226	211	135	179	171	0.067773469	1.265206575	11.3391571	11.27379608	5.83579731	16.93301201	6.162236214	128.4640503	2.775038958	43.91685104	5.302986622	76.00878906	18.15541077	9921.916992	0.940699995	40
6209	4867.07579	62.8836	18.1842	3.641666651	8	26.57807159	792.8540039	20.10000038	-10	30.10000038	3.916666746	2.283333302	13.98333359	-5.616666794	696	86	37	28.4257412	236	122	191	147	0.09917102	1.131676078	3.967511892	9.164652824	10.16090488	21.58164215	15.31297398	172.269989	2.696305513	30.54413986	4.761948586	68.00646973	21.83262634	9007.916992	1.045600057	36
6210	5509.130216	62.8839	18.1836	3.641666651	8	26.57807159	792.8540039	20.10000038	-10	30.10000038	3.916666746	2.283333302	13.98333359	-5.616666794	696	86	37	28.4257412	236	122	191	147	0.09917102	1.131676078	3.967511892	9.164652824	10.16090488	21.58164215	13.58535767	172.269989	2.696305513	30.54413986	4.761948586	68.00646973	21.83262634	9007.916992	1.045600057	36
6216	5069.99799	63.0167	18.3283	3.625	7.983333111	26.70011139	786.6687622	20	-9.899999619	29.89999962	3.866666555	2.233333349	13.89999962	-5.5	674	82	34	29.25981522	226	113	192	143	NA	NA	NA	NA	NA	NA	NA	NA	NA	NA	NA	NA	NA	8978.25	1.024700046	NA
6217	4499.54529	63.0169	18.3283	3.625	7.983333111	26.70011139	786.6687622	20	-9.899999619	29.89999962	3.866666555	2.233333349	13.89999962	-5.5	674	82	34	29.25981522	226	113	192	143	NA	NA	NA	NA	NA	NA	NA	NA	NA	NA	NA	NA	NA	8978.25	1.024700046	NA
6218	5297.38614	63.0172	18.3283	3.625	7.983333111	26.70011139	786.6687622	20	-9.899999619	29.89999962	3.866666555	2.233333349	13.89999962	-5.5	674	82	34	29.25981522	226	113	192	143	NA	NA	NA	NA	NA	NA	NA	NA	NA	NA	NA	NA	NA	8978.25	1.024700046	NA
6220	5179.635483	62.806	18.1896	3.9375	7.591666698	26.17816162	765.9905396	19.70000076	-9.300000191	29	4.349999905	2.333333254	13.96666718	-4.900000095	688	87	37	28.55791855	236	121	185	146	NA	NA	NA	NA	6.177222729	NA	NA	NA	NA	NA	NA	77.88957214	15.93320465	9055.25	1.066599965	35
6221	5080.495662	62.806	18.1896	3.9375	7.591666698	26.17816162	765.9905396	19.70000076	-9.300000191	29	4.349999905	2.333333254	13.96666718	-4.900000095	688	87	37	28.55791855	236	121	185	146	NA	NA	NA	NA	6.177222729	NA	NA	NA	NA	NA	NA	77.88957214	15.93320465	9055.25	1.066599965	35
6235	4986.001496	62.9611	18.3589	3.366666555	7.716666698	26.15819168	783.6578979	19.60000038	-9.899999619	29.5	3.633333445	1.916666627	13.61666679	-5.699999809	721	88	37	28.25619125	243	125	199	154	0.073480725	1.180027723	0	9.97231102	5.5271492	29.30437851	9.05081749	169.0673676	1.570728421	29.56991386	4.373578072	80.68697357	13.78587341	8997.5	1.118800044	37
6237	5510.395934	62.9619	18.35	3.325000048	7.75	26.27118683	783.8584595	19.60000038	-9.899999619	29.5	3.566666842	1.883333325	13.58333302	-5.733333111	726	89	37	28.48166847	244	125	201	156	0.072715178	1.180881143	0	11.67888069	7.302974224	27.86372566	11.06334686	183.4286041	1.808948517	26.5671463	4.394490719	72.87371063	19.82331848	8998	1.12650001	37
6238	4151.48625	62.9619	18.35	3.325000048	7.75	26.27118683	783.8584595	19.60000038	-9.899999619	29.5	3.566666842	1.883333325	13.58333302	-5.733333111	726	89	37	28.48166847	244	125	201	156	0.072715178	1.180881143	0	11.67888069	7.302974224	27.86372566	11.06334686	183.4286041	1.808948517	26.5671463	4.394490719	72.87371063	19.82331848	8998	1.12650001	37
6240	4426.929265	62.9622	18.35	3.325000048	7.75	26.27118683	783.8584595	19.60000038	-9.899999619	29.5	3.566666842	1.883333325	13.58333302	-5.733333111	726	89	37	28.48166847	244	125	201	156	0.072715178	1.180881143	0	11.67888069	7.302974224	27.86372566	11.06334686	183.4286041	1.808948517	26.5671463	4.394490719	72.87371063	19.82331848	8998	1.12650001	37
6242	5060.640949	55.7	13.2	8.316666603	6.400000095	27.23404121	650.5988159	21.60000038	-1.899999976	23.5	8.933333397	3.133333445	16.60000038	0.76666671	615	64	31	20.80802155	187	112	166	140	0.068300799	1.507487178	6.839525223	9.803943634	9.143152237	15.45495319	8.687058449	156.4263	2.147694588	33.34064102	5.910311222	69.39739227	21.4594574	9849.5	0.772899985	34
6243	5262.262277	56.27373	13.90045	6.845833302	7.574999809	30.17928314	655.2565918	21	-4.099999905	25.10000038	7.300000191	1.783333302	15.16666698	-0.883333325	749	76	44	19.35310173	222	142	202	183	0.075299494	1.461951256	8.759345055	10.2787199	4.9477458	17.74129295	16.33685493	123.2152481	3.103961468	30.44190598	4.607264042	74.4025116	20.64974213	9787.916992	1.045699954	28
6244	5014.138792	62.9169	18.4728	3.641666651	7.099999905	25.44802856	743.8378296	18.89999962	-9	27.89999962	4.050000191	1.76666677	13.46666622	-4.716666698	725	89	36	28.78073692	246	124	197	158	NA	NA	NA	NA	7.765436172	NA	NA	NA	NA	NA	NA	72.11175537	20.12281036	9052.75	1.157500029	38
6252	4396.616815	55.5796	14.3336	NA	NA	NA	NA	NA	NA	NA	NA	NA	NA	NA	NA	NA	NA	NA	NA	NA	NA	NA	NA	NA	NA	NA	12.93919468	NA	NA	NA	NA	NA	NA	64.1008606	22.95994568	NA	NA	41
6258	5024.331037	55.5796	14.3336	NA	NA	NA	NA	NA	NA	NA	NA	NA	NA	NA	NA	NA	NA	NA	NA	NA	NA	NA	NA	NA	NA	NA	12.93919468	NA	NA	NA	NA	NA	NA	64.1008606	22.95994568	NA	NA	41
6268	3957.968221	55.5796	14.3336	NA	NA	NA	NA	NA	NA	NA	NA	NA	NA	NA	NA	NA	NA	NA	NA	NA	NA	NA	NA	NA	NA	NA	12.93919468	NA	NA	NA	NA	NA	NA	64.1008606	22.95994568	NA	NA	41
6276	4041.201027	55.5796	14.3336	NA	NA	NA	NA	NA	NA	NA	NA	NA	NA	NA	NA	NA	NA	NA	NA	NA	NA	NA	NA	NA	NA	NA	12.93919468	NA	NA	NA	NA	NA	NA	64.1008606	22.95994568	NA	NA	41
6284	6879.390064	55.5796	14.3336	NA	NA	NA	NA	NA	NA	NA	NA	NA	NA	NA	NA	NA	NA	NA	NA	NA	NA	NA	NA	NA	NA	NA	12.93919468	NA	NA	NA	NA	NA	NA	64.1008606	22.95994568	NA	NA	41
6296	4972.412844	49.2771	16.6314	7.833333492	7.716666698	28.79353333	732.09021	22.5	-4.300000191	26.79999924	15.30000019	0.149999991	16.79999924	-1.166666746	550	84	26	41.58181	219	82	219	87	0.093962431	1.433717012	0	8.511604309	18.05912018	12.81509876	11.72886753	166.837677	1.819576025	21.02882195	4.883142948	24.50906372	57.4318161	11083.41699	0.615100026	50
6390	4846.38711	49.2771	16.6314	7.833333492	7.716666698	28.79353333	732.09021	22.5	-4.300000191	26.79999924	15.30000019	0.149999991	16.79999924	-1.166666746	550	84	26	41.58181	219	82	219	87	0.093962431	1.433717012	0	8.511604309	18.05912018	12.81509876	11.72886753	166.837677	1.819576025	21.02882195	4.883142948	24.50906372	57.4318161	11083.41699	0.615100026	50
6396	5682.083534	49.2771	16.6314	7.833333492	7.716666698	28.79353333	732.09021	22.5	-4.300000191	26.79999924	15.30000019	0.149999991	16.79999924	-1.166666746	550	84	26	41.58181	219	82	219	87	0.093962431	1.433717012	0	8.511604309	18.05912018	12.81509876	11.72886753	166.837677	1.819576025	21.02882195	4.883142948	24.50906372	57.4318161	11083.41699	0.615100026	50
6413	4994.377768	56.06	13.97	7.212500095	7.408333302	30.86805534	627.4013062	21.10000038	-2.900000095	24	7.800000191	2.283333302	15.23333359	-0.083333373	679	67	40	18.62249184	199	128	187	162	0.069964543	1.392862916	9.826323509	14.88817787	7.910861969	14.09511852	13.57974815	113.0771866	2.449366093	44.61601639	5.355846882	74.94384766	17.14529419	9863.5	0.927200019	35
6424	4959.432695	49.3853	16.2544	7.387500286	8.375	30.34420395	734.7761841	22.60000038	-5	27.60000038	16.35000038	-0.333333343	16.35000038	-1.666666627	560	84	26	42.10400391	225	82	225	85	0.082091711	1.441226125	0	10.01639652	20.07265663	10.42246342	18.32217026	178.3940735	1.628341079	37.95294189	5.974895	41.8339386	38.09340668	10941.25	0.657999992	47
6434	4357.691712	49.3853	16.2544	7.387500286	8.375	30.34420395	734.7761841	22.60000038	-5	27.60000038	16.35000038	-0.333333343	16.35000038	-1.666666627	560	84	26	42.10400391	225	82	225	85	0.082091711	1.441226125	0	10.01639652	20.07265663	10.42246342	18.32217026	178.3940735	1.628341079	37.95294189	5.974895	41.8339386	38.09340668	10941.25	0.657999992	47
6445	5845.067896	49.3853	16.2544	7.387500286	8.375	30.34420395	734.7761841	22.60000038	-5	27.60000038	16.35000038	-0.333333343	16.35000038	-1.666666627	560	84	26	42.10400391	225	82	225	85	0.082091711	1.441226125	0	10.01639652	20.07265663	10.42246342	18.32217026	178.3940735	1.628341079	37.95294189	5.974895	41.8339386	38.09340668	10941.25	0.657999992	47
6744	3817.819046	40.8585	-73.4675	11.1208334	9.058333397	27.70132637	867.7831421	27.79999924	-4.900000095	32.70000076	9.483333588	0.383333296	21.73333359	0.383333296	1108	106	77	10.19863033	302	261	270	261	NA	NA	NA	NA	NA	NA	NA	NA	NA	NA	NA	NA	NA	13652.75	0.887799978	NA
6830	4753.141917	49.5	73.1	3.095833302	11.45833302	24.85538673	1322.94519	27.20000076	-18.89999962	46.09999847	17.14999962	-11.98333359	18.93333435	-13.05000019	290	36	13	27.72842979	101	49	93	58	NA	NA	NA	NA	NA	NA	NA	NA	NA	NA	NA	NA	NA	12957.08301	0.251599997	NA
6897	4424.175777	45	1.3	12.02916622	9.474999428	38.9917717	552.8704224	25.79999924	1.5	24.29999924	8.866666794	18.98333359	18.98333359	5.583333492	932	92	57	13.18087006	257	199	199	242	0.095728807	1.282502651	45.27685928	14.16363811	22.63682747	14.33857727	16.18852806	194.8249512	2.179186583	6.705091953	5.940078259	43.44423676	33.91893768	12758.16699	0.869700015	31
6898	5245.402784	51.2167	4.4	10.6875	7.491666794	33.44494247	559.8502808	23.29999924	0.899999976	22.39999962	7.550000191	6.633333206	17.71666718	4.066666603	819	80	51	13.71495628	231	171	211	196	0.072121263	1.452729583	NA	NA	16.39468575	NA	11.68965626	NA	NA	NA	NA	39.18778992	44.41752625	9720.166992	0.971700013	38
6903	5189.158317	49.4013	16.2326	7.345833302	8.358333588	30.28381729	733.6535645	22.60000038	-5	27.60000038	16.29999924	-0.366666675	16.29999924	-1.683333397	560	84	26	42.54829407	226	82	226	85	0.092415601	1.367708564	2.04831624	9.663686752	15.61371231	11.11383152	15.99536133	187.0365753	1.524151206	33.96364594	5.676602364	50.20911407	34.1771698	10929.41699	0.660099983	47
6904	5248.368822	49.2	16.6166	9.433333397	8.850000381	30.30821991	774.8792725	25.5	-3.700000048	29.20000076	17.45000076	1.366666675	18.95000076	-0.116666637	502	80	22	44.98284531	209	72	203	73	0.084811799	1.393282056	NA	NA	19.57447433	NA	7.219085693	NA	NA	NA	NA	46.15554047	34.26998901	10924.16699	0.507799983	53
6907	4835.034394	51.4083	-0.6383	10.17083359	7.791666985	38.00812912	472.0769348	22	1.5	20.5	7.75	6.483333111	16.26666641	4.816666603	677	69	42	16.66335487	204	146	148	181	0.08091706	1.046375036	0	13.94948959	11.81113148	13.71587467	13.71320057	188.6947632	2.615069866	26.49323273	5.772104263	62.60864639	25.58022308	9823.5	0.817099988	31
6908	5088.963834	51.4083	-0.6383	10.17083359	7.791666985	38.00812912	472.0769348	22	1.5	20.5	7.75	6.483333111	16.26666641	4.816666603	677	69	42	16.66335487	204	146	148	181	0.08091706	1.046375036	0	13.94948959	11.81113148	13.71587467	13.71320057	188.6947632	2.615069866	26.49323273	5.772104263	62.60864639	25.58022308	9823.5	0.817099988	31
6909	5861.602169	38.3	-92.3	13.1208334	12.70833302	32.66923904	954.6381226	32.29999924	-6.599999905	38.89999771	18.14999962	0.849999964	24.61666679	0.849999964	1023	125	41	26.89312172	326	159	279	159	NA	NA	NA	NA	NA	NA	NA	NA	NA	NA	NA	NA	NA	14842.16699	0.720899999	NA
6911	3169.712772	15.1111	-23.6167	22.70000076	6.416666985	62.29772949	152.4795227	27.60000038	17.29999924	10.30000114	24.41666794	22.48333359	24.41666794	20.79999924	281	116	0	155.792572	244	0	210	6	NA	NA	NA	NA	NA	NA	NA	NA	NA	NA	NA	NA	NA	19807.66602	0.138099998	NA
6913	4807.799884	62.877	18.177	3.508333206	7.949999809	26.5	791.2155151	19.89999962	-10.10000038	30	3.783333302	2.133333206	13.83333302	-5.716666698	715	88	38	28.14828682	242	126	195	152	0.077783406	1.159841061	0	9.000304222	9.338757515	24.94968033	16.80441666	170.2844849	2.885146379	24.92455673	4.265215397	71.114151	19.54708862	9013.916992	1.079200029	36
6915	4884.56696	50.3	6.3	7.525000095	7.233333111	31.58660889	595.7520142	20.39999962	-2.5	22.89999962	1.466666698	10.19999981	14.98333359	0.433333308	1109	117	72	14.97589874	335	241	247	316	0.102051102	1.036224127	13.9874754	15.48022747	20.9672966	10.78096104	17.44852066	217.7317047	2.960725307	34.7039032	5.503372669	21.03390503	57.99879837	10288.33301	1.455800056	56
6918	4895.908729	63.0165	18.3174	NA	NA	NA	NA	NA	NA	NA	NA	NA	NA	NA	NA	NA	NA	NA	NA	NA	NA	NA	NA	NA	NA	NA	8.960282326	NA	NA	NA	NA	NA	NA	72.00128174	19.03843689	NA	NA	35
6919	4864.06088	50.3	8	8.350000381	7.833333492	31.97278976	630.9876709	22.10000038	-2.400000095	24.5	4.550000191	4.099999905	16.31666756	0.816666663	801	81	55	11.55592823	222	179	201	206	0.098904356	1.355708122	5.910829544	9.557253838	18.09918785	16.29950905	16.00767517	195.2998657	2.145163774	10.79005718	4.577196121	36.78404236	45.11676788	10287.83301	0.985800028	38
6920	5088.002632	51.5338	9.9355	9.154167175	8.324999809	33.43373489	627.2756958	23.20000076	-1.700000048	24.90000153	15.58333397	4.849999905	17.03333282	1.633333325	646	72	40	15.64631748	193	135	190	150	0.072718859	1.443976402	NA	NA	13.12348843	NA	11.18571568	NA	NA	NA	NA	52.90867996	33.96783447	9821.75	0.779900014	41
6923	4911.987923	51.4083	-0.6383	10.17083359	7.791666985	38.00812912	472.0769348	22	1.5	20.5	7.75	6.483333111	16.26666641	4.816666603	677	69	42	16.66335487	204	146	148	181	0.08091706	1.046375036	0	13.94948959	11.81113148	13.71587467	13.71320057	188.6947632	2.615069866	26.49323273	5.772104263	62.60864639	25.58022308	9823.5	0.817099988	31
6924	4743.053782	51.4083	-0.6383	10.17083359	7.791666985	38.00812912	472.0769348	22	1.5	20.5	7.75	6.483333111	16.26666641	4.816666603	677	69	42	16.66335487	204	146	148	181	0.08091706	1.046375036	0	13.94948959	11.81113148	13.71587467	13.71320057	188.6947632	2.615069866	26.49323273	5.772104263	62.60864639	25.58022308	9823.5	0.817099988	31
6926	4905.454863	44.46	-85.37	6.641666412	11.4333334	29.85204506	996.5755615	26.70000076	-11.60000038	38.30000305	14.08333302	-5.133333206	18.53333282	-5.833333492	784	106	32	30.20096397	265	121	230	127	NA	NA	NA	NA	NA	NA	NA	NA	NA	NA	NA	NA	NA	12466.41699	0.797599971	NA
6927	4686.795397	41.2816	-86.621	9.850000381	11.15000057	28.81136894	1011.272827	29.10000038	-9.600000381	38.70000076	19.85000038	-3.266666651	21.85000038	-3.266666651	974	109	43	24.44473457	303	163	302	163	NA	NA	NA	NA	NA	NA	NA	NA	NA	NA	NA	NA	NA	13191.5	0.85769999	NA
6929	5031.601394	38.48	68.49	14.21249962	12.29166698	33.13117599	904.7955933	34.29999924	-2.799999952	37.09999847	8.616666794	24.08333397	25.51666641	2.916666746	493	103	1	81.88047791	255	8	13	178	NA	NA	NA	NA	NA	NA	NA	NA	NA	NA	NA	NA	NA	16001.16699	0.304699987	NA
6931	4468.197893	49.5	73.1	3.095833302	11.45833302	24.85538673	1322.94519	27.20000076	-18.89999962	46.09999847	17.14999962	-11.98333359	18.93333435	-13.05000019	290	36	13	27.72842979	101	49	93	58	NA	NA	NA	NA	NA	NA	NA	NA	NA	NA	NA	NA	NA	12957.08301	0.251599997	NA
6932	4494.767772	47.984	10.8719	7.808333397	8.5	32.31939316	681.2616577	22	-4.300000191	26.29999924	16.25	0.683333278	16.25	-0.466666728	1011	129	52	31.82374001	369	167	369	173	0.102342419	1.348537922	29.26148796	24.75124359	22.50582695	9.34200573	14.25989056	106.6281586	3.283555746	40.15041351	6.79838419	37.06019592	40.43397522	11379.08301	1.179399967	50
6933	4940.187342	41.59	2.49	14.32083321	9.358333588	38.19727707	553.4990234	27.5	3	24.5	15.33333302	21.35000038	21.54999924	8.166666985	768	95	33	25.13438797	254	144	180	176	0.115621664	0.957051337	107.3323975	11.1526289	22.9166317	13.76771164	23.89739418	500.2158508	3.372699022	20.19686317	6.338731766	33.28102875	43.80233765	14789.08301	0.583100021	45
6938	5140.675064	55.7522	37.6322	5.375	7.549999714	22.47023773	980.7939453	23.29999924	-10.30000019	33.59999847	17.41666603	-0.616666555	17.41666603	-6.616666794	721	94	35	31.77889824	259	115	259	133	NA	NA	NA	NA	NA	NA	NA	NA	NA	NA	NA	NA	NA	9333.833008	0.919200003	NA
6940	4621.340687	50.3	8.3	8.75	7.916666985	31.92204285	641.312561	22.70000076	-2.099999905	24.80000114	15.21666718	4.516666889	16.79999924	1.050000072	743	74	51	12.37581253	206	162	193	186	0.113839954	1.344890118	9.364084244	11.17168331	24.75255966	14.57791328	18.27942276	178.1796112	2.323174238	25.40448761	4.805194855	21.01168823	54.23575211	10266.58301	0.888800025	44
6943	4858.601676	51.4083	-0.6383	10.17083359	7.791666985	38.00812912	472.0769348	22	1.5	20.5	7.75	6.483333111	16.26666641	4.816666603	677	69	42	16.66335487	204	146	148	181	0.08091706	1.046375036	0	13.94948959	11.81113148	13.71587467	13.71320057	188.6947632	2.615069866	26.49323273	5.772104263	62.60864639	25.58022308	9823.5	0.817099988	31
6944	5465.546985	51.4083	-0.6383	10.17083359	7.791666985	38.00812912	472.0769348	22	1.5	20.5	7.75	6.483333111	16.26666641	4.816666603	677	69	42	16.66335487	204	146	148	181	0.08091706	1.046375036	0	13.94948959	11.81113148	13.71587467	13.71320057	188.6947632	2.615069866	26.49323273	5.772104263	62.60864639	25.58022308	9823.5	0.817099988	31
6945	4760.899778	52.24	4.45	9.691666603	6.583333492	32.11381912	509.79422	21	0.5	20.5	10.76666641	8.333333015	15.96666622	3.716666698	811	94	44	24.91148376	272	151	216	194	0.058924902	1.353599668	44.9506073	6.950583935	17.75653267	14.5143404	8.207348824	141.384079	2.047103405	43.81614685	6.375627041	55.33023071	26.91323853	9990.083008	1.077399969	46
6951	3699.0889	49.42	16.36	7.708333492	8.133333206	30.01230049	732.1724854	22.60000038	-4.5	27.10000038	15.16666603	0.01666666	16.64999962	-1.299999952	538	82	24	43.37608337	218	78	218	80	0.084765039	1.431786418	25.95822716	11.15738773	17.22577095	16.05817223	29.83935356	147.6229858	3.301705599	34.5234375	5.70526886	26.509552	56.26467896	10971.83301	0.620999992	45
6956	5540.576013	49.42	16.36	7.708333492	8.133333206	30.01230049	732.1724854	22.60000038	-4.5	27.10000038	15.16666603	0.01666666	16.64999962	-1.299999952	538	82	24	43.37608337	218	78	218	80	0.084765039	1.431786418	25.95822716	11.15738773	17.22577095	16.05817223	29.83935356	147.6229858	3.301705599	34.5234375	5.70526886	26.509552	56.26467896	10971.83301	0.620999992	45
6957	5276.672616	49.42	16.36	7.708333492	8.133333206	30.01230049	732.1724854	22.60000038	-4.5	27.10000038	15.16666603	0.01666666	16.64999962	-1.299999952	538	82	24	43.37608337	218	78	218	80	0.084765039	1.431786418	25.95822716	11.15738773	17.22577095	16.05817223	29.83935356	147.6229858	3.301705599	34.5234375	5.70526886	26.509552	56.26467896	10971.83301	0.620999992	45
6958	4905.91199	46	3.3	10.8791666	10.75833321	40.90620804	586.404541	25.70000076	-0.600000024	26.30000114	16.39999962	4.966666698	18.25	3.966666698	677	87	38	28.99602509	213	118	207	125	0.122515313	1.233541489	63.29605103	18.19548035	39.65356827	9.644804001	6.500997066	329.5178833	2.259216785	36.70186234	7.165093422	29.00224304	31.3441925	12360.83301	0.649600029	57
6959	3935.797221	48.5	-1.41	11.38749981	7.675000191	37.80788422	475.2947693	22.89999962	2.599999905	20.29999924	9.033333778	17.29999924	17.29999924	5.833333492	721	81	44	20.16500092	229	137	137	200	0.096660435	1.369221807	21.95392799	9.127002716	25.51895714	10.18681908	14.66196346	208.5500336	2.590861797	42.69155121	6.039835453	17.59528351	56.88575745	11453.75	0.768599987	36
6960	4278.246024	48.5	-1.41	11.38749981	7.675000191	37.80788422	475.2947693	22.89999962	2.599999905	20.29999924	9.033333778	17.29999924	17.29999924	5.833333492	721	81	44	20.16500092	229	137	137	200	0.096660435	1.369221807	21.95392799	9.127002716	25.51895714	10.18681908	14.66196346	208.5500336	2.590861797	42.69155121	6.039835453	17.59528351	56.88575745	11453.75	0.768599987	36
6961	3778.068535	38.3333	-3.53333	14.72916698	13.07499981	39.26426315	718.6143799	34.29999924	1	33.29999924	10.44999981	24.01666641	24.18333435	6.733333588	433	61	5	49.18143082	163	32	35	152	0.0926954	1.182278872	78.304039	13.44509888	25.88682938	9.849017143	19.19272995	334.1227112	1.674072266	25.51589966	6.88155508	36.9691124	37.14405823	16759.16602	0.252799988	45
6963	4547.926777	38.35	68.48	15.82083321	12.625	33.22368622	926.1539917	36.5	-1.5	38	10.14999962	25.80000114	27.35000038	4.216666698	421	91	1	83.46322632	220	6	10	163	NA	NA	NA	NA	NA	NA	NA	NA	NA	NA	NA	NA	NA	16059.08301	0.242799997	NA
6966	4994.053759	51.4083	-0.6383	10.17083359	7.791666985	38.00812912	472.0769348	22	1.5	20.5	7.75	6.483333111	16.26666641	4.816666603	677	69	42	16.66335487	204	146	148	181	0.08091706	1.046375036	0	13.94948959	11.81113148	13.71587467	13.71320057	188.6947632	2.615069866	26.49323273	5.772104263	62.60864639	25.58022308	9823.5	0.817099988	31
6967	4840.37944	51.4083	-0.6383	10.17083359	7.791666985	38.00812912	472.0769348	22	1.5	20.5	7.75	6.483333111	16.26666641	4.816666603	677	69	42	16.66335487	204	146	148	181	0.08091706	1.046375036	0	13.94948959	11.81113148	13.71587467	13.71320057	188.6947632	2.615069866	26.49323273	5.772104263	62.60864639	25.58022308	9823.5	0.817099988	31
6969	4051.240262	60	23.5	5.279166698	6.258333206	21.43264961	808.3272705	20.79999924	-8.399999619	29.19999886	6.150000095	3.483333349	15.61666679	-4.133333206	705	84	34	30.71255112	230	115	196	164	0.088304974	1.08542788	5.949960232	15.47383118	20.71758461	18.7487812	14.93083763	131.8435822	2.380182743	25.97894669	5.112044811	56.85972977	22.42268372	9426.666992	1.013299942	18
6971	4043.961363	41.7194	2.93056	15.0625	9.091667175	38.36146164	533.6585693	27.60000038	3.900000095	23.70000076	16.13333321	21.80000114	21.96666718	9.066666603	642	84	23	27.81056213	212	116	142	150	NA	1.032930851	NA	NA	22.51024628	NA	NA	NA	NA	NA	NA	37.51812363	39.9716301	14697.08301	0.481299996	48
6973	4732.185422	56.0648	13.9707	7.212500095	7.408333302	30.86805534	627.4013062	21.10000038	-2.900000095	24	7.800000191	2.283333302	15.23333359	-0.083333373	679	67	40	18.62249184	199	128	187	162	0.073026523	1.392862916	9.826323509	14.88817787	8.804350853	14.09511852	12.62323284	113.0771866	2.449366093	44.61601639	5.355846882	65.19975281	25.99589539	9863.5	0.927200019	35
6974	5655.837789	56.0648	13.9707	7.212500095	7.408333302	30.86805534	627.4013062	21.10000038	-2.900000095	24	7.800000191	2.283333302	15.23333359	-0.083333373	679	67	40	18.62249184	199	128	187	162	0.073026523	1.392862916	9.826323509	14.88817787	8.804350853	14.09511852	12.62323284	113.0771866	2.449366093	44.61601639	5.355846882	65.19975281	25.99589539	9863.5	0.927200019	35
6975	4635.682864	48.3	14.45	8.441666603	9.266666412	32.40093231	737.4983521	23.70000076	-4.900000095	28.60000038	17.36666679	0.799999952	17.36666679	-0.76666671	763	106	44	31.23724365	283	142	283	144	0.100266054	1.199316978	26.61389732	12.9164629	15.79251766	13.27930546	13.22265816	264.5312805	2.203528643	24.7563324	5.24265337	33.91986084	50.28762054	10850.83301	0.901499987	48
6976	4157.61506	48.3	14.45	8.441666603	9.266666412	32.40093231	737.4983521	23.70000076	-4.900000095	28.60000038	17.36666679	0.799999952	17.36666679	-0.76666671	763	106	44	31.23724365	283	142	283	144	0.100266054	1.199316978	26.61389732	12.9164629	15.79251766	13.27930546	13.22265816	264.5312805	2.203528643	24.7563324	5.24265337	33.91986084	50.28762054	10850.83301	0.901499987	48
6979	4279.162009	47.25	8.26	8.558333397	8.599999428	33.59375	643.1097412	22.70000076	-2.900000095	25.60000038	16.56666756	1.950000048	16.56666756	0.800000012	1326	143	88	16.10040855	411	281	411	301	0.110452205	1.007337809	NA	NA	21.75524902	NA	23.69042969	NA	NA	NA	NA	41.75735474	36.48739624	11735.66699	1.496500015	41
6981	5450.199519	52.3	30	6.779166698	8.258333206	25.88819313	880.8323975	23.39999962	-8.5	31.89999962	17.39999962	-3.116666555	17.39999962	-4.199999809	612	88	31	33.88903809	228	99	228	107	NA	NA	NA	NA	NA	NA	NA	NA	NA	NA	NA	NA	NA	10627.25	0.741699994	NA
6984	5550.959678	49.3853	16.2544	7.387500286	8.375	30.34420395	734.7761841	22.60000038	-5	27.60000038	16.35000038	-0.333333343	16.35000038	-1.666666627	560	84	26	42.10400391	225	82	225	85	0.082091711	1.441226125	0	10.01639652	20.07265663	10.42246342	18.32217026	178.3940735	1.628341079	37.95294189	5.974895	41.8339386	38.09340668	10941.25	0.657999992	47
6986	5367.454863	57.1539	-2.2207	7.541666508	7.266666889	38.85918045	432.418335	18.10000038	-0.600000024	18.70000076	5.166666508	9	13.10000038	2.549999952	856	90	57	18.01901627	260	172	191	229	0.088411845	1.121721745	0	11.78301334	14.31544018	12.40633202	8.883680344	160.9041748	3.152365685	58.40113068	5.879853725	50.56326675	35.12129211	8580.25	1.231600046	44
6987	4659.107407	48.0683	7.62551	10.32083321	8.574999809	33.10810852	655.2843018	24.79999924	-1.100000024	25.89999962	6.133333206	6.25	18.54999924	2.433333397	1106	114	74	12.53257942	312	242	275	297	0.104425065	1.360741138	28.12188721	9.568508148	25.88607788	10.49535656	10.2791357	250.7342987	2.83965373	40.03098679	6.017192841	23.18373108	50.93019104	11469.25	1.149099946	40
6989	4278.834211	54.8	-2.4333	7.087500095	7.058333397	37.94802856	435.2539673	17.79999924	-0.800000012	18.59999847	2.916666746	8.533332825	12.6833334	2.100000143	1281	142	77	23.14990997	418	233	262	381	0.108768791	1.05653441	0	11.62817955	20.6652832	10.95245934	26.32024765	243.1672516	3.017148495	35.61048508	5.527694702	48.14751816	31.18719482	8937	1.964599967	45
6992	4330.175581	50.3	5.3	9.324999809	7.533333302	32.89665222	573.7496338	22.10000038	-0.800000012	22.89999962	16.48333359	5.283333302	16.48333359	2.433333397	859	84	59	10.31763077	239	191	239	199	0.109306969	0.97377634	0	14.5596323	21.70477867	10.22055817	14.3627758	200.6349792	2.813414097	44.39431	5.926242352	22.05232239	56.24289703	10194.08301	1.052600026	43
6997	5255.380885	51.8333	5.5833	9.6875	8.141667366	35.70906448	552.4743042	22.60000038	-0.200000003	22.80000114	6.700000286	5.599999905	16.60000038	3.133333445	773	77	44	15.37611294	212	159	202	189	0.080886818	1.431080461	3.008468628	12.11715126	17.47721672	12.55893135	6.349157333	85.80500793	1.610765338	69.73274994	6.221951962	60.89421844	21.62856293	9830	0.959200025	48
7000	5447.375183	50.9167	9.57073	8.054166794	7.841666698	32.00680161	630.6903076	21.70000076	-2.799999952	24.5	14.51666737	1.316666722	15.95000076	0.483333349	740	75	46	13.32202816	219	157	210	165	0.104682714	1.400595546	15.66459656	10.64881516	11.33326721	13.20132923	17.26265526	104.48806	2.249854803	23.76812935	5.444431782	43.37379074	45.29294205	10044.66699	0.925100029	42
7002	5538.457786	51.3333	6.1	10.15833378	7.983333111	34.55988312	572.7717285	23.10000038	0	23.10000038	15.91666698	6.066666603	17.33333397	3.350000143	725	72	45	12.84802246	202	153	198	176	0.073713824	1.135129452	20.71254349	13.60710335	9.69048214	13.74251938	7.96609354	136.0535126	1.713669896	52.1629982	6.311720848	66.91563416	23.39388275	9860.833008	0.86559999	35
7003	5789.128487	47.5	7.5	9.537500381	8.375	32.97244263	642.8704224	23.5	-1.899999976	25.39999962	15.73333359	2.933333397	17.46666718	1.683333278	838	90	51	18.98698997	264	159	255	174	0.104968861	1.386594296	13.14381695	17.51766777	29.72930717	9.044992447	9.183799744	251.2560883	2.245384216	40.09043884	6.834406853	14.89689636	55.37379456	11669.91699	0.922999978	33
7008	5283.272468	52	5.675	9.795833588	8.091666222	35.18115997	562.9890137	22.79999924	-0.200000003	23	4.166666508	5.666666508	16.83333397	3.099999905	814	81	49	14.86511421	233	170	205	206	0.064412735	1.188896537	28.55887222	6.617163181	8.116723061	15.13832664	8.390452385	116.7915497	1.511696339	55.82694244	6.241753578	82.47047424	9.41280365	9741.416992	1.037500024	47
7013	5485.047685	52.4584	13.287	9.237500191	7.708333492	30.34777069	678.9501343	23.39999962	-2	25.39999962	17.70000076	4.75	17.70000076	1.049999952	564	65	36	19.52319908	177	116	177	132	0.055018775	1.534383297	15.3340435	9.922990799	2.736156225	13.21872139	7.169308662	142.9139557	1.082157612	42.06933594	6.466371059	92.27846527	4.98538208	10138.83301	0.631399989	19
7014	4738.561709	56.5459	-4.79821	7.520833492	6.175000191	36.75595474	417.2281799	16.89999962	0.100000001	16.79999924	3.450000048	9.133333206	12.76666641	2.683333397	1803	221	89	32.57483292	626	273	318	570	0.077009231	1.155727744	0	16.27896881	5.667490959	15.87839222	12.11692524	141.388443	3.599767923	22.86443901	5.304020405	70.07484436	24.25766754	8258.5	3.222199917	31
7025	4460.202716	44.5041	11.3396	13.9416666	8.883333206	29.41501045	794.1400146	30.5	0.300000012	30.20000076	14.41666603	4.199999809	23.75	4.199999809	717	82	43	20.70442581	228	149	152	149	0.113179713	1.254604578	106.6222916	29.12082291	35.33194733	11.70221519	15.94005108	284.1671753	2.11247468	18.6745472	7.433237553	9.611694336	55.05635834	13142.5	0.610099971	43
7026	5241.186103	54.4	-3.2667	8.387499809	6.691666603	37.59363174	433.0028687	18.20000076	0.400000006	17.80000114	6.150000095	10.01666641	13.8166666	3.266666651	1282	144	77	23.69865608	418	234	260	367	0.087663844	0.996178567	1.259579539	12.52924633	23.56595993	11.476017	20.54240227	199.0932617	3.053281069	45.08069611	5.732756138	37.83542252	38.59861755	8875	2.088999987	40
7028	6300.326698	49.5166	9.3166	8.375	8.383333206	32.61997604	668.694458	22.79999924	-2.900000095	25.69999886	1.333333373	8.100000381	16.75	0.316666633	815	91	53	14.85519505	239	183	196	236	0.113260776	1.135579348	15.03878212	17.99176216	25.21360207	10.21646786	10.18247604	272.7032166	1.951367617	35.70798111	6.776215076	21.60198975	53.1844101	10662.33301	0.985899985	36
7031	5492.984452	50.0167	8.6667	10.01666641	7.966666698	31.73970795	658.6947632	24.10000038	-1	25.10000038	16.70000076	5.866666794	18.31666756	2.083333492	655	69	43	13.56032562	190	138	184	152	0.074517794	1.300466061	33.49209976	13.9544754	23.15219688	13.83035088	12.96590137	229.5113678	2.453424692	26.68334961	6.03404665	31.10280609	45.74499512	10449.41699	0.734399974	43
7033	4904.480535	41.3599	-122.755	9.783332825	16.45000076	47.68115997	674.069519	30.5	-4	34.5	2.516666412	18.38333321	18.38333321	2.083333254	660	113	8	69.13526154	321	41	41	303	NA	NA	NA	NA	NA	NA	NA	NA	NA	NA	NA	NA	NA	15538.66699	0.450899988	NA
7036	4401.625859	50.5	9.5	7.800000191	8	31.87251091	651.5855103	21.79999924	-3.299999952	25.09999847	1.033333302	7.383333683	15.95000076	-0.049999971	936	101	59	14.5632143	272	202	230	259	0.107892945	1.329384327	10.94957542	7.964417934	16.71953011	12.90059471	14.30305481	167.447937	3.021665096	32.28037262	5.541885853	43.9480896	39.3323822	10279.83301	1.185899973	42
7058	5304.854407	54.1	-6.2	NA	NA	NA	NA	NA	NA	NA	NA	NA	NA	NA	NA	NA	NA	NA	NA	NA	NA	NA	NA	1.055575848	NA	NA	16.29500198	NA	17.16017914	NA	NA	NA	NA	57.90124893	25.80374908	NA	NA	41
7061	4442.990446	53.2699	-1.64293	8.649999619	7.033333302	36.63194275	454.0774841	19.60000038	0.400000006	19.20000076	4.416666508	12.86666679	14.46666622	3.466666698	887	94	57	15.94135189	271	188	199	249	0.108422369	1.010965943	21.10831833	9.941419601	28.63043785	12.86541557	22.42639732	151.055954	3.329601765	34.97309494	5.686490059	36.13809204	35.2314682	9359.75	1.238499999	49
7062	4800.96422	50.2981	8.26607	9.304166794	8.291666985	32.77338409	642.2880249	23.5	-1.799999952	25.29999924	15.83333397	5.133333206	17.36666679	1.550000072	655	66	44	13.29738331	191	140	178	156	0.085796133	1.436557651	26.50680351	10.38507652	20.6126461	11.6924572	14.91748047	165.9946289	1.594478011	38.23770523	6.554263592	43.07102966	36.31632233	10208.66699	0.784799993	43
7064	5560.121658	51.3	1.1	10.28333378	7.200000286	36.18090439	479.6747742	21.60000038	1.700000048	19.89999962	11.05000019	6.483333111	16.35000038	4.849999905	597	66	35	20.3238945	189	119	135	148	0.088796027	1.180930495	51.10625458	17.74884605	20.87992096	10.45697212	12.06621742	234.9220428	1.941356301	50.45359039	7.282405853	43.69742203	35.4226532	10072.08301	0.756299973	39
7067	4366.534433	37.3	15	17.22916603	9.225000381	37.9629631	574.3670654	30.5	6.199999809	24.29999924	15.25	24.31666565	24.58333397	10.83333302	489	85	3	71.23026276	234	20	48	186	0.114723228	0.899987161	190.668457	20.7245903	32.60241699	10.00914478	11.48248386	279.5227661	1.476558566	22.31735992	8.173201561	31.48789978	35.90968323	16425.58398	0.318399996	56
7071	4979.171823	48.0717	1.33867	10.71666622	8.833333015	36.80555725	563.6784058	24.79999924	0.800000012	24	4.900000095	6.833333492	17.83333206	4.066666603	629	59	39	11.68996811	170	130	164	157	0.093078382	1.258990884	NA	NA	19.18939972	NA	10.38973236	NA	NA	NA	NA	33.68901062	47.12158966	11529.58301	0.646399975	40
7072	5321.668509	53.7502	34.7361	5.037499905	7.841666698	23.47804451	966.1430664	22.29999924	-11.10000038	33.40000153	16.61666679	-5.766666889	16.61666679	-6.866666794	636	85	29	33.46401596	238	100	238	111	NA	NA	NA	NA	NA	NA	NA	NA	NA	NA	NA	NA	NA	10140.33301	0.818300009	NA
7077	5300.202298	40.12	-8.25	15.45416641	10.85833359	45.24305725	464.9655762	28.89999962	4.900000095	24	9.949999809	21.10000038	21.39999962	9.949999809	996	143	14	53.14039993	405	73	76	405	0.089344695	1.230876803	67.72908783	11.66593456	19.76014709	14.15197563	18.11486053	224.0018768	1.712397337	29.06103325	5.972391129	50.15279388	30.08705902	15703.16699	0.733099997	27
7081	4796.319315	40.2077	-8.42639	16.0625	10.99166679	47.78985596	429.3818359	28.60000038	5.599999905	23	10.91666698	21.21666718	21.5	10.91666698	906	128	13	51.89843369	361	69	71	361	0.069735646	1.37668097	136.2701874	18.11196518	13.54490566	13.22778797	23.2604084	106.8941422	1.021793604	30.05248833	6.727128506	58.77078629	27.68431091	15637	0.662	26
7092	4551.475389	49.416	2.823	10.54166698	8.283333778	36.17176056	551.4478149	23.70000076	0.800000012	22.90000153	15.83333397	6.716666698	17.46666718	4	625	60	43	10.07960033	172	136	161	151	0.084812425	1.203735948	NA	NA	20.19140816	NA	12.84837246	NA	NA	NA	NA	48.32595825	31.4826355	10899.66699	0.68629998	32
7096	4787.561068	47.3239	5.04278	10.72500038	8.683333397	33.01647568	663.1793213	25.70000076	-0.600000024	26.30000114	17.28333282	6.599999905	19.10000038	2.833333254	766	88	48	16.01351357	220	157	192	178	0.092400976	1.344402075	NA	NA	23.44206047	NA	15.47100353	NA	NA	NA	NA	28.12537384	48.43256378	11710	0.774999976	27
7102	4576.606739	50.7224	8.2372	8.337499619	8.441666603	33.4986763	630.3394775	22.5	-2.700000048	25.20000076	1.833333373	4.083333492	16.28333282	0.800000012	867	94	57	13.96021652	257	194	210	240	0.111729831	1.233024478	3.20847702	11.86387539	24.66653442	12.78452492	16.70022583	104.4885101	2.318777323	42.87788773	5.759052753	19.00511932	56.32834625	9999.583008	1.10010004	45
7103	5569.073454	49.4167	16.2667	7.208333492	8.216666222	30.09768105	729.4887085	22.29999924	-5	27.29999924	16.11666679	-0.466666669	16.11666679	-1.766666651	570	86	26	42.59706879	230	83	230	87	0.088787861	1.36053741	0	10.26636887	20.06467056	11.14409065	23.75632858	234.4702911	1.659950852	36.61385345	5.93426466	42.77149963	37.1638298	10919.75	0.678499997	47
7106	5298.383994	51.051	13.7336	10.11666679	8.283332825	30.3418808	715.3013916	25.29999924	-2	27.29999924	19.03333282	2.533333302	19.03333282	1.449999928	637	80	34	27.30535316	224	117	224	123	0.074908555	1.450038433	NA	NA	13.09950256	NA	11.73022079	NA	NA	NA	NA	53.49012375	33.41036987	10240.5	0.678799987	39
7107	4708.568053	54.7761	-1.5733	9.037500381	7.225000381	39.48087311	408.8849792	19.60000038	1.299999952	18.30000114	12.5666666	5.783333302	14.30000019	4.466666698	587	59	35	12.538764	161	127	154	141	0.084094845	1.34434545	34.08036804	18.63363457	13.51165485	18.74058342	13.30066776	202.2197113	1.790630698	38.34665298	6.298517227	63.96122742	22.52711487	9207.5	0.810299993	51
7109	4930.019488	51.3	0.5	10.32916641	7.758333206	37.66181183	485.6835022	22.20000076	1.600000024	20.60000038	5.699999809	6.550000191	16.54999924	4.800000191	613	65	38	18.8024292	191	124	138	164	0.091499723	1.343291163	141.5297699	24.21574211	27.55258942	11.13146782	18.41960526	220.9618225	2.326689482	39.21336746	7.609491825	38.69399261	33.75341797	9928	0.76700002	34
7111	5131.258269	55.9494	-3.16028	8.479166985	7.008333206	38.08876801	424.1004333	19	0.600000024	18.39999962	8.883333206	5.199999809	14.01666641	3.733333349	685	70	42	13.89909267	192	143	172	174	0.089539893	1.417573333	74.47330475	18.66749573	19.65177155	15.96932507	13.07296181	166.0075989	2.908742666	29.60372543	5.309776306	53.92515564	26.42307281	8759	0.918500006	41
7117	5194.975497	51.5105	9.68253	8.104166985	7.391666889	31.18846893	615.3877563	21.29999924	-2.400000095	23.69999886	1.850000024	3.766666651	15.75	0.683333278	826	82	50	12.11747456	232	178	215	215	0.098010287	1.19727993	20.65094376	10.02594852	21.00302124	9.276837349	9.350956917	172.5518188	2.324563742	37.58831787	6.169043064	8.451896667	70.54508209	9858.833008	1.038599968	40
7119	5054.540441	50	8.5	10.07916641	8.125	31.9881897	661.4222412	24.39999962	-1	25.39999962	16.78333282	3.25	18.38333321	2.099999905	596	65	38	16.10773659	182	123	172	132	0.077579886	1.127987742	38.13131332	4.64900732	10.30490208	15.06052494	5.463951111	141.818512	1.57097888	23.69992256	5.639995575	68.84529114	20.84980774	10441.5	0.666999996	42
7120	3642.807932	50	8.5	10.07916641	8.125	31.9881897	661.4222412	24.39999962	-1	25.39999962	16.78333282	3.25	18.38333321	2.099999905	596	65	38	16.10773659	182	123	172	132	0.077579886	1.127987742	38.13131332	4.64900732	10.30490208	15.06052494	5.463951111	141.818512	1.57097888	23.69992256	5.639995575	68.84529114	20.84980774	10441.5	0.666999996	42
7126	4578.158142	60.1997	24.5682	4.954166412	6.691666603	22.45525742	823.7095947	20.79999924	-9	29.79999924	10.39999962	3.533333302	15.5	-4.75	656	78	32	29.18146133	217	109	194	144	0.123308688	1.205279589	14.34162331	11.79452038	34.87059402	11.42683125	7.672758102	196.3635406	2.071126938	37.93796921	6.106168747	25.57427979	39.55512619	9358.583008	0.933099985	41
7127	5301.525181	58.6656	24.9871	5.533333302	7.400000095	24.18300629	830.4224854	22.10000038	-8.5	30.60000038	14.75	-0.866666615	16	-4.316666603	709	80	34	30.87292671	236	108	221	144	0.073780008	1.165159464	1.726871252	22.88263702	7.15871954	19.91973877	7.158914089	135.0583344	3.74783659	13.41626835	5.018257141	74.69787598	18.1434021	9468.916992	0.980300009	41
7130	4817.407549	44.6447	2.56481	11.82916641	10.10833263	38.43472672	589.9246826	26.39999962	0.100000001	26.29999924	14.19999981	5.800000191	19.25	4.75	627	69	38	17.17658997	181	132	152	144	0.094846293	1.016036868	79.14224243	20.4622879	23.37541008	11.94424629	19.66991234	145.1876068	2.781415939	20.65104485	7.085722923	34.6920929	41.93249512	13200.33301	0.570800006	40
7133	4130.984665	50.1102	8.6822	10.52916622	8.125	31.86274529	669.8183594	25	-0.5	25.5	17.43333435	6.333333492	19.01666641	2.516666651	656	68	44	14.3984499	195	137	186	153	0.081215568	1.417629361	NA	NA	18.04337502	NA	8.538222313	NA	NA	NA	NA	56.33356857	25.6230545	10230.91699	0.719200015	46
7143	5446.303677	51.0167	5.86667	10.17500019	8.116666794	34.98563004	572.3972778	23.20000076	0	23.20000076	15.85000038	6.083333492	17.33333397	3.333333254	740	78	47	13.02327728	210	159	204	178	0.07591179	1.311393619	NA	NA	14.89874268	NA	12.02753448	NA	NA	NA	NA	48.5814476	36.51980972	9956.416992	0.871999979	40
7147	5234.871805	50.584	8.67825	9.554166794	8.375	32.71484375	658.53302	24.10000038	-1.5	25.60000038	16.31666756	5.349999905	17.85000038	1.633333445	628	65	38	15.53039551	188	128	175	143	0.087234877	1.157353282	6.326202869	15.43449116	26.30567169	13.70592022	10.100564	211.4467468	1.666009665	36.46600723	6.499529362	39.09619522	34.59812927	10080	0.73150003	43
7158	5619.545574	47	15.5	9.041666985	9.733333588	32.01754379	778.5325317	24.79999924	-5.599999905	30.39999962	18.41666603	-0.766666591	18.41666603	-0.766666591	841	122	25	47.67466736	355	97	355	97	0.095919132	1.283595562	9.012620926	12.88587666	17.7629528	9.776987076	13.6844635	255.1627502	1.628978133	37.09595871	6.929737568	42.33211517	39.90493011	11590.5	0.949400008	51
7160	5431.49297	43.178	-85.2532	8.170833588	11.57499981	29.90956116	1007.906128	28.39999962	-10.30000019	38.70000076	15.30000019	-3.366666794	20.31666756	-4.566666603	873	103	35	27.27305794	278	142	255	145	NA	NA	NA	NA	NA	NA	NA	NA	NA	NA	NA	NA	NA	12647.66699	0.826600015	NA
7161	5189.892849	53.5	10.5	8.595832825	7.641666412	31.84027672	618.0227051	22.10000038	-1.899999976	24	16.36666679	4.050000191	16.36666679	1.233333349	728	73	44	15.28010559	212	147	212	174	0.072581753	1.477172971	8.866528511	7.05526495	8.767370224	13.95242786	9.461183548	116.9942474	1.648388147	49.82436752	5.450186729	74.23583984	16.99678802	9694.666992	0.939300001	26
7162	4693.083719	52.24	9.44	8.887499809	7.525000095	32.02127457	604.8070068	22.10000038	-1.399999976	23.5	16.41666603	4.533333302	16.41666603	1.633333325	783	78	50	12.92268181	219	166	219	196	0.089250267	1.107106328	85.06990814	20.56725311	17.91080093	11.71637154	13.23558998	222.1435852	1.721527338	41.26203537	6.820698738	10.50799561	71.58120728	9702.25	0.9454	31
7163	5163.14589	52.3721	9.73569	9.712499619	8.041666031	32.68970108	629.1593628	23.60000038	-1	24.60000038	17.63333321	5.299999714	17.63333321	2.216666698	666	72	40	15.17852116	198	140	198	155	0.066815734	1.461048365	NA	NA	9.608670235	NA	6.058285713	NA	NA	NA	NA	84.07452393	6.316802979	9708.833008	0.784300029	21
7165	4725.432886	51.3472	8.28844	8.225000381	8.666666031	35.37414932	588.0534058	21.79999924	-2.700000048	24.5	2.383333445	3.933333397	15.64999962	1.233333349	1021	105	69	12.71053219	297	227	257	274	0.091887698	1.107925534	80.09770966	14.42139816	19.41345596	14.10248089	22.08971596	154.3437653	1.850194693	29.75178528	6.229747295	32.73991394	47.8466301	9696.833008	1.319900036	35
7169	5059.35655	54.4175	9.88682	8.324999809	6.650000095	29.82062721	588.7255249	21.10000038	-1.200000048	22.30000114	15.33333302	3.683333397	15.71666718	1.433333397	851	85	46	18.46093369	248	171	242	205	0.07304775	1.46216917	0	9.44018364	10.69695377	11.28720188	11.01138973	185.5773926	1.924805999	53.4125824	6.406317234	61.02920914	28.27383423	9591.583008	1.174499989	32
7177	5624.745627	49	15	7.316666603	8.233333588	30.26960754	714.2520752	22.10000038	-5.099999905	27.20000076	16.16666603	-1.399999976	16.16666603	-1.399999976	640	89	32	37.10423279	247	105	247	105	0.094371602	1.39522624	11.04993629	12.67557526	12.36066914	18.99585915	16.26023674	188.6918488	1.61029923	30.20872688	4.984538078	57.43692398	30.20240784	10858.91699	0.788999975	44
7181	4969.165791	50.927	11.587	9.762499809	8.925000191	33.80681992	667.9892578	24.5	-1.899999976	26.39999962	18.06666756	1.666666627	18.06666756	1.666666627	597	67	34	23.21028328	196	113	196	113	0.08264301	1.106511354	56.835289	13.90325451	15.4410429	12.61242676	8.311305046	266.5484619	1.410161614	34.10523605	6.963589668	41.15768814	43.40126801	10005.91699	0.664300025	40
7183	4780.261134	35	77	-11.48750019	10.375	28.19293404	963.2523804	6.400000095	-30.39999962	36.79999924	0.033333343	-22.5	0.03333338	-23.46666718	118	29	2	83.20114899	71	10	61	13	NA	NA	NA	NA	NA	NA	NA	NA	NA	NA	NA	NA	NA	14661.83301	0.188299999	NA
7186	5428.423188	54.8969	23.8924	7.058333397	7.766666412	26.87427902	808.6375732	22.79999924	-6.099999905	28.89999962	17.01666641	-1.983333349	17.01666641	-2.783333302	608	80	28	28.86560249	215	102	215	114	0.07146544	1.430330276	NA	NA	9.264115334	NA	5.196236134	NA	NA	NA	NA	62.77894211	27.9569397	9970.666992	0.792200029	45
7192	4218.748241	55.6395	-5.66364	9.712499619	5.341666698	37.35430908	342.8299561	17.60000038	3.299999952	14.30000019	6.733333111	10.53333282	14.03333282	5.916666508	1341	158	62	29.92937469	453	207	318	405	0.084934466	1.223435521	0	17.86333084	6.944720745	17.37322998	10.43376541	163.1708832	3.535556078	13.09068489	4.555048943	78.8692627	14.1860199	8860.916992	1.69630003	35
7199	4126.326013	50.95	6.9666	10.90833378	7.383333206	32.10145187	598.2658081	23.79999924	0.800000012	23	16.96666718	6.833333492	18.43333435	3.783333302	802	84	49	14.87321568	236	169	236	183	0.076000601	1.450072169	NA	NA	16.5957756	NA	8.184037209	NA	NA	NA	NA	48.82012558	34.58409882	9806.166992	0.884000003	37
7202	4029.234202	50.1797	8.50861	9.462499619	7.658333302	31.0053978	649.0906982	23.29999924	-1.399999976	24.69999886	16.04999924	5.283333302	17.63333321	1.666666746	691	70	46	13.00923252	199	147	189	165	0.10096661	1.435713768	27.44953346	10.43769932	16.35499382	13.40141201	14.87907314	301.9967651	2.232156515	43.84607315	6.342851639	47.92358398	35.72142029	10323.25	0.779799998	46
7203	5616.613768	49.631	11.5722	7.883333206	8.466666222	32.19264984	690.5180054	22.5	-3.799999952	26.29999924	16.45000076	3.483333349	16.45000076	-0.5	906	96	62	14.389884	262	193	262	229	0.100688919	1.047428608	7.605176926	8.892261505	23.62896538	11.07784843	9.957122803	210.8255157	2.07717514	29.40957451	6.41361475	45.22618103	31.14485168	10437	1.156800032	43
7207	5050.421568	35.0085	135.752	15.73333359	9.300000191	29.0625	848.4111938	32.70000076	0.699999988	32	25.88333321	5.549999714	26.21666718	5.549999714	1656	242	59	44.5642128	629	211	589	211	NA	NA	NA	NA	NA	NA	NA	NA	NA	NA	NA	NA	NA	12740.58301	1.340899944	NA
7208	5584.688039	55.6739	-3.78181	8.199999809	6.433333397	37.6218338	411.7755432	18	0.899999976	17.10000038	4.233333111	9.666666031	13.51666641	3.549999952	1356	157	70	30.51320457	457	213	246	419	0.090884715	1.099273682	3.73574996	12.56620502	19.27253914	16.19130516	16.59208298	156.3155518	5.641590595	17.55496979	5.482542515	52.19203568	28.53542328	8582.583008	1.846199989	43
7209	4989.998532	52.7333	15.2333	9.079166412	8.008333206	29.12121201	737.0810547	24	-3.5	27.5	16.61666679	1.166666627	18.13333321	-0.016666671	523	66	27	26.61614418	179	95	179	105	0.048351381	1.543361425	NA	NA	7.30546236	NA	6.315640926	NA	NA	NA	NA	81.43249512	11.26203918	10201	0.613099992	17
7213	4638.370114	47.984	10.8719	7.808333397	8.5	32.31939316	681.2616577	22	-4.300000191	26.29999924	16.25	0.683333278	16.25	-0.466666728	1011	129	52	31.82374001	369	167	369	173	0.102342419	1.348537922	29.26148796	24.75124359	22.50582695	9.34200573	14.25989056	106.6281586	3.283555746	40.15041351	6.79838419	37.06019592	40.43397522	11379.08301	1.179399967	50
7217	4943.159362	48	0.5	10.72499943	8.416666985	37.40740967	534.4346924	23.79999924	1.299999952	22.5	5.25	17.44999886	17.44999886	4.449999809	694	70	45	14.25466919	206	143	143	198	0.093454972	1.438457727	12.24542999	7.794372559	13.99040222	12.93261242	9.111619949	199.4301147	2.381643772	46.45920563	5.941127777	44.53090286	41.47869492	11561.75	0.701900005	35
7223	4257.842617	50.3833	8.0666	9.595832825	8.958333015	34.58816147	640.1365356	24.29999924	-1.600000024	25.89999962	16.18333244	5.383333206	17.70000076	1.916666746	648	69	44	14.68937111	191	137	178	156	0.081129067	1.438897967	6.802539825	11.6118784	18.07374763	13.5182209	10.26551151	158.1228027	1.456951976	40.91474533	6.336513042	46.66004944	35.26620483	10150.08301	0.755299985	41
7231	4466.444369	50.3833	8.0666	9.595832825	8.958333015	34.58816147	640.1365356	24.29999924	-1.600000024	25.89999962	16.18333244	5.383333206	17.70000076	1.916666746	648	69	44	14.68937111	191	137	178	156	0.081129067	1.438897967	6.802539825	11.6118784	18.07374763	13.5182209	10.26551151	158.1228027	1.456951976	40.91474533	6.336513042	46.66004944	35.26620483	10150.08301	0.755299985	41
7236	5423.271701	NA	NA	NA	NA	NA	NA	NA	NA	NA	NA	NA	NA	NA	NA	NA	NA	NA	NA	NA	NA	NA	NA	NA	NA	NA	NA	NA	NA	NA	NA	NA	NA	NA	NA	NA	NA	NA
7244	4907.589569	50.001	8.26664	10.5583334	8.433333397	32.43589783	667.40625	25.39999962	-0.600000024	26	17.45000076	3.716666698	19.03333282	2.599999905	573	64	36	18.01320457	182	116	168	124	0.082494587	1.388228655	72.86832428	12.94123077	18.95651817	12.46366596	7.941122055	227.9142303	2.232651472	18.37487793	7.078891754	52.93289185	28.11058807	10334.41699	0.623300016	39
7248	4607.779964	41.3923	-70.6652	10.16250038	8.608333588	27.76881599	817.9161987	25.70000076	-5.300000191	31	2.766666651	17.53333282	20.16666794	0.166666627	1170	114	76	10.80070496	327	257	257	308	NA	NA	NA	NA	NA	NA	NA	NA	NA	NA	NA	NA	NA	13375.91699	1.091199994	NA
7255	5420.292854	50.95	20.5	7.541666508	9.016666412	30.35914803	774.3995972	23.29999924	-6.400000095	29.69999886	16.86666679	-0.916666746	16.86666679	-2.233333349	620	87	29	35.70917511	240	100	240	108	0.065568909	1.302727342	0	6.254590988	10.20665073	10.33390045	8.567611694	122.8235397	1.396446586	35.82542038	5.725166798	42.00656509	47.78678513	10514.41699	0.763100028	15
7258	4416.448247	50.5	8.5	8.904166222	7.875	31.88259125	643.9066162	22.79999924	-1.899999976	24.69999886	15.46666622	4.733333111	17	1.133333325	708	71	47	12.18543625	195	152	184	177	0.11055512	1.277040839	4.578620434	14.53928661	19.99968338	9.878674507	19.79076958	256.5577698	1.903176904	48.94263458	6.799487591	22.83359528	57.16672134	10176.41699	0.863300025	47
7268	4491.885973	52.6969	10.981	8.854166985	8.091667175	32.49665451	637.5359497	22.89999962	-2	24.89999962	16.81666565	4.366666794	16.81666565	1.216666698	585	63	36	17.83742714	184	120	184	136	0.075919598	1.352727294	60.98297882	9.569869995	8.58551693	9.614409447	10.51171875	152.9128723	1.447321177	47.83668518	6.833499432	69.4833374	21.93114471	9862	0.692300022	30
7273	4919.945376	51.0581	13.2995	8.737500191	7.841666698	29.70328331	703.4852295	23.10000038	-3.299999952	26.39999962	17.36666679	4.016666412	17.36666679	0.050000031	701	89	41	23.82821274	234	136	234	150	0.085890971	1.331704617	NA	NA	15.96080017	NA	11.29601002	NA	NA	NA	NA	34.31381226	49.72538757	10249.08301	0.801100016	42
7276	4452.857517	50.2	8.5833	9.675000191	7.966666698	31.73970795	655.5479736	23.79999924	-1.299999952	25.09999847	16.33333397	5.483333111	17.93333244	1.816666603	672	69	45	13.56880951	196	141	187	160	0.093940988	1.41298151	88.57698059	9.602758408	24.3505764	13.40577507	7.724425316	247.0327759	1.489129543	30.01626015	6.919332504	26.83130646	48.81811523	10285.41699	0.761399984	47
7282	4637.764187	50.3827	8.01161	9.399999619	8.599999428	33.72549057	635.7493896	23.79999924	-1.700000048	25.5	15.96666622	5.199999809	17.45000076	1.783333302	681	69	47	13.02369213	194	148	181	167	0.083337329	1.427087903	NA	NA	19.28390121	NA	12.23204708	NA	NA	NA	NA	38.95839691	41.75770187	10199.16699	0.815999985	38
7287	5707.377416	53.3422	8.42255	8.941666603	6.766666412	31.03975487	577.1829224	21.10000038	-0.699999988	21.80000114	16.10000038	4.599999905	16.10000038	2.066666603	729	77	37	19.54482651	221	132	221	158	0.094790228	1.040278912	0.692849755	19.86984825	21.13660812	10.743577	6.350375652	137.4288177	3.875818491	64.7352829	6.241703033	53.89360809	24.9697876	9549.333008	0.95480001	48
7288	4438.727741	60.385543	6.193019	7.074999809	6.566666603	29.84848595	577.4060059	19.39999962	-2.599999905	22	3.816666603	9.949999809	14.48333359	0.400000006	1809	229	75	34.67587662	628	247	342	570	0.112905197	1.297134399	NA	NA	19.37044144	NA	18.00011253	NA	NA	NA	NA	45.87824631	34.75131226	8909.333008	2.669199944	39
7296	4600.376654	59	29	4.741666794	8.016666412	24.66666603	871.5733643	21.10000038	-11.39999962	32.5	13.9333334	-1.283333302	15.5666666	-5.933333397	702	87	34	29.21136665	243	116	234	132	NA	NA	NA	NA	NA	NA	NA	NA	NA	NA	NA	NA	NA	9416.166992	0.96420002	NA
7298	4591.439856	47.04	10.51	-3.270833254	5.891666412	27.7908802	564.8308716	7.900000095	-13.30000019	21.20000076	3.633333206	-1.783333302	3.733333349	-9.616666794	1384	144	90	13.32357216	407	308	375	326	0.102432057	1.077231526	NA	NA	19.45207596	NA	29.81931305	NA	NA	NA	NA	45.81424332	34.73368073	13082.75	2.383899927	51
7305	5293.410693	53.476	10.6065	8.6875	7.824999809	31.93877602	627.7851563	22.39999962	-2.099999905	24.5	16.58333206	4.133333206	16.58333206	1.200000048	699	72	44	15.62062359	208	142	208	168	0.074769005	1.282591343	18.29230499	8.925251007	11.50572109	14.24975872	7.529947281	123.7234879	1.79954946	49.03899765	5.629956245	67.96627045	20.52800751	9728	0.888000011	26
7314	4905.901269	54.3512	-3.41697	NA	NA	NA	NA	NA	NA	NA	NA	NA	NA	NA	NA	NA	NA	NA	NA	NA	NA	NA	NA	NA	NA	NA	NA	NA	NA	NA	NA	NA	NA	NA	NA	NA	NA	40
7316	4444.623284	51.9667	5.56667	9.541666985	8.050000191	35.46255493	552.2714844	22.39999962	-0.300000012	22.69999886	4.033333302	5.466666698	16.45000076	2.983333349	810	80	46	15.26672554	231	169	203	205	0.057288557	1.418409944	33.25156403	11.25400925	9.967762947	14.56998253	4.998751163	89.50484467	1.794067144	52.07176208	6.102025032	70.91775513	19.11447906	9780.666992	1.026000023	47
7322	5379.479428	56.3	34	4.470833302	8.008333206	24.26767731	937.8637695	21.89999962	-11.10000038	33	15.89999962	-1.466666818	15.89999962	-7.166666508	645	87	30	35.33217621	240	97	240	113	NA	NA	NA	NA	NA	NA	NA	NA	NA	NA	NA	NA	NA	9669.666992	0.892499983	NA
7323	5111.693691	49	38.28	7.625	8.983333588	25.66666603	996.1437378	26.20000076	-8.800000191	35	18.26666641	1.5	19.58333397	-4.716666698	526	59	32	18.68174744	160	110	155	133	NA	NA	NA	NA	NA	NA	NA	NA	NA	NA	NA	NA	NA	11376.08301	0.523500025	NA
7327	4366.084708	41.7833	3.03333	15.19583321	9.358333588	38.35382462	549.9192505	28.10000038	3.700000048	24.39999962	16.21666718	22.16666794	22.28333282	8.966667175	597	79	21	28.728508	199	111	136	134	NA	NA	NA	NA	NA	NA	NA	NA	NA	NA	NA	NA	NA	14626.75	0.450800002	NA
7328	4188.509024	41.7833	3.03333	15.19583321	9.358333588	38.35382462	549.9192505	28.10000038	3.700000048	24.39999962	16.21666718	22.16666794	22.28333282	8.966667175	597	79	21	28.728508	199	111	136	134	NA	NA	NA	NA	NA	NA	NA	NA	NA	NA	NA	NA	NA	14626.75	0.450800002	NA
7337	5047.343076	50.8738	8.02341	8.845833778	8.708333015	34.55687714	622.3286743	23	-2.200000048	25.20000076	2.450000048	12.10000038	16.71666718	1.433333397	952	103	62	14.52982521	284	214	231	266	0.091615774	1.429341793	56.05256271	13.39200401	21.88315392	13.99603271	11.94844246	166.5849304	1.719711185	31.31945419	6.361496925	43.13140869	34.98543549	9883.833008	1.191900015	38
7342	5133.749288	53.6473	-3.00733	9.816666603	6.300000191	35.39325714	439.784729	19.60000038	1.799999952	17.80000114	7.733333111	11.21666718	15.38333321	4.766666412	869	98	50	23.80173492	286	163	195	227	0.087159991	1.28665781	37.51324463	11.83993816	15.83491898	16.48056984	12.30527496	174.1461487	1.947421551	20.42247772	6.090087414	61.02239227	23.14268494	9480.416992	1.139899969	41
7343	4835.520094	52.5339	13.181	9.633333206	7.75	29.80769157	698.0014648	24.10000038	-1.899999976	26	18.39999962	4.983333111	18.39999962	1.266666651	553	66	34	20.64081383	175	113	175	128	0.062063217	1.511188626	NA	NA	11.6905489	NA	6.878078461	NA	NA	NA	NA	76.44419861	11.86524963	10042.75	0.6171	18
7346	5965.315467	52.6058	11.8558	9.741666794	8.716667175	32.52487564	685.3925171	25.10000038	-1.700000048	26.80000114	18.28333282	5.449999809	18.28333282	1.516666651	550	63	30	23.01215935	181	104	181	119	0.064373553	1.419660807	23.11630058	10.18510818	7.20187664	12.88516521	4.543951988	149.5847015	1.549370885	37.75364685	6.183071613	85.84837341	6.949752808	9982.416992	0.614300013	25
7347	4780.938019	52	36	5.487500191	8.074999809	24.03273773	1001.598999	23.10000038	-10.5	33.59999847	17.45000076	-5.716666698	17.45000076	-6.849999905	644	84	35	27.22570419	220	113	220	125	NA	NA	NA	NA	NA	NA	NA	NA	NA	NA	NA	NA	NA	10603.75	0.747500002	NA
7349	5049.162576	49.5	14.5	7.445833206	8.591667175	31.12922668	726.8283081	22.70000076	-4.900000095	27.60000038	16.43333435	-0.133333325	16.43333435	-1.5	642	86	33	33.61082458	239	113	239	114	0.092795432	1.092880249	0	12.48072624	15.48602581	9.968067169	20.2066555	151.5144958	2.130800486	32.12277603	5.813034058	58.41621017	26.09776306	10660.66699	0.767099977	49
7350	5035.531212	47.2413	-122.459	11.0666666	10.30000019	41.70040512	538.5390015	25.60000038	0.899999976	24.70000076	5.266666889	17.91666603	17.91666603	4.900000095	1115	173	23	58.93091583	504	98	98	461	NA	NA	NA	NA	NA	NA	NA	NA	NA	NA	NA	NA	NA	11684.08301	1.119500041	NA
7353	5614.329697	52.08	4.3	10.0666666	6.683333397	32.13140869	523.0258789	21.5	0.699999988	20.79999924	10.94999981	8.933333397	16.51666641	3.866666555	854	99	48	24.63122749	287	162	200	205	0.057550769	1.470436931	60.00289536	10.35186768	15.67229748	14.59097862	11.3887291	125.968071	1.77370131	26.09018707	6.460595131	52.30503845	32.02266693	9933.75	1.110000014	42
7354	4971.925599	56.5	14.9	6.4375	7.858333588	30.57717133	664.8722534	21.10000038	-4.599999905	25.70000076	13.9333334	1.25	14.98333359	-1.266666651	686	73	39	20.23366165	204	126	197	156	0.068214506	1.176777005	0.089185856	14.44830704	3.543764114	21.56582069	11.75852871	83.90853882	2.894299507	26.51472664	4.580340385	81.94422913	14.51200867	9836.75	0.958000004	31
7356	4775.365765	41.6639	-83.5553	10.30416679	10.77499962	28.05989647	1013.644348	30	-8.399999619	38.40000153	22.54999924	-1.149999976	22.54999924	-2.533333302	855	94	43	22.2717762	264	153	264	155	NA	NA	NA	NA	NA	NA	NA	NA	NA	NA	NA	NA	NA	12897.16699	0.724099994	NA
7372	4841.964718	47.0748	9.9042	8.266666412	9.100000381	34.3396225	654.0931396	22.29999924	-4.199999809	26.5	16.23333359	1.433333397	16.23333359	0.200000092	1178	149	73	28.45976448	425	221	425	226	0.083239362	1.166279793	93.94230652	20.82772827	16.83703804	11.13728333	17.5104351	89.70810699	3.913640261	20.31344795	6.174714088	46.04741669	37.11554718	11981.5	1.314499974	49
7373	5371.653516	34.43	136.31	14.17083359	8.258333206	27.71252823	794.9998779	29.29999924	-0.5	29.79999924	23.56666565	4.566666603	24.01666641	4.566666603	1884	267	51	48.43699265	692	178	691	178	NA	NA	NA	NA	NA	NA	NA	NA	NA	NA	NA	NA	NA	13950	1.520200014	NA
7378	4995.1884	48.0333	7.7667	10.78333378	8.466667175	32.81653595	660.2662354	25.20000076	-0.600000024	25.80000114	17.45000076	4.066666603	19.08333397	2.849999905	893	97	56	19.78442001	287	169	267	187	0.105340116	1.019979477	38.3968811	18.44029617	22.85470963	11.77124405	9.125872612	208.2102356	2.711019993	36.57117462	6.66756916	22.35137939	54.79391098	11402.5	0.939199984	41
7383	4395.07588	49.2655	-123.206	10.02916622	6.558333397	31.37958527	522.3480835	21.79999924	0.899999976	20.89999962	4.5	16.53333282	16.61666679	3.966666698	1572	250	48	52.4983139	678	164	170	579	NA	NA	NA	NA	NA	NA	NA	NA	NA	NA	NA	NA	NA	11540.5	1.703199983	NA
7384	4315.548278	52.0333	5.55	9.929166794	8.358333588	36.02729797	564.2713013	23.10000038	-0.100000001	23.20000076	4.233333111	5.866666317	16.98333359	3.200000048	811	80	46	15.15865898	233	169	204	206	0.07043045	1.13488996	31.88032341	6.537839413	12.10007954	15.2309866	7.115719318	123.346962	1.669222355	52.00680542	6.310759544	64.6127243	23.2871933	9710.833008	1.015400052	47
7387	4814.47624	54.9902	-2.3671	8.166666985	7.516666889	39.56140137	432.5418396	19.10000038	0.100000001	19	4	9.566666603	13.75	3.25	924	98	58	18.61083031	288	181	205	265	0.09203621	1.070731163	0	15.78703499	19.50749397	11.14898396	13.10278797	214.889389	2.526284933	36.96482849	5.618784904	46.05592346	34.43658447	8987	1.316100001	46
7394	4158.664963	52.3	21	8.262499809	8.308333397	29.1520462	764.7879028	23.60000038	-4.900000095	28.5	17.66666603	-0.116666734	17.66666603	-1.116666675	488	72	22	39.30746078	191	70	191	78	0.06312117	1.507925987	NA	NA	10.11709213	NA	10.82862186	NA	NA	NA	NA	61.86233139	28.02057648	10336.33301	0.565900028	11
7396	4878.495677	52.3	30	6.779166698	8.258333206	25.88819313	880.8323975	23.39999962	-8.5	31.89999962	17.39999962	-3.116666555	17.39999962	-4.199999809	612	88	31	33.88903809	228	99	228	107	NA	NA	NA	NA	NA	NA	NA	NA	NA	NA	NA	NA	NA	10627.25	0.741699994	NA
7404	5417.671585	52.6	10.0667	9.375	8.366666794	33.20105743	647.8759155	23.5	-1.700000048	25.20000076	17.48333359	4.916666508	17.48333359	1.616666555	678	73	44	13.84370041	195	149	195	167	0.071196787	1.156306148	21.48015213	8.348370552	11.70221615	14.65019894	6.88527298	184.7610321	1.600857377	43.02147293	5.713100433	79.70610046	8.591682434	9753.583008	0.805999994	19
7411	5059.428894	47.9299	10.8134	7.483333588	8.216666222	32.09635544	665.0267944	21.29999924	-4.300000191	25.59999847	15.75	0.516666591	15.75	-0.51666671	1107	142	57	32.3922081	410	183	410	189	0.09792988	1.347379804	1.354050875	18.74365616	23.39423752	9.716832161	13.78957748	119.2729111	2.704561472	33.93424225	5.602461338	29.99035645	46.61540604	11453.16699	1.298499942	50
7413	5568.054511	54.6833	25.3167	6.520833492	7.708333492	26.21882057	827.3656616	22.39999962	-7	29.39999962	16.68333244	-2.666666746	16.68333244	-3.533333302	648	82	32	27.15677834	222	112	222	125	0.065207936	1.199448466	1.3936975	11.46143341	5.3104105	13.42060852	7.292406559	151.6940918	1.245455742	39.54847717	5.527270794	73.37068176	21.31890869	10038	0.828499973	38
7416	5131.430064	37.45	-119.35	8.533333778	14.6833334	46.46624374	620.6607056	27	-4.599999905	31.60000038	2.183333397	16.31666756	16.93333244	2.099999905	827	149	7	79.51383972	418	26	38	407	NA	NA	NA	NA	NA	NA	NA	NA	NA	NA	NA	NA	NA	18005.5	0.466100007	NA
7419	4380.576971	50.3058	8.32213	8.912500381	7.841666698	31.61962509	641.1251831	22.79999924	-2	24.79999924	15.41666603	4.699999809	16.95000076	1.200000048	713	70	49	11.90340519	199	155	187	177	0.101860553	1.367040157	28.17454338	12.51817226	24.84096718	11.15820694	10.34733295	180.8925934	1.68796885	30.11072731	6.059324741	26.02355957	49.13547516	10254.66699	0.856599987	45
7430	4908.061884	48.6167	6.25	9.795833588	8.841666222	34.80971146	630.9749146	24.29999924	-1.100000024	25.39999962	5.966666698	5.666666508	17.73333359	2.25	775	78	48	12.46319008	214	166	199	203	0.116444714	1.268569827	0	13.13206196	23.31525993	9.775735855	19.83580971	224.9418335	2.443424702	42.77875137	6.395222664	35.00347137	41.68126678	11686.16699	0.827300012	41
7460	5349.391832	NA	NA	NA	NA	NA	NA	NA	NA	NA	NA	NA	NA	NA	NA	NA	NA	NA	NA	NA	NA	NA	NA	NA	NA	NA	NA	NA	NA	NA	NA	NA	NA	NA	NA	NA	NA	NA
7461	5215.842165	49	15	7.316666603	8.233333588	30.26960754	714.2520752	22.10000038	-5.099999905	27.20000076	16.16666603	-1.399999976	16.16666603	-1.399999976	640	89	32	37.10423279	247	105	247	105	0.094371602	1.39522624	11.04993629	12.67557526	12.36066914	18.99585915	16.26023674	188.6918488	1.61029923	30.20872688	4.984538078	57.43692398	30.20240784	10858.91699	0.788999975	44
7471	4699.966331	NA	NA	NA	NA	NA	NA	NA	NA	NA	NA	NA	NA	NA	NA	NA	NA	NA	NA	NA	NA	NA	NA	NA	NA	NA	NA	NA	NA	NA	NA	NA	NA	NA	NA	NA	NA	NA
7477	4843.348306	41.7302	-71.2825	10.15416718	10.3083334	29.87922668	878.3493652	27.60000038	-6.900000095	34.5	2.066666603	18.13333321	20.89999962	-0.649999976	1196	115	83	9.864296913	330	265	274	307	NA	NA	NA	NA	NA	NA	NA	NA	NA	NA	NA	NA	NA	13380.08301	1.040899992	NA
7514	4559.877049	41.5609	-86.4251	9.745833397	10.8083334	28.59347343	1000.916504	28.70000076	-9.100000381	37.80000305	21.70000076	-1.516666651	21.70000076	-3.150000095	989	108	46	21.73802376	297	173	297	176	NA	NA	NA	NA	NA	NA	NA	NA	NA	NA	NA	NA	NA	13111.16699	0.864700019	NA
7515	4986.481204	41.5609	-86.4251	9.745833397	10.8083334	28.59347343	1000.916504	28.70000076	-9.100000381	37.80000305	21.70000076	-1.516666651	21.70000076	-3.150000095	989	108	46	21.73802376	297	173	297	176	NA	NA	NA	NA	NA	NA	NA	NA	NA	NA	NA	NA	NA	13111.16699	0.864700019	NA
7520	5238.477366	49.38	16.81	6.829166412	7.941666603	29.52292442	725.9992065	21.60000038	-5.300000191	26.90000153	15.69999981	-0.900000095	15.69999981	-2.083333492	627	93	30	41.05865097	250	93	250	101	0.084514201	1.306069016	1.555139422	15.32937241	18.24336624	12.43449688	21.32348251	208.4738007	1.773273349	57.67502594	5.882003307	30.86503601	50.89159775	10940	0.751900017	51
7521	5403.507577	49.38	16.81	6.829166412	7.941666603	29.52292442	725.9992065	21.60000038	-5.300000191	26.90000153	15.69999981	-0.900000095	15.69999981	-2.083333492	627	93	30	41.05865097	250	93	250	101	0.084514201	1.306069016	1.555139422	15.32937241	18.24336624	12.43449688	21.32348251	208.4738007	1.773273349	57.67502594	5.882003307	30.86503601	50.89159775	10940	0.751900017	51
7525	5497.472963	42.036	-86.511	9.574999809	9.583333015	26.76908684	963.8240356	27.79999924	-8	35.79999924	20.5	-1.316666722	21.26666641	-2.566666603	950	99	42	21.25468254	280	162	274	175	NA	NA	NA	NA	NA	NA	NA	NA	NA	NA	NA	NA	NA	13075.41699	0.840300024	NA
7717	5162.579142	41.273	-86.625	9.858333588	11.15000057	28.81136894	1012.34613	29.10000038	-9.600000381	38.70000076	19.85000038	-3.266666651	21.88333321	-3.266666651	973	109	43	24.65426445	303	161	302	161	NA	NA	NA	NA	NA	NA	NA	NA	NA	NA	NA	NA	NA	13199	0.85619998	NA
7917	4152.181216	42.0945	-86.3253	9.550000191	10.21666622	27.99086761	975.977356	28.29999924	-8.199999809	36.5	20.39999962	-1.433333397	21.35000038	-2.866666555	960	103	42	21.67936516	285	162	274	177	NA	NA	NA	NA	NA	NA	NA	NA	NA	NA	NA	NA	NA	12938.83301	0.832000017	NA
7947	5321.59258	42.0945	-86.3253	9.550000191	10.21666622	27.99086761	975.977356	28.29999924	-8.199999809	36.5	20.39999962	-1.433333397	21.35000038	-2.866666555	960	103	42	21.67936516	285	162	274	177	NA	NA	NA	NA	NA	NA	NA	NA	NA	NA	NA	NA	NA	12938.83301	0.832000017	NA
8077	5054.120884	41.3423	-86.7368	9.854166985	11.24166679	29.12348938	1012.080383	28.89999962	-9.699999809	38.59999847	21.79999924	-3.283333302	21.79999924	-3.283333302	978	111	42	24.81150246	305	162	305	162	NA	NA	NA	NA	NA	NA	NA	NA	NA	NA	NA	NA	NA	13203	0.859300017	NA
8132	4558.623053	42.036	-86.511	9.574999809	9.583333015	26.76908684	963.8240356	27.79999924	-8	35.79999924	20.5	-1.316666722	21.26666641	-2.566666603	950	99	42	21.25468254	280	162	274	175	NA	NA	NA	NA	NA	NA	NA	NA	NA	NA	NA	NA	NA	13075.41699	0.840300024	NA
8214	5382.41614	49	2	10.5666666	7.650000095	34.1517868	551.4375	23.39999962	1	22.39999962	7.483333588	6.699999809	17.51666641	4.066666603	663	64	45	10.56177425	183	150	156	169	0.094890505	1.402588248	9.17501545	13.36514854	18.56491089	16.44534111	16.29474449	108.3339844	1.704200506	9.889762878	5.137792587	11.81417847	69.62091064	11137.75	0.708299994	28
8222	4985.843396	56.0328	14.775	NA	NA	NA	NA	NA	NA	NA	NA	NA	NA	NA	NA	NA	NA	NA	NA	NA	NA	NA	NA	NA	NA	NA	11.0690403	NA	NA	NA	NA	NA	NA	69.16862488	19.76233673	NA	NA	NA
8227	5062.178015	62.7989	17.9103	3.741666555	7.866666794	25.96259689	810.0360107	20	-10.30000019	30.29999924	4.25	-2.316666603	14.21666718	-5.866666794	668	79	35	26.65001488	222	119	185	138	0.071978599	1.164914608	5.534748554	12.51281261	7.67028141	24.84656143	NA	212.278244	3.84024024	30.02552795	4.528629303	74.49858856	17.83113098	9031.666992	1.003999949	32
8230	5917.309987	56.68	16.5	7.183333397	7.516666889	29.24773026	665.9591064	21.70000076	-4	25.70000076	15.01666737	1.733333349	15.8166666	-0.433333367	509	54	30	20.01824188	158	96	148	116	0.084575415	1.095831633	12.2441988	15.40527725	13.948493	12.83271503	3.901371479	123.6753235	3.223742008	26.28514671	6.042714596	61.47021103	24.58129883	10149.91699	0.688799977	29
8233	4707.889468	41.1876	-87.1923	9.816666603	11.5	29.41176414	1020.346069	29.10000038	-10	39.09999847	19.86666679	-3.466666698	21.83333397	-3.466666698	967	111	38	28.42823792	315	149	306	149	NA	NA	NA	NA	NA	NA	NA	NA	NA	NA	NA	NA	NA	13294.5	0.860099971	NA
8234	3962.426446	56.4606	15.8127	6.758333206	7.283333302	29.48718071	649.6566772	20.79999924	-3.900000095	24.69999886	7.416666508	1.433333278	15.14999962	-0.650000036	637	66	37	18.37969589	190	122	167	158	0.072721347	1.140362144	0.631824076	10.47219849	7.422073364	15.90588951	17.38773346	51.60390854	2.619577885	25.93388939	5.481523037	71.86720276	20.71072388	9930.25	0.881699979	38
8235	4915.554845	48.8	17.1	9.604166985	8.858333588	30.65167236	763.7421265	25.20000076	-3.700000048	28.90000153	18.86666679	1.616666675	18.86666679	0.050000012	646	92	29	41.69465256	260	93	260	99	0.071013838	1.220301509	NA	NA	25.48422241	NA	8.39766407	NA	NA	NA	NA	40.85205841	33.66371918	11409.25	0.645799994	57
8236	5008.205104	49.33	15.76	7.120833397	8.408333778	30.35499382	730.508728	22.39999962	-5.300000191	27.70000076	16.04999924	-0.550000012	16.04999924	-1.850000024	576	85	26	42.04099655	232	86	232	86	0.097589657	1.35731554	7.793400288	12.10661697	16.61211777	12.19025803	17.10074425	136.7063904	2.547245502	30.70907211	5.932521343	43.69506073	39.6928215	10883.91699	0.693300009	43
8237	5190.132915	55.8	13.1	8.116666794	6.599999905	28.20512962	644.2625732	21.29999924	-2.099999905	23.39999962	8.833333015	2.949999809	16.26666641	0.600000024	632	66	32	21.07146072	193	115	171	143	0.069994666	1.467446685	0	13.25978661	14.20767021	13.13658714	7.549651146	141.7788086	1.649586558	51.94992828	6.158042431	63.63477325	22.15755463	9897.333008	0.838199973	34
8238	4672.852476	51.15	0.4	9.949999809	7.699999809	37.74509811	475.4615173	21.60000038	1.200000048	20.39999962	5.466666698	14.30000019	16	4.5	740	82	45	24.23253059	243	146	148	211	0.107324742	1.029316902	17.21291351	12.84328747	25.66627312	10.54954243	14.39329529	211.6707458	3.450265169	39.59666061	6.061296463	20.04918671	54.28453827	10005.83301	0.957300007	34
8240	3867.955987	55.705	13.196	8.279166222	6.358333111	27.17236328	650.5678101	21.5	-1.899999976	23.39999962	8.916666985	3.066666603	16.56666756	0.75	637	66	33	20.77678299	193	117	170	148	0.075119704	1.490035295	4.677136898	9.054650307	9.181242943	15.35336876	8.101230621	146.8051147	1.897607803	31.69581032	5.816559315	71.26557159	19.55318451	9838.75	0.802699983	34
8241	7218.969589	55.9473	13.821	6.800000191	7.099999905	29.83193398	632.6710815	20.39999962	-3.400000095	23.79999924	3.716666698	5.483333111	14.86666679	-0.566666663	781	80	46	19.21126175	237	152	194	199	0.075444773	1.114229679	8.995235443	11.40405273	8.573512077	16.01782799	9.122881889	99.04319763	2.903223276	34.8819313	5.067510128	64.65504456	26.77144623	9807.5	1.097900033	37
8242	5337.617457	56.1494	15.7884	NA	NA	NA	NA	NA	NA	NA	NA	NA	NA	NA	NA	NA	NA	NA	NA	NA	NA	NA	NA	NA	NA	NA	16.63435173	NA	NA	NA	NA	NA	NA	61.31813431	22.04751587	NA	NA	40
8243	5747.92205	43.7703	11.2547	15.22083378	10.59166622	36.27283096	690.9330444	31.79999924	2.599999905	29.19999886	15.64999962	24.03333282	24.03333282	7.183333397	827	106	40	26.72639465	281	156	156	185	0.09476731	1.210547805	NA	NA	25.00743294	NA	14.31955338	NA	NA	NA	NA	41.50949097	33.483078	13710.08301	0.668500006	44
8244	3839.999189	48.6103	2.3086	11.0666666	8.383333206	35.22409058	575.3549805	24.79999924	1	23.79999924	16.51666641	5.133333206	18.33333397	4.266666889	621	61	43	9.042078018	166	145	148	151	0.08354257	1.189141035	54.73682785	13.36695671	16.73218727	10.51954269	9.772885323	275.2939453	1.697903156	41.2544136	7.035028934	45.88599396	37.38182068	11369.41699	0.645299971	29
8246	5403.626353	35	-79.18	16.17083359	12.74166679	38.72846985	768.3969727	32.29999924	-0.600000024	32.89999771	25.46666718	11.63333321	25.46666718	6.450000286	1194	138	75	19.5422287	377	241	377	279	NA	NA	NA	NA	NA	NA	NA	NA	NA	NA	NA	NA	NA	15340.58301	0.795799971	NA
8256	5375.225405	56.4	12.9	6.766666412	6.650000095	28.41880417	635.2963867	19.79999924	-3.599999905	23.39999962	3.733333111	5.566666603	14.78333282	-0.683333337	948	99	52	22.07296753	286	174	255	235	0.071191512	1.320398688	2.108280659	9.416226387	7.123396873	19.19123459	10.11996555	126.9932404	1.976495624	23.11120033	4.765630722	69.05709839	23.81950378	9762.75	1.384699941	33
8258	5354.721318	56.4	12.9	6.766666412	6.650000095	28.41880417	635.2963867	19.79999924	-3.599999905	23.39999962	3.733333111	5.566666603	14.78333282	-0.683333337	948	99	52	22.07296753	286	174	255	235	0.071191512	1.320398688	2.108280659	9.416226387	7.123396873	19.19123459	10.11996555	126.9932404	1.976495624	23.11120033	4.765630722	69.05709839	23.81950378	9762.75	1.384699941	33
8259	4954.443944	56.4	12.9	6.766666412	6.650000095	28.41880417	635.2963867	19.79999924	-3.599999905	23.39999962	3.733333111	5.566666603	14.78333282	-0.683333337	948	99	52	22.07296753	286	174	255	235	0.071191512	1.320398688	2.108280659	9.416226387	7.123396873	19.19123459	10.11996555	126.9932404	1.976495624	23.11120033	4.765630722	69.05709839	23.81950378	9762.75	1.384699941	33
8264	4957.026428	41.6833	2.8	14.96249962	9.658333778	39.10256577	550.0418091	28	3.299999952	24.70000076	15.98333359	21.93333435	22.06666565	8.75	698	88	27	25.79216957	227	128	152	166	0.093552276	1.32911849	185.4966888	18.22218132	24.68766594	13.07459641	16.95332527	530.7385864	1.461876392	17.21577072	7.531284332	33.90019989	41.41213226	14734.91699	0.523999989	48
8283	5379.356333	55.76	14.12	7.416666985	6.966666698	29.51977348	621.5425415	21.10000038	-2.5	23.60000038	8.100000381	2.400000095	15.41666698	0.283333331	696	71	40	19.01164436	210	135	178	171	0.069194511	1.329394102	14.69206524	11.52854347	9.280697823	14.76015663	13.58012295	119.394043	2.395784855	56.59951019	5.90877676	70.67905426	20.04024506	9910.416992	0.945900023	40
8284	5693.454356	49.4112	16.2815	7.395833492	8.241666794	30.07907486	733.8084106	22.5	-4.900000095	27.39999962	16.35000038	-0.300000012	16.35000038	-1.633333325	560	85	26	42.74531555	226	82	226	85	0.082404971	1.400041461	0	11.53142357	18.05256653	10.38245678	16.11732292	205.5180206	2.134118557	38.88417053	5.95461607	44.13959503	37.80783844	10930.91699	0.660000026	47
8285	5549.422115	49.4112	16.2815	7.395833492	8.241666794	30.07907486	733.8084106	22.5	-4.900000095	27.39999962	16.35000038	-0.300000012	16.35000038	-1.633333325	560	85	26	42.74531555	226	82	226	85	0.082404971	1.400041461	0	11.53142357	18.05256653	10.38245678	16.11732292	205.5180206	2.134118557	38.88417053	5.95461607	44.13959503	37.80783844	10930.91699	0.660000026	47
8290	4714.729587	50	8.5	10.07916641	8.125	31.9881897	661.4222412	24.39999962	-1	25.39999962	16.78333282	3.25	18.38333321	2.099999905	596	65	38	16.10773659	182	123	172	132	0.077579886	1.127987742	38.13131332	4.64900732	10.30490208	15.06052494	5.463951111	141.818512	1.57097888	23.69992256	5.639995575	68.84529114	20.84980774	10441.5	0.666999996	42
8297	4815.686748	46.5	6.08	6.375	7.800000191	31.83673477	626.7176514	20.10000038	-4.400000095	24.5	0	13.88333321	14.13333321	-1.100000024	1399	134	101	9.312505722	387	323	332	373	0.127830759	1.004342437	NA	NA	32.20869827	NA	17.91449928	NA	NA	NA	NA	21.14147186	46.64982986	12265.66699	1.59739995	43
8306	4289.982881	56.1	13.74	7.099999905	7.349999905	30.24691391	640.6317749	20.89999962	-3.400000095	24.29999924	3.916666746	5.933333397	15.25	-0.400000006	767	79	44	20.25018501	232	145	193	198	0.075360775	1.109084964	21.04700851	12.86776161	11.74979401	13.63500118	14.68470764	93.532547	1.974118114	32.95039749	5.626195908	52.87260437	35.37760162	9784.416992	1.06309998	33
8307	4211.819762	56.1	13.74	7.099999905	7.349999905	30.24691391	640.6317749	20.89999962	-3.400000095	24.29999924	3.916666746	5.933333397	15.25	-0.400000006	767	79	44	20.25018501	232	145	193	198	0.075360775	1.109084964	21.04700851	12.86776161	11.74979401	13.63500118	14.68470764	93.532547	1.974118114	32.95039749	5.626195908	52.87260437	35.37760162	9784.416992	1.06309998	33
8311	5256.637533	47.5	11.5	4.458333492	7.049999714	30.38792992	612.3309937	17	-6.199999809	23.20000076	12	-2.733333349	12	-2.733333349	1325	172	64	33.35820389	494	214	494	214	0.100237973	1.077509046	47.29906845	19.10868645	20.45035172	13.23698711	22.23304558	151.5194244	3.881909609	23.98685074	6.274542332	39.58193588	39.9677124	11793.25	1.616999984	47
8312	5414.810301	50.5	7.5	9	8.133333206	33.33333206	618.9837646	22.70000076	-1.700000048	24.40000153	15.30000019	4.833333492	16.76666641	1.566666722	833	80	57	10.30234814	224	185	220	206	0.097190067	1.431319833	20.45335388	12.81033039	16.38657761	14.17320728	14.25183868	200.4882202	2.429020405	28.31680107	5.29522419	39.01691818	44.59650421	10098.33301	1.019099951	30
8326	5616.055162	56.0328	14.775	NA	NA	NA	NA	NA	NA	NA	NA	NA	NA	NA	NA	NA	NA	NA	NA	NA	NA	NA	NA	NA	NA	NA	11.0690403	NA	NA	NA	NA	NA	NA	69.16862488	19.76233673	NA	NA	NA
8334	5126.21644	55.71	13.2	8.1875	6.308333397	26.95869064	650.8146362	21.39999962	-2	23.39999962	8.783332825	3	16.48333359	0.649999976	661	68	35	20.70275879	200	123	174	156	0.078009151	1.501915216	4.677136898	9.054650307	7.064375877	15.35336876	7.12353754	146.8051147	1.897607803	31.69581032	5.816559315	74.93592834	17.99969482	9831	0.832599998	34
8335	4682.945803	55.71	13.2	8.1875	6.308333397	26.95869064	650.8146362	21.39999962	-2	23.39999962	8.783332825	3	16.48333359	0.649999976	661	68	35	20.70275879	200	123	174	156	0.078009151	1.501915216	4.677136898	9.054650307	7.064375877	15.35336876	7.12353754	146.8051147	1.897607803	31.69581032	5.816559315	74.93592834	17.99969482	9831	0.832599998	34
8337	4714.635207	44	12.37	13.48750019	9.391666412	33.0692482	710.3395996	28.89999962	0.5	28.39999962	14.26666641	6.083333492	22.31666565	4.866666794	866	103	52	20.92202759	280	179	199	185	0.124922499	1.270168424	175.0439758	24.71944427	42.23299026	9.351214409	10.90625191	214.4242859	1.987962008	19.63055611	7.965873241	10.12532043	47.6416893	13256.83301	0.765399992	45
8343	5050.896384	47.5	1.5	11.28333378	9.866666794	39.62516785	577.0274048	25.60000038	0.699999988	24.89999962	7.816666603	18.54999924	18.54999924	4.366666317	667	66	48	11.36530399	184	145	145	173	0.076767817	1.330223799	32.9838028	10.60352421	15.63064671	15.62282944	6.134698868	106.3077545	1.782528758	16.31694412	5.270358562	50.30057907	34.06877136	11829.75	0.640200019	26
8351	5017.47732	60.25	18.37	5.616666794	7.616666794	26.91401482	731.6616821	21.20000076	-7.099999905	28.30000114	14.08333302	-0.383333266	15.13333321	-2.816666603	636	78	30	29.41843987	217	108	206	131	0.081557482	1.125455499	3.396508217	30.00943565	10.44555855	20.65810013	15.64056301	142.3480377	2.882331371	19.88243484	4.947527409	69.99006653	19.56437683	9729.25	0.894500017	NA
8357	4527.206714	41.5	2.25	14.82499981	9.366666794	37.61713791	564.6177368	28.29999924	3.400000095	24.89999962	15.80000019	22.01666641	22.21666718	8.550000191	680	82	30	25.56455994	226	139	169	147	0.110282354	1.100888491	142.8941345	14.47713566	23.27406311	12.54813957	19.27177429	395.8641357	1.234829426	35.17703247	6.832163811	37.52395248	39.20198441	15034.5	0.488400012	42
8365	5762.623167	49	16	8.770833015	8.675000191	30.33216858	759.9624634	24.5	-4.099999905	28.60000038	16.5	0.916666746	18.08333397	-0.599999964	523	79	23	43.22377777	212	76	211	76	0.095077582	1.400957227	27.66553116	16.96296692	18.38443184	9.982477188	8.761940002	255.3479767	1.598848343	32.66728973	6.846261501	32.16527557	49.45029449	11098.5	0.566699982	42
8366	4838.067922	50.5	8.5	8.904166222	7.875	31.88259125	643.9066162	22.79999924	-1.899999976	24.69999886	15.46666622	4.733333111	17	1.133333325	708	71	47	12.18543625	195	152	184	177	0.11055512	1.277040839	4.578620434	14.53928661	19.99968338	9.878674507	19.79076958	256.5577698	1.903176904	48.94263458	6.799487591	22.83359528	57.16672134	10176.41699	0.863300025	47
8376	5400.839547	62.69	18	3.987499952	7.474999905	25.42516899	787.6810913	19.70000076	-9.699999809	29.40000153	4.550000191	-2.016666651	14.19999981	-5.283333302	683	85	37	26.65180969	232	124	180	144	NA	NA	NA	NA	5.155407429	NA	NA	NA	NA	NA	NA	81.7008667	13.14372253	9098.25	1.051800013	30
8386	5545.931677	58.9	11.2	7.408333302	5.633333206	23.57043266	667.1746216	20.29999924	-3.599999905	23.89999962	8.183333397	1.699999928	15.89999962	-0.233333305	756	87	44	22.69173431	248	144	187	175	0.076597489	NA	7.322377682	16.10217667	8.807566643	20.48357391	13.29603958	91.19382477	1.985187531	21.59487152	4.847279072	68.97991943	22.21251678	9520.333008	0.906199992	NA
8419	5373.885559	54.6833	25.3167	6.520833492	7.708333492	26.21882057	827.3656616	22.39999962	-7	29.39999962	16.68333244	-2.666666746	16.68333244	-3.533333302	648	82	32	27.15677834	222	112	222	125	0.065207936	1.199448466	1.3936975	11.46143341	5.3104105	13.42060852	7.292406559	151.6940918	1.245455742	39.54847717	5.527270794	73.37068176	21.31890869	10038	0.828499973	38
8422	4389.09164	56.06	14.29	7.425000191	7.600000381	31.2757206	637.5788574	21.5	-2.799999952	24.29999924	14.78333378	2.416666508	15.60000038	0.049999993	575	60	32	20.48856544	173	104	167	125	0.071636371	1.522172213	26.39396667	10.55120087	6.884860992	12.10207176	8.382564545	104.6217575	1.714125752	40.81027603	6.060199261	74.22499084	18.89015198	9883.083008	0.785399973	36
8424	4582.954516	35	77	-11.48750019	10.375	28.19293404	963.2523804	6.400000095	-30.39999962	36.79999924	0.033333343	-22.5	0.03333338	-23.46666718	118	29	2	83.20114899	71	10	61	13	NA	NA	NA	NA	NA	NA	NA	NA	NA	NA	NA	NA	NA	14661.83301	0.188299999	NA
8426	4322.929902	56.06	13.97	7.212500095	7.408333302	30.86805534	627.4013062	21.10000038	-2.900000095	24	7.800000191	2.283333302	15.23333359	-0.083333373	679	67	40	18.62249184	199	128	187	162	0.069964543	1.392862916	9.826323509	14.88817787	7.910861969	14.09511852	13.57974815	113.0771866	2.449366093	44.61601639	5.355846882	74.94384766	17.14529419	9863.5	0.927200019	35
9057	5315.811103	56.1	13.9167	7.245833397	7.574999809	30.91836739	639.0421143	21.29999924	-3.200000048	24.5	7.75	2.25	15.41666698	-0.200000033	686	70	40	19.07152176	203	129	186	165	0.068475716	1.521374583	7.302810669	9.27186203	6.208423138	14.07226181	7.203193188	136.3952789	2.025475979	40.86949158	5.797670364	76.92983246	16.86174774	9799.666992	0.930599988	32
9058	4196.5316	57.75	16.6333	6.949999809	7.916666508	29.10539055	699.0415649	22.10000038	-5.099999905	27.20000076	15.11666679	1.333333254	16.06666565	-1.066666603	585	70	34	23.87763977	185	105	179	132	0.075033844	1.129699945	10.51837254	9.802445412	14.22665119	16.98621368	7.82733202	124.2807846	1.920843363	33.67726135	5.603039265	66.7346344	19.03871155	9963.916992	0.755599976	39
9067	4804.130523	38.6536	48.7992	14.0625	8.074999809	27.74913979	764.2766113	29.70000076	0.600000024	29.10000038	15.51666737	21.16666603	23.48333359	4.949999809	971	191	14	61.52060699	457	88	90	244	NA	NA	NA	NA	NA	NA	NA	NA	NA	NA	NA	NA	NA	14217.66699	0.892099977	NA
9069	5489.731701	38.6536	48.7992	14.0625	8.074999809	27.74913979	764.2766113	29.70000076	0.600000024	29.10000038	15.51666737	21.16666603	23.48333359	4.949999809	971	191	14	61.52060699	457	88	90	244	NA	NA	NA	NA	NA	NA	NA	NA	NA	NA	NA	NA	NA	14217.66699	0.892099977	NA
9070	5142.849852	38.6536	48.7992	14.0625	8.074999809	27.74913979	764.2766113	29.70000076	0.600000024	29.10000038	15.51666737	21.16666603	23.48333359	4.949999809	971	191	14	61.52060699	457	88	90	244	NA	NA	NA	NA	NA	NA	NA	NA	NA	NA	NA	NA	NA	14217.66699	0.892099977	NA
9075	4261.365096	38.7406	48.6131	12.4333334	8.683333397	28.84828377	734.684021	29.5	-0.600000024	30.10000038	13.73333359	21.43333435	21.43333435	3.599999905	761	137	13	50.94576263	325	82	82	182	NA	NA	NA	NA	NA	NA	NA	NA	NA	NA	NA	NA	NA	14299.41699	0.670000017	NA
9078	4214.012563	38.7406	48.6131	12.4333334	8.683333397	28.84828377	734.684021	29.5	-0.600000024	30.10000038	13.73333359	21.43333435	21.43333435	3.599999905	761	137	13	50.94576263	325	82	82	182	NA	NA	NA	NA	NA	NA	NA	NA	NA	NA	NA	NA	NA	14299.41699	0.670000017	NA
9079	3720.880201	38.7833	48.5517	12.08749962	9.258333206	29.76955986	733.0853882	30	-1.100000024	31.10000038	13.35000038	21.08333397	21.08333397	3.266666651	712	125	13	47.82060242	294	82	82	166	NA	NA	NA	NA	NA	NA	NA	NA	NA	NA	NA	NA	NA	14297.41699	0.622699976	NA
9081	5464.575023	38.7833	48.5517	12.08749962	9.258333206	29.76955986	733.0853882	30	-1.100000024	31.10000038	13.35000038	21.08333397	21.08333397	3.266666651	712	125	13	47.82060242	294	82	82	166	NA	NA	NA	NA	NA	NA	NA	NA	NA	NA	NA	NA	NA	14297.41699	0.622699976	NA
9084	3942.372879	38.7833	48.5517	12.08749962	9.258333206	29.76955986	733.0853882	30	-1.100000024	31.10000038	13.35000038	21.08333397	21.08333397	3.266666651	712	125	13	47.82060242	294	82	82	166	NA	NA	NA	NA	NA	NA	NA	NA	NA	NA	NA	NA	NA	14297.41699	0.622699976	NA
9085	4200.940829	38.7833	48.5517	12.08749962	9.258333206	29.76955986	733.0853882	30	-1.100000024	31.10000038	13.35000038	21.08333397	21.08333397	3.266666651	712	125	13	47.82060242	294	82	82	166	NA	NA	NA	NA	NA	NA	NA	NA	NA	NA	NA	NA	NA	14297.41699	0.622699976	NA
9089	4811.681324	38.9522	48.925	14.34583282	6.908332825	24.23976517	792.1588745	29.79999924	1.299999952	28.5	15.88333321	24.06666565	24.06666565	4.883333206	722	137	10	58.64810944	326	63	63	190	NA	NA	NA	NA	NA	NA	NA	NA	NA	NA	NA	NA	NA	14305.91699	0.65170002	NA
9091	4421.166516	38.9522	48.925	14.34583282	6.908332825	24.23976517	792.1588745	29.79999924	1.299999952	28.5	15.88333321	24.06666565	24.06666565	4.883333206	722	137	10	58.64810944	326	63	63	190	NA	NA	NA	NA	NA	NA	NA	NA	NA	NA	NA	NA	NA	14305.91699	0.65170002	NA
9095	4625.964832	38.9786	48.5594	13.71666718	8.783333778	28.33333397	781.8432007	31.20000076	0.200000003	31	15	23.38333321	23.38333321	4.383333206	674	120	9	50.81834793	279	66	66	176	NA	NA	NA	NA	NA	NA	NA	NA	NA	NA	NA	NA	NA	14269.33301	0.589900017	NA
9099	4671.825223	38.9786	48.5594	13.71666718	8.783333778	28.33333397	781.8432007	31.20000076	0.200000003	31	15	23.38333321	23.38333321	4.383333206	674	120	9	50.81834793	279	66	66	176	NA	NA	NA	NA	NA	NA	NA	NA	NA	NA	NA	NA	NA	14269.33301	0.589900017	NA
9100	4353.251283	41.8296	46.2831	12.16250038	9.574999809	29.55246735	845.8297119	28.70000076	-3.700000048	32.40000153	16	1.866666675	22.53333282	1.866666675	773	105	31	36.67897034	283	103	237	103	NA	NA	NA	NA	NA	NA	NA	NA	NA	NA	NA	NA	NA	13635.41699	0.670700014	NA
9102	5147.772587	41.8296	46.2831	12.16250038	9.574999809	29.55246735	845.8297119	28.70000076	-3.700000048	32.40000153	16	1.866666675	22.53333282	1.866666675	773	105	31	36.67897034	283	103	237	103	NA	NA	NA	NA	NA	NA	NA	NA	NA	NA	NA	NA	NA	13635.41699	0.670700014	NA
9103	4876.922634	41.8296	46.2831	12.16250038	9.574999809	29.55246735	845.8297119	28.70000076	-3.700000048	32.40000153	16	1.866666675	22.53333282	1.866666675	773	105	31	36.67897034	283	103	237	103	NA	NA	NA	NA	NA	NA	NA	NA	NA	NA	NA	NA	NA	13635.41699	0.670700014	NA
9104	3863.796315	41.8296	46.2831	12.16250038	9.574999809	29.55246735	845.8297119	28.70000076	-3.700000048	32.40000153	16	1.866666675	22.53333282	1.866666675	773	105	31	36.67897034	283	103	237	103	NA	NA	NA	NA	NA	NA	NA	NA	NA	NA	NA	NA	NA	13635.41699	0.670700014	NA
9105	4937.806849	41.8296	46.2831	12.16250038	9.574999809	29.55246735	845.8297119	28.70000076	-3.700000048	32.40000153	16	1.866666675	22.53333282	1.866666675	773	105	31	36.67897034	283	103	237	103	NA	NA	NA	NA	NA	NA	NA	NA	NA	NA	NA	NA	NA	13635.41699	0.670700014	NA
9106	4458.921872	41.8296	46.2831	12.16250038	9.574999809	29.55246735	845.8297119	28.70000076	-3.700000048	32.40000153	16	1.866666675	22.53333282	1.866666675	773	105	31	36.67897034	283	103	237	103	NA	NA	NA	NA	NA	NA	NA	NA	NA	NA	NA	NA	NA	13635.41699	0.670700014	NA
9111	3710.382434	41.8296	46.2831	12.16250038	9.574999809	29.55246735	845.8297119	28.70000076	-3.700000048	32.40000153	16	1.866666675	22.53333282	1.866666675	773	105	31	36.67897034	283	103	237	103	NA	NA	NA	NA	NA	NA	NA	NA	NA	NA	NA	NA	NA	13635.41699	0.670700014	NA
9113	4102.505234	41.8296	46.2831	12.16250038	9.574999809	29.55246735	845.8297119	28.70000076	-3.700000048	32.40000153	16	1.866666675	22.53333282	1.866666675	773	105	31	36.67897034	283	103	237	103	NA	NA	NA	NA	NA	NA	NA	NA	NA	NA	NA	NA	NA	13635.41699	0.670700014	NA
9114	4427.442675	41.8296	46.2831	12.16250038	9.574999809	29.55246735	845.8297119	28.70000076	-3.700000048	32.40000153	16	1.866666675	22.53333282	1.866666675	773	105	31	36.67897034	283	103	237	103	NA	NA	NA	NA	NA	NA	NA	NA	NA	NA	NA	NA	NA	13635.41699	0.670700014	NA
9115	4901.5172	41.8296	46.2831	12.16250038	9.574999809	29.55246735	845.8297119	28.70000076	-3.700000048	32.40000153	16	1.866666675	22.53333282	1.866666675	773	105	31	36.67897034	283	103	237	103	NA	NA	NA	NA	NA	NA	NA	NA	NA	NA	NA	NA	NA	13635.41699	0.670700014	NA
9121	5243.623438	41.7942	43.4767	8.574999809	9.149999619	30.5	768.0598145	24.89999962	-5.099999905	30	11.60000038	15.13333321	17.85000038	-0.816666663	781	95	49	20.82320976	251	167	168	190	NA	NA	NA	NA	NA	NA	NA	NA	NA	NA	NA	NA	NA	14559.58301	0.72299999	NA
9125	4574.343487	40.1408	44.8203	5.754166603	10.875	28.54330635	958.4799805	25.29999924	-12.80000019	38.09999847	9.333333015	-6.200000286	17.33333397	-6.200000286	444	75	19	46.72610855	191	64	85	64	NA	NA	NA	NA	NA	NA	NA	NA	NA	NA	NA	NA	NA	15589.83301	0.382999986	NA
9128	5133.51762	39.8692	45.3622	7.704166889	10.6916666	26.53018951	1013.222717	28.20000076	-12.10000038	40.30000305	11.3166666	20.10000038	20.10000038	-4.866666794	432	66	20	41.24691772	177	74	74	74	NA	NA	NA	NA	NA	NA	NA	NA	NA	NA	NA	NA	NA	15371.66699	0.35769999	NA
9130	4803.008429	39.8692	45.3622	7.704166889	10.6916666	26.53018951	1013.222717	28.20000076	-12.10000038	40.30000305	11.3166666	20.10000038	20.10000038	-4.866666794	432	66	20	41.24691772	177	74	74	74	NA	NA	NA	NA	NA	NA	NA	NA	NA	NA	NA	NA	NA	15371.66699	0.35769999	NA
9131	4650.409311	39.8692	45.3622	7.704166889	10.6916666	26.53018951	1013.222717	28.20000076	-12.10000038	40.30000305	11.3166666	20.10000038	20.10000038	-4.866666794	432	66	20	41.24691772	177	74	74	74	NA	NA	NA	NA	NA	NA	NA	NA	NA	NA	NA	NA	NA	15371.66699	0.35769999	NA
9133	4509.140422	39.8692	45.3622	7.704166889	10.6916666	26.53018951	1013.222717	28.20000076	-12.10000038	40.30000305	11.3166666	20.10000038	20.10000038	-4.866666794	432	66	20	41.24691772	177	74	74	74	NA	NA	NA	NA	NA	NA	NA	NA	NA	NA	NA	NA	NA	15371.66699	0.35769999	NA
9134	4743.47529	39.8692	45.3622	7.704166889	10.6916666	26.53018951	1013.222717	28.20000076	-12.10000038	40.30000305	11.3166666	20.10000038	20.10000038	-4.866666794	432	66	20	41.24691772	177	74	74	74	NA	NA	NA	NA	NA	NA	NA	NA	NA	NA	NA	NA	NA	15371.66699	0.35769999	NA
9298	5084.671086	55.9681	-3.21833	8.912500381	7.208333492	38.5472374	427.3657532	19.5	0.800000012	18.70000076	9.366666794	5.650000095	14.46666718	4.083333492	636	66	39	13.90291119	179	131	161	159	0.085161589	1.417551398	6.308026791	17.8660717	20.99829102	18.69508553	11.60524464	184.3346558	2.344854355	40.32806015	5.403596401	53.33987427	25.66183472	8784.75	0.861299992	NA
9321	5331.349824	62.8622	18.336	3.629166603	7.491666317	25.92272186	762.5419922	19.39999962	-9.5	28.89999962	4.016666412	1.949999928	13.64999962	-5.099999905	719	89	36	28.60884666	246	125	193	155	0.076635309	1.170562983	4.951548576	10.08638668	7.941580296	23.88031769	14.3880825	168.0047455	2.901052952	30.83712959	4.480220795	71.72795105	20.33046722	9050.083008	1.123299956	37
9323	4540.969176	62.8622	18.336	3.629166603	7.491666317	25.92272186	762.5419922	19.39999962	-9.5	28.89999962	4.016666412	1.949999928	13.64999962	-5.099999905	719	89	36	28.60884666	246	125	193	155	0.076635309	1.170562983	4.951548576	10.08638668	7.941580296	23.88031769	14.3880825	168.0047455	2.901052952	30.83712959	4.480220795	71.72795105	20.33046722	9050.083008	1.123299956	37
9332	4773.59444	62.8698	18.381	3.712500095	7.508333206	25.98039246	766.5065918	19.5	-9.399999619	28.89999962	4.083333492	2.083333492	13.76666641	-5.083333492	704	88	35	28.82870483	241	121	190	152	0.081829287	1.165513873	7.400091648	11.3069191	8.811560631	23.50194931	20.74848175	179.8204651	2.085430622	34.06342697	4.608797073	74.6960144	16.49242401	9046.666992	1.100700021	37
9336	4550.279911	62.8794	18.4473	4.016666889	7.25	25.52816963	755.7546997	19.39999962	-9	28.39999962	4.5	2.25	13.9333334	-4.616666794	679	84	35	28.64535141	232	117	184	146	NA	NA	NA	NA	7.284350395	NA	NA	NA	NA	NA	NA	73.50131226	19.21434021	9053.333008	1.075399995	36
9339	4790.56918	57.7133	15.0689	5.337500095	7.625	28.77358437	695.286499	20.39999962	-6.099999905	26.5	13.11666679	-0.033333346	14.26666641	-2.733333349	687	77	36	23.08039474	216	123	207	148	0.078226037	1.165286541	0	13.12942028	5.843305111	22.8816433	13.6521616	118.4082718	3.240004301	16.46658134	4.324503899	66.36717224	27.78952026	9682.583008	1.008299947	26
9343	4214.15748	57.3089	18.1512	NA	NA	NA	NA	NA	NA	NA	NA	NA	NA	NA	NA	NA	NA	NA	NA	NA	NA	NA	NA	NA	NA	NA	NA	NA	NA	NA	NA	NA	NA	NA	NA	NA	NA	NA
9352	4375.400122	57.2608	16.3675	6.533333302	9.199999809	33.21299744	681.4901123	22	-5.699999809	27.70000076	14.34999943	1.200000048	15.38333321	-1.333333373	574	65	36	20.04190063	178	111	171	133	0.071435027	1.107679367	0	16.53890991	14.00303555	18.61696434	10.62168884	69.58930969	2.463512659	27.54710579	5.016254902	68.71699524	17.27996826	9998.5	0.772499979	43
9353	4287.89429	57.2608	16.3675	6.533333302	9.199999809	33.21299744	681.4901123	22	-5.699999809	27.70000076	14.34999943	1.200000048	15.38333321	-1.333333373	574	65	36	20.04190063	178	111	171	133	0.071435027	1.107679367	0	16.53890991	14.00303555	18.61696434	10.62168884	69.58930969	2.463512659	27.54710579	5.016254902	68.71699524	17.27996826	9998.5	0.772499979	43
9363	5013.614813	62.9147	18.4045	NA	NA	NA	NA	NA	NA	NA	NA	NA	NA	NA	NA	NA	NA	NA	NA	NA	NA	NA	0.084130846	1.133053422	5.936465263	10.18791962	9.986363411	22.37430191	NA	126.1682816	2.521256685	33.01934052	4.912255287	60.52534103	29.48829651	NA	NA	38
9369	5179.522208	57.6781	14.9986	5.737500191	7.925000191	29.24354172	709.116333	21.10000038	-6	27.10000038	13.60000038	0.366666704	14.8166666	-2.566666603	650	74	33	24.10799789	207	112	198	138	0.085120372	1.117466807	0	8.941595078	12.55223846	21.98562431	8.509848595	106.5011826	2.262311697	21.12985802	4.684586048	50.66641235	36.78134918	9673.833008	0.917800009	25
9371	4928.055901	63.016	18.3175	NA	NA	NA	NA	NA	NA	NA	NA	NA	NA	NA	NA	NA	NA	NA	NA	NA	NA	NA	NA	NA	NA	NA	8.960282326	NA	NA	NA	NA	NA	NA	72.00128174	19.03843689	NA	NA	35
9380	5981.329355	55.7488	13.3742	7.962500095	6.824999809	28.91949081	644.6814575	21.29999924	-2.299999952	23.59999847	8.583333015	2.833333254	16.14999962	0.483333349	667	70	36	21.30728149	204	122	179	157	0.076947294	1.186851263	3.43039465	12.37764931	10.72564411	11.93923569	6.74111414	136.8060913	2.188888073	47.78464508	6.27104187	67.62792206	21.64643097	9844.416992	0.881900012	36
9381	4643.294465	55.8106	14.2091	NA	NA	NA	NA	NA	NA	NA	NA	NA	NA	NA	NA	NA	NA	NA	NA	NA	NA	NA	NA	NA	NA	NA	11.07674408	NA	NA	NA	NA	NA	NA	68.35652924	20.56672668	NA	NA	NA
9382	5287.483082	55.8106	14.2091	NA	NA	NA	NA	NA	NA	NA	NA	NA	NA	NA	NA	NA	NA	NA	NA	NA	NA	NA	NA	NA	NA	NA	11.07674408	NA	NA	NA	NA	NA	NA	68.35652924	20.56672668	NA	NA	NA
9383	4387.838801	55.8106	14.2091	NA	NA	NA	NA	NA	NA	NA	NA	NA	NA	NA	NA	NA	NA	NA	NA	NA	NA	NA	NA	NA	NA	NA	11.07674408	NA	NA	NA	NA	NA	NA	68.35652924	20.56672668	NA	NA	NA
9386	3942.051765	62.806	18.1896	3.9375	7.591666698	26.17816162	765.9905396	19.70000076	-9.300000191	29	4.349999905	2.333333254	13.96666718	-4.900000095	688	87	37	28.55791855	236	121	185	146	NA	NA	NA	NA	6.177222729	NA	NA	NA	NA	NA	NA	77.88957214	15.93320465	9055.25	1.066599965	35
9388	5449.578149	62.806	18.1896	3.9375	7.591666698	26.17816162	765.9905396	19.70000076	-9.300000191	29	4.349999905	2.333333254	13.96666718	-4.900000095	688	87	37	28.55791855	236	121	185	146	NA	NA	NA	NA	6.177222729	NA	NA	NA	NA	NA	NA	77.88957214	15.93320465	9055.25	1.066599965	35
9390	5182.994659	57.3263	15.8979	6.375	9.516666412	33.27505875	700.4268188	22.60000038	-6	28.60000038	14.26666737	1.083333254	15.41666698	-1.816666722	560	62	32	21.73464394	180	104	173	118	0.078865007	1.120264053	0	12.91197395	16.28792191	21.42012215	11.78704166	101.2026215	2.227679014	19.85678101	4.433102608	60.46726227	23.24481201	9833.416992	0.766300023	34
9391	4584.935559	57.3263	15.8979	6.375	9.516666412	33.27505875	700.4268188	22.60000038	-6	28.60000038	14.26666737	1.083333254	15.41666698	-1.816666722	560	62	32	21.73464394	180	104	173	118	0.078865007	1.120264053	0	12.91197395	16.28792191	21.42012215	11.78704166	101.2026215	2.227679014	19.85678101	4.433102608	60.46726227	23.24481201	9833.416992	0.766300023	34
9392	4789.646793	57.3263	15.8979	6.375	9.516666412	33.27505875	700.4268188	22.60000038	-6	28.60000038	14.26666737	1.083333254	15.41666698	-1.816666722	560	62	32	21.73464394	180	104	173	118	0.078865007	1.120264053	0	12.91197395	16.28792191	21.42012215	11.78704166	101.2026215	2.227679014	19.85678101	4.433102608	60.46726227	23.24481201	9833.416992	0.766300023	34
9394	4423.113401	56.5804	16.4063	NA	NA	NA	NA	NA	NA	NA	NA	NA	NA	NA	NA	NA	NA	NA	NA	NA	NA	NA	NA	NA	NA	NA	14.70943737	NA	NA	NA	NA	NA	NA	66.43494415	18.85562134	NA	NA	NA
9399	6492.298086	55.4234	13.9905	7.9375	6.741666317	28.56638336	631.2761841	21.29999924	-2.299999952	23.59999847	8.766666412	2.783333302	15.96666622	0.650000036	625	70	35	23.54902267	205	118	149	153	0.077214062	1.426484346	10.35396385	13.24622822	14.06045628	11.38406277	6.882913113	138.1038666	2.153087139	56.94608688	6.355752468	64.81222534	21.12731934	10084.16699	0.842100024	39
9402	5040.718191	57.8765	14.8549	5.516666889	8.066666603	29.76629829	701.2175293	20.79999924	-6.300000191	27.09999847	13.30000019	0.150000006	14.5	-2.683333397	632	72	32	23.58761978	200	112	191	132	0.094832882	1.056107402	24.13812828	10.77505684	13.98924923	16.19314194	11.30906868	118.6891479	2.518249273	23.884758	5.151643276	52.19044495	33.82030487	9677	0.906400025	32
9404	5227.999946	55.7491	13.399	7.895833492	6.825000286	28.91949081	642.7301636	21.20000076	-2.400000095	23.60000038	8.550000191	2.766666651	16.04999924	0.416666657	674	70	37	20.54702759	205	125	181	158	0.076592125	1.141643763	3.066901207	12.88129234	12.95347691	11.9537344	7.555639267	133.4222565	1.764479756	46.89822006	6.210220814	64.85991669	22.18660736	9829.333008	0.896700025	36
9405	6150.089773	55.7491	13.399	7.895833492	6.825000286	28.91949081	642.7301636	21.20000076	-2.400000095	23.60000038	8.550000191	2.766666651	16.04999924	0.416666657	674	70	37	20.54702759	205	125	181	158	0.076592125	1.141643763	3.066901207	12.88129234	12.95347691	11.9537344	7.555639267	133.4222565	1.764479756	46.89822006	6.210220814	64.85991669	22.18660736	9829.333008	0.896700025	36
9408	6082.480435	56.047	13.9519	6.949999809	7.233333111	30.64971733	621.0950928	20.60000038	-3	23.60000038	7.5	2.033333302	14.91666698	-0.233333305	725	73	43	18.75135422	215	140	193	177	0.07062792	1.216094613	0.837289274	10.96911144	6.729318619	17.51932144	14.95559025	104.7794724	2.400722742	20.57275963	4.240186691	62.34954834	30.92113495	9843.5	0.998300016	35
9409	4742.317956	56.0573	14.302	7.420833588	7.558333397	31.10425377	638.4122925	21.5	-2.799999952	24.29999924	14.78333378	2.383333445	15.61666679	0.049999993	567	60	31	20.91528702	172	102	165	122	0.078243583	1.474999547	12.82341385	15.78617287	9.811448097	17.98779106	6.962084293	123.596962	1.897436261	38.13356781	5.068815231	76.08425903	14.10429382	9875.75	0.76849997	37
9412	4951.43891	57.2746	16.1494	6.416666508	9.350000381	32.92253494	694.2861938	22.39999962	-6	28.39999962	14.26666641	1.066666722	15.41666698	-1.633333325	565	62	33	21.08746529	177	105	171	124	0.080146931	1.118587136	0	16.27943993	12.92919827	19.95918655	12.98601913	88.58093262	2.211841822	23.44090843	4.723268986	58.83724976	28.23355103	9939.75	0.746500015	39
9413	5962.797029	57.2746	16.1494	6.416666508	9.350000381	32.92253494	694.2861938	22.39999962	-6	28.39999962	14.26666641	1.066666722	15.41666698	-1.633333325	565	62	33	21.08746529	177	105	171	124	0.080146931	1.118587136	0	16.27943993	12.92919827	19.95918655	12.98601913	88.58093262	2.211841822	23.44090843	4.723268986	58.83724976	28.23355103	9939.75	0.746500015	39
9416	5648.629698	57.7215	18.3837	7.033333302	6.183333397	26.20056534	647.5911255	20.39999962	-3.200000048	23.60000038	7.983333588	4.800000191	15.44999981	-0.233333334	511	56	25	25.89341736	160	90	134	109	NA	NA	NA	NA	18.18793106	NA	NA	NA	NA	NA	NA	58.04587555	23.76618958	10425.58301	0.702300012	NA
9421	6617.198369	55.9745	14.3997	NA	NA	NA	NA	NA	NA	NA	NA	NA	NA	NA	NA	NA	NA	NA	NA	NA	NA	NA	NA	NA	NA	NA	NA	NA	NA	NA	NA	NA	NA	NA	NA	NA	NA	NA
9427	4585.278988	62.8815	18.4055	3.720833302	7.425000191	25.8710804	765.0057983	19.39999962	-9.300000191	28.70000076	4.083333492	2.083333254	13.76666641	-5.050000191	707	88	35	28.75358963	241	121	192	153	0.073378257	1.109878778	3.081563473	10.24759483	10.11734009	22.94112778	12.8498621	200.9111023	1.817569733	31.15966606	4.489095211	61.84751511	28.03514099	9046.333008	1.09860003	37
9433	3701.42271	62.9513	18.2763	3.404166698	7.991666317	26.46247292	798.1553955	20	-10.19999981	30.20000076	3.666666746	2.049999952	13.8166666	-5.916666508	714	88	37	28.6592865	241	124	198	151	0.076114148	1.160615683	3.94068861	7.692864418	5.77393198	25.13546753	12.85757065	161.7186127	1.638143659	28.19322205	4.284169674	75.81234741	18.41371918	8986.666992	1.069800019	36
9436	5416.516591	56.1633	14.6806	7.395833492	7.525000095	30.46558762	646.3409424	21.5	-3.200000048	24.70000076	7.900000095	2.283333302	15.69999981	-0.100000024	611	64	35	20.19272995	185	115	170	140	NA	NA	NA	NA	9.935993195	NA	10.47976398	NA	NA	NA	NA	69.1673584	20.89665222	9924.25	0.83890003	35
9442	3237.538607	55.5678	14.3398	8.008333206	6.283333302	27.67988205	615.8137207	21	-1.700000048	22.70000076	8.933333397	2.849999905	15.91666698	1.016666651	588	63	33	19.87232018	183	112	150	138	NA	NA	NA	NA	NA	NA	6.909757614	NA	NA	NA	NA	NA	NA	10053.58301	0.778999984	41
9451	3173.989362	57.2545	18.2109	6.970833302	6.941666603	28.10391426	650.9414673	20.89999962	-3.799999952	24.69999886	7.883333206	4.766666889	15.44999981	-0.283333302	528	59	28	23.51778984	168	94	135	113	0.099099278	1.134286284	3.800810337	22.72270012	16.47506142	17.55347061	10.10134315	109.7804031	2.715456247	27.85951042	5.536186218	66.04623413	17.47870636	10375.91699	0.734099984	36
9452	4863.943757	57.2545	18.2109	6.970833302	6.941666603	28.10391426	650.9414673	20.89999962	-3.799999952	24.69999886	7.883333206	4.766666889	15.44999981	-0.283333302	528	59	28	23.51778984	168	94	135	113	0.099099278	1.134286284	3.800810337	22.72270012	16.47506142	17.55347061	10.10134315	109.7804031	2.715456247	27.85951042	5.536186218	66.04623413	17.47870636	10375.91699	0.734099984	36
9453	4613.846052	57.8009	18.5162	6.866666794	6.233333111	26.19047546	653.0604248	20.39999962	-3.400000095	23.79999924	4.099999905	9.033333778	15.35000038	-0.433333337	569	61	27	25.28763008	177	97	147	127	0.078070424	1.104420424	1.963073611	22.99693489	11.37419701	21.07113266	5.41195488	104.2627563	2.658645391	21.85822487	5.07551527	67.29008484	21.33571625	10392.58301	0.76700002	38
9454	4343.541907	57.8009	18.5162	6.866666794	6.233333111	26.19047546	653.0604248	20.39999962	-3.400000095	23.79999924	4.099999905	9.033333778	15.35000038	-0.433333337	569	61	27	25.28763008	177	97	147	127	0.078070424	1.104420424	1.963073611	22.99693489	11.37419701	21.07113266	5.41195488	104.2627563	2.658645391	21.85822487	5.07551527	67.29008484	21.33571625	10392.58301	0.76700002	38
9455	4456.854609	57.8009	18.5162	6.866666794	6.233333111	26.19047546	653.0604248	20.39999962	-3.400000095	23.79999924	4.099999905	9.033333778	15.35000038	-0.433333337	569	61	27	25.28763008	177	97	147	127	0.078070424	1.104420424	1.963073611	22.99693489	11.37419701	21.07113266	5.41195488	104.2627563	2.658645391	21.85822487	5.07551527	67.29008484	21.33571625	10392.58301	0.76700002	38
9470	5438.800892	57.6511	14.8043	5.383333206	7.816666603	29.2759037	688.6196289	20.39999962	-6.300000191	26.70000076	13.0666666	0.033333249	14.19999981	-2.650000095	694	77	37	21.81319809	213	123	204	153	0.08257512	1.134179115	0	10.02282906	10.30705166	22.84017372	14.97340679	119.0669708	3.307394028	14.94910145	4.443498611	56.73271179	32.9602356	9685.166992	1.036499977	26
9476	3084.170198	55.5796	14.3336	NA	NA	NA	NA	NA	NA	NA	NA	NA	NA	NA	NA	NA	NA	NA	NA	NA	NA	NA	NA	NA	NA	NA	12.93919468	NA	NA	NA	NA	NA	NA	64.1008606	22.95994568	NA	NA	41
9481	5191.436922	55.4242	13.8484	NA	NA	NA	NA	NA	NA	NA	NA	NA	NA	NA	NA	NA	NA	NA	NA	NA	NA	NA	NA	NA	NA	NA	14.85303307	NA	NA	NA	NA	NA	NA	60.62706375	24.51990509	NA	NA	NA
9506	3939.944785	40.11	-7.47	13.16250038	8.775000572	35.52631378	578.5802612	27.70000076	3	24.70000076	7.433333397	20.70000076	20.71666718	6.75	1133	173	12	58.26556396	481	67	73	470	0.08273308	1.406786084	21.3500061	9.292191505	9.623511314	20.07227707	33.2203598	117.2625198	2.94461298	11.28601074	5.493866444	65.67893219	24.69755554	16384.75	0.75880003	40
9507	3339.697849	38.45	-7.5	16.04999924	12.23333359	45.81772614	513.0922241	31.60000038	4.900000095	26.70000076	10.96666622	22.36666679	22.73333359	10.11666679	565	90	4	58.71276474	240	29	34	225	0.073150076	1.400170207	28.2637825	10.16302586	19.48698997	10.03037739	25.22502518	211.1584473	1.410165429	14.74839878	6.527348518	49.43198395	31.08102417	17056.91602	0.334600002	49
9508	3960.95018	40.04	-7.11	14.17083359	9.358333588	36.55598831	590.7255249	29.10000038	3.5	25.60000038	8.366666794	21.86666679	21.91666603	7.633333206	869	130	10	56.74134445	368	53	59	348	0.073271669	1.480619073	13.90392685	12.43848133	18.4458313	13.8148737	32.85367966	193.8041229	2.757064104	16.37852097	5.997932434	49.3884697	32.16569519	16524.08398	0.538900018	39
9509	4964.251353	39.29	-7.4	14.92500019	8.949999809	36.38211441	564.4446411	29.79999924	5.199999809	24.59999847	9.666666985	22.20000076	22.51666641	8.766666412	745	111	7	56.94498062	314	45	49	297	0.092511855	1.130107641	31.11862946	10.0392437	12.54115391	12.3329134	21.10635757	367.2827148	2.581113577	25.46448708	5.995533466	50.85286713	36.60597992	16836.41602	0.452100009	31
9510	3603.583989	38.75	-7.59	14.72916698	10.17500019	41.02822876	524.1679688	29.5	4.699999809	24.79999924	9.699999809	21.31666756	21.66666603	8.850000381	698	106	6	57.40525818	291	39	43	278	0.081065096	1.400487542	51.92965317	9.485494614	13.70661354	13.56097412	27.56725502	253.9838867	2.355472326	19.00825119	6.122064114	54.15579224	32.13759613	17029.91602	0.42019999	50
9511	3605.787472	38.53	-8.02	16.03750038	11.42500019	44.45524979	500.9814453	31.20000076	5.5	25.70000076	11.0666666	22.21666718	22.53333282	10.25	625	102	4	61.12472916	274	29	36	260	0.05776852	1.499340415	10.11497498	9.793960571	10.56493855	12.84880447	23.4475441	240.511734	1.807379246	14.19614124	5.890455246	55.37209702	34.06296539	16996.66602	0.385600001	58
9512	3638.734608	38.22	-7.84	16.24166679	11.94999981	44.58955383	525.1053467	32.20000076	5.400000095	26.80000114	11.13333321	22.79999924	23.10000038	10.26666641	590	99	3	61.30298615	256	27	32	244	0.077427559	1.399129272	68.99025726	12.75284767	19.53805923	10.99352169	20.78240395	170.4223633	1.307711124	22.06579971	7.040001869	44.28638458	36.17555618	17095.33398	0.353100002	54
9513	4199.96876	38.77	-4.07	14.8125	13.34166622	39.3559494	726.1828003	34.5	0.600000024	33.90000153	10.35000038	24.08333397	24.30000114	6.583333492	439	62	6	46.32877731	162	37	42	150	0.10110563	1.323850989	185.9519196	15.40287971	30.18705368	8.504922867	14.82567883	246.6696777	1.419635296	12.80763721	7.703962326	39.89897919	29.91397095	16573.66602	0.26699999	57
9514	3835.258528	39.15	-4.54	14.22916698	11.4416666	37.26927185	678.8206787	32	1.299999952	30.70000076	10.25	22.96666718	23.06666565	6.549999714	461	64	7	46.07997894	170	39	43	157	0.094694979	1.356438041	126.5327301	10.92017365	21.25582123	10.66341496	24.01678276	340.5368347	1.970266223	22.29614067	6.551401138	44.36898041	34.37519836	16660.83398	0.292199999	17
9515	3165.071233	39.72	-6.89	16.61249924	10.77499962	39.1818161	601.4343872	32.5	5	27.5	10.53333378	24.35000038	24.36666679	9.766666412	598	87	5	55.32944107	249	35	42	226	0.075834565	1.340369344	39.17498779	8.876810074	14.73284721	12.13588333	30.13070488	245.3563538	1.491583943	10.48987484	6.060344219	47.43379974	37.83335114	16635.16602	0.357300013	35
9517	4458.757759	42.19	-7.8	12.82499981	10.66666603	43.01075363	500.9831238	27	2.200000048	24.79999924	7.766666889	18.98333359	19.33333397	6.966666698	1724	251	33	49.26459122	683	146	176	664	0.079577185	1.110743403	46.5184021	9.395356178	9.740462303	11.57355309	19.00172997	173.0416107	1.535725117	36.36524963	5.709838867	59.14143372	31.11810303	13750.83301	1.478399992	25
9518	4346.893363	39.88	-0.36	12.625	12.48333359	41.89038086	624.5307617	29.70000076	-0.100000001	29.80000114	14.11666679	6.5	20.78333282	5.716666698	447	56	22	29.41242409	143	82	92	91	0.109074041	1.140758038	78.0643158	15.71392536	29.28417206	12.70246696	24.49658394	169.7401428	1.953431249	21.89687157	6.535092831	30.68360901	40.03221893	15959.41699	0.310499996	39
9519	4286.539424	41.94	2.64	13.70416641	10.17500019	38.98467255	570.2728882	27.60000038	1.5	26.10000038	14.5666666	20.96666718	21.01666641	7.233333111	786	89	38	21.83395386	240	159	177	178	0.10013371	0.98569417	125.6371307	10.2708149	20.76499367	14.70974445	21.95467186	293.2932434	1.624960184	13.58027554	6.621585846	42.59981537	36.63519287	14585.33301	0.601599991	47
9520	5539.747801	41.7	-3.68	11.77083302	11.95833302	39.72868347	653.3148193	29.29999924	-0.800000012	30.09999847	13.71666718	20.06666565	20.20000076	4.283333302	375	43	12	29.74526405	116	56	64	104	0.080997124	1.427150488	36.98142242	8.895600319	16.13351631	9.149763107	15.98140526	154.7711334	1.207029939	19.2502346	6.53834486	54.35190964	29.51457214	14821.08301	0.278800011	32
9521	5007.772549	41.43	2.13	14.79166698	8.733333588	36.23789597	562.291687	27.89999962	3.799999952	24.10000038	15.76666641	9.133333206	22.14999962	8.533333778	688	84	31	26.8908329	231	140	173	143	0.098809257	0.953523576	166.2753906	14.91251755	39.78193283	12.93749046	17.48834038	217.5063019	3.017678261	33.74346924	6.584105968	18.8584137	41.35965347	14985.5	0.50819999	41
9522	4641.892735	36.52	-5.27	16.61666679	8.583333015	39.55453491	466.8966064	28.79999924	7.099999905	21.69999886	12.33333302	22.41666603	22.83333397	11.36666679	680	127	1	75.74800873	339	15	22	314	0.106077634	1.422410488	126.2282333	11.89401627	14.93136406	13.60910892	23.1020565	227.4947357	1.746103883	11.20759583	5.980178833	55.69259262	29.37604523	17516.75	0.431400001	58
9523	3922.711567	38.37	-2.66	14.59583282	13.54166603	39.82843018	735.2039185	34.5	0.5	34	10.25	24.06666565	24.26666641	6.400000095	395	52	6	45.96033859	145	33	36	131	0.103613757	1.303781033	383.2479553	17.69649124	27.44371223	11.80963612	17.38303757	327.6231079	1.264118075	15.45154476	7.950550556	30.41268921	42.14360046	16689.08398	0.228499994	47
9524	5040.706935	42.52	-0.56	10.47916698	9.991666794	37.42197418	600.8609619	26.29999924	-0.400000006	26.69999886	7.283333302	18.33333397	18.33333397	3.766666651	758	81	36	21.51073647	227	140	140	203	0.119696207	1.338630438	228.3212585	23.13479042	24.93262863	15.49265671	20.97293854	151.2473755	3.85603714	5.594468117	6.914215565	35.02781677	40.0395546	14663	0.597800016	38
9525	5607.510382	42.49	0.54	7.699999809	10.91666698	38.71158218	617.553833	24	-4.199999809	28.20000076	4.766666412	15.8166666	15.8166666	0.816666663	1027	110	57	18.50198746	303	216	216	253	0.124436714	1.004649878	56.30521011	18.34130096	16.92626572	16.8992157	27.35143852	126.7816696	3.70413065	11.99711609	5.53834343	55.19431686	27.87941742	14977.16699	0.859700024	51
9526	4763.543922	41.54	2.39	14.64999962	9.25	37.90983582	553.8009033	27.79999924	3.400000095	24.39999962	15.64999962	21.70000076	21.89999962	8.516666412	716	89	31	25.31595421	239	138	171	161	0.097180799	1.052283645	131.8577118	12.26042557	29.07065773	13.71119118	25.25863457	400.2895813	2.470211983	31.5525074	6.820839882	23.83757019	47.09177399	14889.25	0.528500021	44
9527	4267.437974	40.37	-5.74	10.49166679	9.366666794	36.0256424	596.7747803	25.60000038	-0.400000006	26	4.716666698	18.33333397	18.33333397	3.816666603	793	112	15	47.88977051	307	68	68	297	0.101281047	1.060017943	27.29782867	17.09999084	19.03050041	10.85272884	17.18833733	135.526886	1.114964724	15.46187115	6.196676731	42.6053009	38.36419678	16250.25	0.591300011	14
9528	3858.601143	40.94	-1.37	10.75833321	13.6833334	42.49482346	654.9733887	29.5	-2.700000048	32.20000076	12.58333397	4.366666794	19.29999924	3.416666746	462	74	22	39.75863266	177	72	123	84	0.107072368	1.356473804	185.1400757	25.08392525	21.6069355	15.05481243	24.51190758	228.1381836	1.631499648	22.91397285	6.872409344	47.88584137	30.50722504	15501.08301	0.325800002	31
9529	3855.394476	36.97	-3.36	11.51666641	12.91666698	40.49111557	667.3364258	30.20000076	-1.700000048	31.90000153	5.116666317	20.25	20.25	4.066666603	568	74	6	52.21708679	215	37	37	209	0.114506975	1.360389471	21.28652191	16.87923431	25.93979454	13.07920361	32.01517105	237.4575195	2.729095459	25.2014389	6.350337982	33.14161682	40.91858673	17068.66602	0.389600009	46
9530	3693.930287	38.25	-4.32	14.5666666	12.94999981	39.72392654	687.0170288	33.70000076	1.100000024	32.60000229	7.666666985	23.5	23.51666641	6.866666794	532	78	6	52.44025421	209	36	38	194	0.086243555	1.083826065	24.87218094	11.9867754	17.82018089	11.6151228	22.40559578	334.770752	1.885571599	37.26205826	6.402564526	41.84747314	40.33234406	16714.83398	0.317099988	41
9531	4865.974405	41.21	-4.54	11.83333302	12.19999981	40.66666794	641.3739624	29.39999962	-0.600000024	30	8.016666412	19.91666603	20.08333206	4.433333397	391	48	13	33.31452942	126	59	65	108	0.06538102	1.297983766	40.86206818	6.669713974	6.948411942	13.55768108	22.80679321	182.1634216	1.037124157	12.17987537	6.899362564	72.78244781	20.26914215	15361	0.28549999	57
9532	4463.734879	42.23	-4.64	11.61666679	11.36666679	39.46759415	620.506897	28.5	-0.300000012	28.79999924	8.033332825	19.56666756	19.58333397	4.5	451	54	18	31.80930901	144	59	81	126	0.092273466	1.354622722	62.89258194	13.4717617	23.98448944	7.847532272	10.80958557	197.7199402	1.371942997	15.46837997	7.70063591	35.35725403	40.65825653	14644.83301	0.347299993	30
9533	5489.246247	41.15	-4.32	11.65833378	11.44999981	38.68243408	658.175293	29	-0.600000024	29.60000038	7.766666889	20	20.14999962	4.099999905	406	52	15	32.42952728	129	62	68	111	0.067768939	1.427573323	27.54036713	6.015711308	8.536272049	12.81860256	23.24807167	168.2246857	1.362450838	10.13731861	6.064125061	67.31089783	24.15283203	15316.16699	0.298000008	57
9534	4427.197498	40.05	-4.65	15.32083321	11.82499981	38.77049255	658.6676025	32.79999924	2.299999952	30.5	11.41666698	23.75	23.85000038	7.799999714	324	39	8	37.17780685	111	38	42	98	0.089692101	1.39375639	51.16235733	14.44628143	25.43222618	9.49629879	14.77127361	338.8003845	1.822327733	26.93456078	7.311490059	44.16440582	30.40336609	16261.16699	0.207800001	30
9535	4949.17102	42.31	3.19	14.64999962	8.649999619	35.74380112	561.0744629	27.89999962	3.700000048	24.19999886	15.46666622	21.89999962	21.89999962	8.399999619	558	79	16	32.31050491	192	93	93	133	0.113234527	1.008347034	147.9914703	12.68125057	28.8811779	13.02796555	22.3555336	188.2906494	2.348665953	14.01062012	7.027542591	25.04586792	46.07295227	14629.25	0.393400013	50
9536	4321.431971	40.83	-2	11	13.4333334	42.645504	643.9403076	29.29999924	-2.200000048	31.5	7.299999714	19.26666641	19.39999962	3.816666603	518	63	19	33.41352081	174	78	81	138	0.08839304	1.190946937	60.29060364	11.3243494	13.39932537	13.95677853	27.99875832	220.1451111	1.346234322	26.63931084	6.640407562	53.98464584	32.61602783	15557	0.369199991	52
9537	4346.584649	38.07	-6.66	15.02916718	12.20833302	40.83054733	616.4725952	32.70000076	2.799999952	29.90000153	9.033333778	22.95000076	23.13333321	8.116666794	658	106	5	60.82764053	289	35	37	267	0.089728646	1.441112995	144.3794556	22.03471947	16.8823204	11.21454811	21.52035332	375.3371277	4.204695225	19.32293701	7.060542583	42.37786865	40.73981094	17298.75	0.385399997	45
9539	4196.20595	40.29	-6.67	11.72083378	8.741666794	36.88467026	546.6196289	25.20000076	1.5	23.70000076	6.466666698	18.93333435	18.93333435	5.583333492	935	140	12	55.08192062	389	66	66	374	0.080826558	1.133229613	15.49163437	10.48680496	13.36323166	12.00122166	24.08160019	380.2800293	1.322144628	0.641176701	5.906779766	52.85031509	33.78645325	16232.25	0.676800013	24
9540	4749.653997	41.81	2.34	10.40416718	9.091667175	35.65359497	588.659729	24.70000076	-0.800000012	25.5	11.35000038	4.433333397	18.08333397	3.900000095	871	97	51	19.59518433	254	176	208	186	0.109652847	1.042490125	35.3371048	21.62494469	14.76154804	14.3658886	27.78950882	280.2851868	1.417474627	21.75172806	6.456506252	55.08259201	30.1558609	15084.58301	0.712199986	43
9541	4445.738078	38.26	-5.42	15.00833321	13.23333359	40.8436203	662.8822632	34	1.600000024	32.40000153	8.350000381	23.54999924	23.63333321	7.5	635	101	5	59.35326385	276	36	38	250	0.080184817	1.413954735	11.88612366	13.06458664	16.51919556	9.725663185	24.30572128	239.9212952	1.354905844	23.77020264	6.650316238	53.41453552	30.06626892	16852.58398	0.362399995	44
9542	5102.072097	40.79	-4.05	6.841666698	7.116666794	29.40771294	626.1274414	21.60000038	-2.599999905	24.20000076	1.350000143	15.3166666	15.3166666	0.383333385	1169	161	24	46.0205574	442	112	112	380	0.106124669	1.106459856	27.4569416	18.48033905	16.12256813	13.07904243	31.95362473	133.9356995	2.630285978	25.50877953	6.204164028	42.17842102	41.69901276	15483.25	1.00999999	60
9543	4584.124048	36.77	-5.39	12.625	10.14999962	37.31617355	592.642395	28.60000038	1.399999976	27.20000076	7.116666794	20.28333282	20.5	6.033333302	864	129	3	68.61508179	382	27	31	377	0.107608482	1.077024341	117.3137665	18.24186897	15.56601715	13.34006214	33.94345856	141.2466736	2.938136101	2.008836746	6.410319328	54.08390045	30.3500824	17517.5	0.55309999	59
9544	3724.272824	39.4	-5.33	14.32916641	11.32499981	38.52040863	637.9564819	31.29999924	1.899999976	29.39999962	7.916666508	22.64999962	22.64999962	7.150000095	530	72	6	49.64038086	203	39	39	195	0.091274135	1.39017117	68.27770233	12.28148174	16.49234962	10.54059219	23.69248772	369.6984253	1.63742733	27.93377686	6.645420551	41.63941956	41.86823273	16634.66602	0.333900005	38
9545	4008.839915	39.4	-5.78	14.79166698	11.46666718	38.09523773	652.6409302	32.40000153	2.299999952	30.10000229	8.316666603	23.36666679	23.36666679	7.516666412	597	87	6	53.45101166	244	41	41	230	0.079442419	1.433780789	43.16684723	11.18513489	14.36006546	10.58785152	21.94292068	258.2001953	2.019016266	24.43791199	6.41671133	42.39616394	43.2437706	16641.41602	0.356400013	37
9546	5143.000719	40.82	-1.68	10.08749962	14.25833321	43.73721695	654.3842773	29.20000076	-3.400000095	32.60000229	11.80000019	18.51666641	18.66666603	2.850000143	543	76	27	30.32813072	184	101	113	124	0.108594507	1.01813817	111.1223679	15.46468639	22.2317028	13.69599724	26.27221489	189.5584717	1.669631958	19.67202187	6.589474678	51.25431442	26.51398468	15494.91699	0.383399993	42
9547	3620.596177	41.67	2.62	13.04583359	8.941666603	36.79698181	557.1985474	26.29999924	2	24.29999924	14.01666641	20.18333244	20.36666679	6.950000286	813	94	37	22.78940201	257	161	188	184	0.102751441	1.0295614	51.91485596	12.0687027	21.14875031	14.29868031	24.11814308	558.0081177	2.258525848	17.66406631	6.031360149	34.27738953	44.57386017	14871.16699	0.627200007	47
9548	3794.877287	40.4	-5	9.375	9.666666985	35.53921509	633.2079468	25.39999962	-1.799999952	27.19999886	5.900000095	17.73333359	17.73333359	2.433333397	652	82	18	38.96955872	229	73	73	206	0.100565396	1.052892327	112.7965012	14.67077732	21.78379059	11.34140968	26.9890976	134.2161865	1.229951739	17.49871254	6.601819038	48.40419769	29.81201172	16060.25	0.496100008	30
9549	4809.265261	42.23	-3.69	11.16666698	11.58333302	39.94252777	627.3730469	28.29999924	-0.699999988	29	12.8166666	19.23333359	19.23333359	4.049999714	467	55	19	28.69260788	143	73	81	131	0.089960165	1.365731597	167.3876648	17.42121696	24.42703819	9.954925537	13.32505512	201.0576782	1.506053567	20.02223015	7.561583042	39.87494659	35.69801331	14445.91699	0.369100004	44
9550	5208.58194	43.05	-5.37	5.845833302	8.058333397	32.62483215	605.0449219	20.79999924	-3.900000095	24.69999886	0.233333305	13.75	13.75	-0.850000024	1217	143	51	30.6411972	411	181	181	387	0.110221617	1.006322742	16.12463951	15.11670589	24.8458786	13.8322134	27.14550781	90.56291962	6.220079422	26.82901764	6.164803982	29.28451538	45.86960602	13816.08301	1.24240005	38
9551	4267.980643	42.28	-5.92	11.7541666	11.35833359	39.16666412	624.4287109	28.60000038	-0.400000006	29	5.316666603	19.85000038	19.85000038	4.616666794	716	93	25	36.92744827	258	93	93	244	0.074762359	1.452174664	0	6.572494984	15.71209908	9.874199867	16.75694084	131.6754456	1.283540606	15.78946877	6.286214352	45.40498352	38.88291931	14735.66699	0.533299983	37
9552	5046.880837	40.87	-4.5	11.1208334	10.75833321	37.48548126	643.3840332	27.79999924	-0.899999976	28.69999886	12.9333334	19.35000038	19.46666718	3.833333254	392	49	16	31.13556862	126	63	69	99	0.077306218	1.467737317	53.64662552	17.2833271	10.65876007	13.22041893	23.8083992	209.719986	1.374110818	17.13674164	6.933959961	61.81557083	27.52566528	15608.41699	0.289299995	54
9553	4338.155812	41.58	-4.71	12.32083321	11.82499981	39.81481552	639.0065308	29.70000076	0	29.70000076	5.566666603	20.41666794	20.5	4.933333397	424	50	17	32.69923019	140	64	71	123	0.080374219	1.049440861	16.57117081	12.63842201	11.63712883	10.16571999	21.8998642	244.8742065	1.160976052	24.0882225	7.375277519	64.82460022	23.53826904	15195.16699	0.307799995	39
9554	4415.454257	38.86	-3.16	14.5583334	13.83333302	39.86551285	746.2172241	34.90000153	0.200000003	34.70000076	9.983333588	24.13333321	24.41666603	6.25	422	57	7	44.72140121	154	38	43	139	0.082629509	1.410563946	38.17710114	12.91643238	16.7778759	9.836679459	22.64102554	323.3529663	1.352712274	17.23711967	6.804321766	40.95314789	42.2689743	16494.75	0.252700001	40
9555	4719.231686	39.58	-3.93	12.92916679	11.22500038	35.74840927	716.0480347	31.29999924	-0.100000001	31.39999962	8.649999619	22.23333359	22.41666603	5.016666889	484	62	10	41.34624481	170	49	58	150	0.079823181	1.47341454	43.84708405	10.37810421	23.30850601	11.73534107	32.05394745	215.5665588	1.333465695	6.608674049	6.589818954	38.20051193	38.49098206	16454	0.312099993	33
9556	3736.437227	39.66	-4.34	14.53333282	12.35000038	38.23529434	704.5512085	33.29999924	1	32.29999924	10.26666641	23.61666679	23.78333282	6.633333206	415	51	10	38.48556519	142	46	54	123	0.081212923	1.205536842	92.310112	10.57098579	11.76012707	10.90944481	21.24193192	256.9661255	1.225525975	19.01055717	6.867240906	63.85173035	24.38814545	16286.16699	0.2597	35
9557	5026.983405	42.46	0.7	9.162500381	10.72500038	38.57913589	609.8737793	25.10000038	-2.700000048	27.80000114	6.233333111	2.966666698	17.20000076	2.366666555	1006	106	60	17.29407692	286	212	227	230	0.121553086	1.028331041	49.91182327	20.52824593	22.30227852	14.80003929	14.89537239	216.613678	3.750895977	11.48394775	6.436022282	44.57026672	33.12745667	14862.75	0.813799977	48
9558	5232.866722	41.57	-5.64	12.59583378	11.5583334	40.55555725	604.8082275	29	0.5	28.5	6.300000191	20.29999924	20.33333397	5.616666794	598	77	16	40.32314301	216	68	71	212	0.084110036	1.366353631	38.76119232	11.77374935	22.86566734	7.874639034	14.49864006	219.8933258	1.512747884	29.66863251	7.373370171	49.58132553	27.55300903	15269.75	0.435900003	47
9559	4950.823354	38.06	-4.38	17.18333244	13.10000038	40.68322754	674.8815918	35.70000076	3.5	32.20000076	10.19999981	25.85000038	25.85000038	9.466666222	490	77	4	57.3146553	208	30	30	186	0.107358664	1.308178067	161.2220459	12.06575108	28.35914612	10.10172176	14.16922951	257.5736084	1.40397048	13.98612213	6.779263496	36.62122345	35.01963043	16687.91602	0.282000005	48
9560	4736.025923	38.19	-6.24	15.57499981	13.33333302	41.53686523	655.8426514	34.5	2.400000095	32.09999847	9.066666603	24.03333282	24.11666679	8.166666985	637	105	5	60.93008423	283	35	39	258	0.073220327	1.398041725	0	10.44352341	14.48416996	9.697993279	20.99056816	243.4795685	1.852756858	18.38412476	6.415648937	49.33965302	36.17617798	17086.41602	0.364399999	38
9561	4258.398789	40.71	-5.04	10.8083334	10.71666718	36.95402145	646.6411133	28.10000038	-0.899999976	29	7.099999905	19.23333359	19.26666641	3.650000095	469	54	16	33.68123245	154	64	74	135	0.105184123	1.387508273	86.5225296	10.94987679	22.73504448	10.62238884	27.51184845	251.4841309	2.417866945	33.94382858	6.357848644	48.1368866	29.12806702	15854.08301	0.339300007	40
9562	4803.32036	41.67	2	11.27083302	9.275000572	36.0894928	592.2394409	25.70000076	0	25.70000076	16.43333244	5.283333302	19.01666641	4.733333111	803	92	47	21.43338013	234	154	203	159	0.113464668	1.012764096	119.3771896	16.47773361	21.04376984	13.82918644	28.54488373	359.0515137	1.8634969	6.81532383	6.027486801	39.47206497	39.48416519	15273.66699	0.619899988	37
9564	5788.78846	40.45	-1.6	9.600000381	13.48333359	42.00415421	658.1965942	28.5	-3.599999905	32.09999847	11.36666679	3.149999857	18.28333282	2.316666603	535	74	28	29.11072731	180	103	115	120	0.100315414	1.163255334	218.790741	21.10969734	23.76479721	12.57422924	28.2337265	151.9069214	1.50688839	26.1336422	7.311369419	48.42141724	27.81378174	15721.33301	0.398499995	35
9565	5446.123493	42.97	-1.23	10.52499962	8.883333206	37.16875839	524.2678833	24.29999924	0.400000006	23.89999962	5.533333302	17.45000076	17.45000076	4.583333492	1003	107	50	22.54751205	305	174	174	286	0.119121604	1.028354168	43.37994766	17.68298721	25.70748711	12.81166649	17.97287178	170.6360168	6.203942776	20.70529747	6.044751644	34.30005646	39.99245453	13493.83301	0.891300023	47
9567	4997.74126	42.34	1.3	8.600000381	10.10000038	37.26937103	613.4403687	24.10000038	-3	27.10000038	9.783333778	2.400000095	16.64999962	1.816666722	926	104	60	18.29536819	271	187	217	199	0.126510918	0.991009712	62.00696182	21.94853401	26.11132622	14.76250744	22.67240524	158.3264008	2.510359287	29.15401268	5.963938713	32.87244415	41.01622772	15075.58301	0.754299998	32
9568	4825.623697	42.76	-0.23	4.6875	9.925000191	34.94718552	652.3771973	21.39999962	-7	28.39999962	1.733333349	13.21666622	13.21666622	-2.666666746	1196	127	62	19.96364403	353	220	220	324	0.109323822	1.068165302	43.85730743	15.33498001	20.30170631	13.45291805	29.8460083	193.360733	3.528616428	25.82977295	6.237383366	40.05314636	39.64514923	14284.58301	1.096600056	44
9569	4629.525909	42.87	-6.45	10.15416718	9.958333015	39.67463684	554.1802368	24.5	-0.600000024	25.10000038	7.116666794	17.23333359	17.23333359	3.75	1082	136	38	37.39635468	391	134	134	348	0.116728015	1.086794734	46.64970398	11.9214077	12.27921295	13.50437737	23.25379181	166.5968933	2.702704191	27.27540016	5.674697876	62.04232025	25.6784668	13739.75	1.000399947	29
9571	4662.644239	43.28	-6.01	11.50833321	8.716667175	42.31391907	445.1038208	22.79999924	2.200000048	20.59999847	9.333333015	17.04999924	17.28333282	6.450000286	1011	109	48	27.00553894	313	159	161	294	0.110242464	1.060481191	57.95852661	16.04106712	22.55828094	12.61171722	29.43801308	114.1166	5.442886353	15.65913868	6.066919804	38.28411484	39.15760422	12631	1.028499961	40
9573	3814.002356	41.86	2.99	13.64583302	9.125	37.24489975	556.8599243	26.79999924	2.299999952	24.5	14.58333302	20.76666641	20.83333397	7.416666508	698	86	27	25.67106247	224	133	156	160	0.109779716	1.08999896	66.46964264	14.06431103	27.61273193	13.53551388	30.39430618	363.9418945	2.678251982	27.16062355	6.256552219	34.94876099	37.43850708	14670	0.540600002	49
9574	2993.006562	38.6	-2.7	13.15000057	13.55000019	39.16184998	752.8189697	33.70000076	-0.899999976	34.60000229	8.666666985	22.91666794	23.14999962	4.900000095	459	60	8	43.86210251	163	41	47	152	0.092213593	1.462602973	95.3032608	11.1220026	12.48482132	12.50702667	25.74808502	257.9713135	1.428568006	6.967265129	6.669166565	56.80466461	30.71051025	16680.75	0.274599999	46
9576	4077.471567	40.86	-4.11	10.41250038	9.441666603	34.2089386	664.3900757	26.39999962	-1.200000048	27.60000038	6.599999905	18.96666718	19.04999924	2.866666555	510	63	20	32.98743057	165	71	81	136	0.085555322	1.076237082	45.21821213	12.56698227	15.87460136	12.84998894	23.72205162	229.9793854	1.822584867	18.26397705	6.102122784	58.33226776	25.79312897	15550	0.383300006	61
9577	5313.526727	42.34	2.17	9.091667175	9.533333778	37.38562012	577.7496948	23.20000076	-2.299999952	25.5	10.36666679	3.166666508	16.56666756	2.633333206	913	106	58	18.66451645	270	184	218	193	0.120523766	1.074375391	59.27931976	15.12841702	19.22893333	12.95843983	20.96178436	162.9766693	3.314715147	19.02286148	6.191661358	45.20484161	35.56622314	14801.83301	0.757700026	39
9578	4525.483352	42.13	-6.7	9.904167175	9.941666603	37.80101395	585.1085815	25	-1.299999952	26.29999924	4.099999905	17.45000076	17.45000076	3.25	976	136	28	43.68889999	374	107	107	355	0.091033965	1.158556104	0	11.14555264	13.81557465	12.24568558	22.34108162	136.1338654	1.978678346	19.03881836	6.337501526	51.17420197	35.01022339	14789.16699	0.820800006	22
9579	4184.433482	38.33	-3.51	14.98333359	13.10000038	39.33934021	717.1925049	34.5	1.200000048	33.29999924	10.71666622	24.23333359	24.39999962	6.983333588	423	60	5	49.09647369	159	31	35	149	0.092098705	1.13072443	13.44786072	14.20574284	20.23336601	12.37782097	25.89583397	368.7684326	1.645449042	29.7758503	6.677023888	42.88080597	36.88582611	16741	0.245900005	44
9581	4544.390257	42.84	-5.12	10.30000019	9.683333397	37.24358749	582.2487793	25.10000038	-0.899999976	26	4.349999905	17.73333359	17.75	3.583333254	685	80	30	29.03682518	223	108	110	210	0.106063761	1.245141983	2.992810488	13.33596325	24.34615898	11.82240582	20.07322502	156.6955719	1.664387226	12.21118546	6.515991688	35.9037323	39.75010681	14069.25	0.607800007	35
9582	4355.889721	41.48	-1.63	11.57916641	12.29166698	40.97222137	634.5128784	29.10000038	-0.899999976	30	13.23333359	5.349999905	19.78333282	4.433333397	425	62	26	30.340868	151	80	100	92	0.091870159	1.412350774	140.8958435	12.59617043	19.39229774	11.47973728	24.61274338	177.5621796	0.844030142	10.19806194	6.680182934	36.80810547	43.79959869	15296.66699	0.288800001	23
9583	5121.865073	37.09	-3.38	4.599999905	11.64999962	34.06432724	775.7664795	25.60000038	-8.600000381	34.20000076	-2.666666746	14.66666698	14.86666679	-4.016666889	932	118	14	49.5668869	346	69	75	340	0.107609145	1.247799516	52.34431839	16.07577324	25.61777306	13.20199013	37.42047119	201.9199677	5.987882614	27.1437664	6.28583765	29.79642487	44.58580017	17288	0.783900023	46
9584	5255.300854	41.19	-3.58	10.05416679	10.60833359	36.83449173	657.4933472	26.89999962	-1.899999976	28.79999924	6.349999905	18.54999924	18.58333397	2.616666555	491	58	18	31.73880768	157	70	77	134	0.113506719	1.396899462	35.07037354	19.14974976	31.10143661	10.13717079	23.46858597	247.7828979	2.075223684	29.82654572	6.391974926	29.23783112	39.66073227	15155.75	0.381099999	49
9585	4338.113085	43.4	-7.39	12.33333302	8.866666794	45.70447159	393.419342	23.29999924	3.900000095	19.39999962	8.633333206	17.16666603	17.5	7.900000095	1269	163	40	38.51457596	455	143	174	437	0.095060118	1.105510116	0	12.28244686	11.70144176	13.58793736	27.34276962	123.0301132	2.563847065	24.11767006	5.467000961	49.55017853	38.74837875	12475.75	1.278100014	16
9586	4839.730544	41.03	-3.27	11.0666666	10.69999981	36.76976013	659.4361572	28.10000038	-1	29.10000038	7.316666603	19.63333321	19.70000076	3.716666698	414	49	15	32.1737175	134	61	65	109	0.0892554	1.173189163	109.7608871	10.32621098	13.06489658	12.32938194	25.44268608	155.8632202	1.304792643	6.308619022	6.626762867	52.77290344	34.16220093	15331.41699	0.307799995	53
9587	4085.39689	41.5	-1.88	11.60833359	12.63333321	41.42076492	636.9238281	29.39999962	-1.100000024	30.5	13.25	19.83333397	19.85000038	4.449999809	426	59	23	28.62742615	146	78	92	100	0.080351099	1.426518679	146.0701294	9.438792229	16.90480614	10.66716671	31.76296234	194.9801178	1.040284872	6.720383644	7.011643887	52.52588654	30.56930542	15179.25	0.2949	28
9588	4648.005371	42.11	0.6	11.79166698	10.71666622	36.70091248	649.8630371	28.60000038	-0.600000024	29.20000076	13.16666698	5.199999809	20.33333397	4.383333206	708	76	37	22.11083221	214	137	163	152	0.118416108	1.1474365	271.8102112	19.43790627	21.55363846	15.84127426	18.18083572	180.9348297	3.114043713	6.352825642	7.286344051	43.48243713	34.96392822	15277	0.501399994	41
9589	4120.830005	41.6	-2.83	10.72499943	12.1833334	40.34216309	649.3825684	28.29999924	-1.899999976	30.19999886	12.44999981	19.10000038	19.13333321	3.383333445	436	51	18	26.93949318	136	69	81	117	0.082116574	1.388154626	155.0557098	14.65813732	21.55007172	8.107379913	23.36576271	150.6603241	1.215174198	6.890995502	7.865057468	49.45318604	28.99674225	14876.91699	0.330900013	15
9590	3948.331051	43.37	-5.49	12.70833302	8.316666603	41.79229355	433.5835571	23.10000038	3.200000048	19.89999962	10.5666666	18.08333397	18.28333282	7.666666508	918	98	49	25.029356	282	151	156	264	0.104291901	0.998014092	0	13.18541718	23.53089905	9.745921135	15.76597977	268.5770874	2.819361925	37.18387222	5.730573177	42.52046967	33.94863129	12363.75	0.93779999	41
9591	5045.983534	42.86	-3.59	11.02499962	10.23333359	41.26343918	533.7666016	25.5	0.699999988	24.79999924	5.716666698	17.95000076	17.95000076	5	777	84	39	25.74650192	242	131	131	221	0.119707994	1.056846261	138.9007721	15.26115227	18.72505951	14.02498436	21.0471611	173.4790955	3.707595348	17.58633232	7.166878223	49.81079865	31.46414185	13497.91699	0.684400022	35
9593	4656.208448	42.26	-2.99	7.029166698	9.808333397	37.15277863	600.4901733	22.79999924	-3.599999905	26.39999962	8.316666603	14.84999943	14.84999943	0.333333373	786	92	35	27.6053524	237	124	124	224	0.109842949	0.993690372	49.54378891	17.64788818	21.10267067	13.33614731	22.6020813	153.7004242	2.11801362	12.27257538	6.353012562	43.06911469	35.82821655	14244.08301	0.721800029	35
9594	3594.262271	42.04	1.01	10.02499962	10.60000038	37.45583344	632.4968262	26.29999924	-2	28.29999924	11.25	3.666666746	18.33333397	2.950000048	790	89	47	20.96543503	232	152	187	163	0.12075983	1.320762396	176.7178802	31.21182251	15.60479164	13.51127243	22.44646835	231.5211487	2.844627619	29.39763451	6.754851818	52.43731689	31.95789337	15273.16699	0.594099998	40
9595	3357.303511	40.89	-5.5	12.23750019	12.09166622	40.44035721	630.2817383	29.79999924	-0.100000001	29.89999962	5.650000095	20.21666718	20.35000038	5.016666889	428	50	13	34.75793839	142	57	63	131	0.075810477	1.419019103	NA	NA	16.64587975	NA	17.58780861	NA	NA	NA	NA	58.65974426	24.69437408	15749.83301	0.303900003	45
9596	3998.832485	41.95	-7.45	13.14999962	10.41666603	42.86693954	497.7677307	26.89999962	2.599999905	24.29999924	8.149999619	19.41666603	19.60000038	7.433333397	1930	296	35	53.97573853	813	146	189	790	0.103275493	1.050363064	19.52779007	5.424818039	15.28036404	13.851758	27.23436928	201.1606598	2.196388483	31.28229332	5.724497318	46.88088989	37.83874512	14307.08301	1.504899979	30
9597	5117.588783	42.31	-2.53	11.34583378	10.89166641	40.33950424	585.0930786	27	0	27	12.9333334	18.81666565	18.81666565	4.599999905	459	58	23	27.57173347	156	81	81	114	0.090288244	1.04667449	332.3039246	17.56326866	19.91277122	11.24529362	11.86540604	252.5854187	1.514916301	17.75994301	7.994149208	37.5776062	42.50962067	14069.33301	0.372200012	30
9598	4175.993642	41.88	-6.51	12.05000019	10.94999981	39.24731064	590.1078491	28	0.100000001	27.89999962	6.083333492	19.64999962	19.64999962	5.316666603	797	118	20	47.77455521	316	80	80	307	0.081850104	1.097971678	1.374689579	4.63154459	14.46750736	13.98525238	19.27955818	113.4609909	1.297776222	19.27686501	5.449401379	41.89265823	43.63983536	15036.5	0.595300019	30
9599	4147.668861	42.8	-5.77	9.920833588	10.47500038	38.36996078	601.6396484	25.70000076	-1.600000024	27.30000114	3.866666794	17.70000076	17.70000076	3.066666603	847	101	37	30.13566399	288	129	129	270	0.100153446	1.010671616	25.65740204	10.23329639	18.95531273	11.68173218	20.67322731	121.2913818	1.611061811	43.28217697	6.153409481	50.37425995	30.67042542	14228.08301	0.739700019	35
9600	3514.790275	39.85	-6.04	15.76249981	10.45833397	37.21826935	624.8240356	31.89999962	3.799999952	28.10000038	9.433333397	23.85000038	23.85000038	8.649999619	522	76	6	52.4524498	215	40	40	199	0.086071283	1.343127608	28.92006302	13.34857464	15.35523987	12.03760624	25.77900696	311.1829224	1.731541872	13.90128231	6.918533325	52.16742706	32.47733307	16571.58398	0.320199996	53
9601	4575.070898	41.85	-1.88	10.78333282	11.91666698	40.8105011	613.5342407	28.10000038	-1.100000024	29.20000076	12.14999962	18.81666565	18.81666565	3.933333158	491	65	28	27.09538651	169	91	91	117	0.106750287	1.276586771	375.2703247	17.42220688	27.49030685	11.32256603	14.90622044	255.3668671	1.061206818	23.39829445	8.107593536	28.74185181	43.76784134	14719.5	0.369300008	32
9602	4439.509647	40.5	-3.96	14.09583282	11.52499962	37.78688431	680.0282593	31.70000076	1.200000048	30.5	10.03333282	22.98333359	22.98333359	6.433333397	374	45	12	35.56547165	128	53	53	105	0.097656086	1.175373793	67.4095993	14.7116375	26.53322411	9.202821732	15.94973183	271.7627869	1.348603487	14.68885612	7.254855156	45.05353165	28.41324615	15860	0.243300006	62
9606	4975.912811	31.48	-7.45	14.0666666	11.75	39.0365448	638.1055908	30.60000038	0.5	30.10000038	9.866666794	22.11666679	22.21666718	6.550000191	497	72	3	58.10990143	196	23	27	164	NA	NA	NA	NA	NA	NA	NA	NA	NA	NA	NA	NA	NA	18786.41602	0.25940001	NA
9607	5179.912857	53.05	52.15	4.370833397	9.658333778	22.56619835	1234.269165	26.20000076	-16.60000038	42.80000305	18.96666718	-3.433333397	18.96666718	-10.94999981	534	62	28	24.57217598	170	94	170	121	NA	NA	NA	NA	NA	NA	NA	NA	NA	NA	NA	NA	NA	11353.41699	0.54369998	NA
9609	3760.144839	51.41	59.98	1.866666675	11.44999981	24.15611839	1379.040039	26.10000038	-21.29999924	47.40000153	18.04999924	-14.25	18.04999924	-15.25	316	46	15	35.27590179	119	49	119	54	NA	NA	NA	NA	NA	NA	NA	NA	NA	NA	NA	NA	NA	13024.33301	0.301899999	NA
9611	5378.536553	53.04	51.9	4.566666603	9.966666222	22.80701828	1252.973389	26.89999962	-16.79999924	43.69999695	19.31666565	-3.683333397	19.31666565	-10.76666641	530	61	28	24.15827942	164	93	164	122	NA	NA	NA	NA	NA	NA	NA	NA	NA	NA	NA	NA	NA	11367.41699	0.535700023	NA
9612	4720.492903	53.04	51.94	4.504166603	9.808333397	22.65204048	1244.132568	26.70000076	-16.60000038	43.30000305	19.20000076	-3.666666508	19.20000076	-10.69999981	532	62	27	24.73117447	166	92	166	122	NA	NA	NA	NA	NA	NA	NA	NA	NA	NA	NA	NA	NA	11364.41699	0.543099999	NA
9613	4840.237186	55.36	61.41	2.991666794	9.216666222	22.26247978	1215.771118	24	-17.39999962	41.40000153	17.51666641	-10.10000038	17.51666641	-12.21666718	436	86	13	56.91666031	199	48	199	58	NA	NA	NA	NA	NA	NA	NA	NA	NA	NA	NA	NA	NA	11214.41699	0.507799983	NA
9616	5182.972036	53.06	51.96	4.429166794	9.725000381	22.56380463	1239.245483	26.5	-16.60000038	43.09999847	19.06666565	-3.683333397	19.06666565	-10.73333359	536	63	28	25.02547646	169	94	169	122	NA	NA	NA	NA	NA	NA	NA	NA	NA	NA	NA	NA	NA	11358.83301	0.546800017	NA
9617	4509.832793	51.37	59.44	2.683333158	11.1833334	23.59353065	1390.46814	27	-20.39999962	47.40000153	19.01666641	-13.5	19.01666641	-14.64999962	319	45	16	31.35702324	116	53	116	59	NA	NA	NA	NA	NA	NA	NA	NA	NA	NA	NA	NA	NA	13019.41699	0.298000008	NA
9619	5912.17487	51.84	79.48	2.908333302	11.34999943	23.99577141	1375.190674	27.29999924	-20	47.29999924	19.26666641	-12.8166666	19.26666641	-14.0666666	302	54	11	45.3894043	125	43	125	51	NA	NA	NA	NA	NA	NA	NA	NA	NA	NA	NA	NA	NA	12837.16699	0.275299996	NA
9620	5018.584667	51.82	79.48	2.883333445	11.25	23.88534927	1369.160889	27.20000076	-19.89999962	47.09999847	19.18333435	-12.76666641	19.18333435	-14	303	54	11	45.01998138	125	44	125	52	NA	NA	NA	NA	NA	NA	NA	NA	NA	NA	NA	NA	NA	12832.83301	0.27790001	NA
9621	5693.137916	51.84	79.46	2.950000048	11.3166666	23.92529869	1373.775513	27.39999962	-19.89999962	47.29999924	19.29999924	-12.75	19.29999924	-14	300	54	10	46.29930496	125	42	125	50	NA	NA	NA	NA	NA	NA	NA	NA	NA	NA	NA	NA	NA	12848	0.272700012	NA
9625	4988.985427	51.31	82.59	2.700000048	11.73333359	27.47853279	1168.143433	25	-17.70000076	42.70000076	15.1833334	-10.5666666	16.79999924	-11.33333397	603	77	27	27.74607658	196	94	191	114	NA	NA	NA	NA	NA	NA	NA	NA	NA	NA	NA	NA	NA	13199.83301	0.604200006	NA
9626	5158.75225	51.36	82.59	2.795833349	11.50833321	27.14229584	1164.66626	24.79999924	-17.60000038	42.40000153	15.25	-10.44999981	16.85000038	-11.16666698	597	77	27	28.75307083	198	92	192	111	NA	NA	NA	NA	NA	NA	NA	NA	NA	NA	NA	NA	NA	13206.33301	0.599099994	NA
9627	5400.926119	51.32	82.55	2.729166746	11.95833302	27.61739731	1186.251709	25.20000076	-18.10000038	43.30000305	15.38333416	-10.75	16.98333359	-11.60000038	619	77	29	26.5682621	198	99	192	119	NA	NA	NA	NA	NA	NA	NA	NA	NA	NA	NA	NA	NA	13112	0.618099988	NA
9628	5367.991188	51.33	82.54	2.6875	12.07499981	27.69495392	1194.630249	25.29999924	-18.29999924	43.59999847	15.41666603	-10.91666603	17.01666641	-11.78333282	617	77	29	25.96096802	196	100	190	120	NA	NA	NA	NA	NA	NA	NA	NA	NA	NA	NA	NA	NA	13110.25	0.614400029	NA
9629	4757.948444	51.35	82.18	3	11.63333321	26.6208992	1214.596802	25.70000076	-18	43.70000076	16	-10.88333321	17.63333321	-11.64999962	597	74	28	24.41102409	185	102	180	123	NA	NA	NA	NA	NA	NA	NA	NA	NA	NA	NA	NA	NA	13181.83301	0.592999995	NA
9630	4627.531294	51.34	82.16	2.854166746	11.6916666	26.75438499	1213.981934	25.60000038	-18.10000038	43.70000076	15.85000038	-11.01666641	17.46666718	-11.76666641	596	74	28	24.55535126	185	101	180	121	NA	NA	NA	NA	NA	NA	NA	NA	NA	NA	NA	NA	NA	13190.08301	0.591600001	NA
9631	4821.371905	51.65	80.79	2.725000143	10.5666666	23.12180901	1330.658569	26.29999924	-19.39999962	45.69999695	18.56666565	-12.63333321	18.56666565	-13.66666603	328	60	12	46.05069733	132	47	132	54	NA	NA	NA	NA	NA	NA	NA	NA	NA	NA	NA	NA	NA	13127.16699	0.319499999	NA
9634	4580.883441	54.13	81.31	1.220833302	10.34166622	22.43311501	1340.195801	24.89999962	-21.20000076	46.09999847	17.25	-13.64999962	17.25	-15.38333321	352	61	10	51.789505	155	41	155	49	NA	NA	NA	NA	NA	NA	NA	NA	NA	NA	NA	NA	NA	12089.83301	0.393400013	NA
9635	4414.937363	51.87	80.6	2.583333254	10.98333359	23.82501984	1332.029053	26.29999924	-19.79999924	46.09999847	18.46666718	-12.53333378	18.46666718	-13.86666679	325	59	12	46.21500015	133	46	133	53	NA	NA	NA	NA	NA	NA	NA	NA	NA	NA	NA	NA	NA	12984.66699	0.314999998	NA
9636	5097.827581	51.75	80.82	2.6875	10.79166603	23.35858536	1341.15979	26.39999962	-19.79999924	46.19999695	18.64999962	-12.6833334	18.64999962	-13.86666679	334	59	13	43.81570816	133	49	133	55	NA	NA	NA	NA	NA	NA	NA	NA	NA	NA	NA	NA	NA	13043.08301	0.326200008	NA
9637	4473.604135	51.77	80.85	2.666666746	10.61666584	23.02964592	1340.036133	26.29999924	-19.79999924	46.09999847	18.63333321	-12.69999981	18.63333321	-13.84999943	334	60	13	44.50901031	133	50	133	57	NA	NA	NA	NA	NA	NA	NA	NA	NA	NA	NA	NA	NA	13047.91699	0.329600006	NA
9638	4989.691259	51.73	80.86	2.583333254	11	23.65591431	1346.794678	26.5	-20	46.5	18.60000038	-12.85000038	18.60000038	-14.03333282	337	60	13	43.77488327	134	50	134	57	NA	NA	NA	NA	NA	NA	NA	NA	NA	NA	NA	NA	NA	13033.16699	0.328799993	NA
9639	5328.359323	53.82	80.31	1.316666603	10.36666679	22.34195518	1366.347656	25.29999924	-21.10000038	46.40000153	17.56666565	-7.550000191	17.56666565	-15.66666698	340	58	11	48.5031395	146	43	146	51	NA	NA	NA	NA	NA	NA	NA	NA	NA	NA	NA	NA	NA	12083.08301	0.371600002	NA
9640	5242.284876	51.87	80.06	2.791666746	11.39999962	23.94958115	1385.969971	27.29999924	-20.29999924	47.59999847	19.23333359	-6.133333206	19.23333359	-14.36666679	311	56	11	45.26519394	127	45	127	54	NA	NA	NA	NA	NA	NA	NA	NA	NA	NA	NA	NA	NA	12848.08301	0.292100012	NA
9641	5139.562218	51.9	80.06	2.758333445	11.78333378	24.44674873	1408.233643	27.5	-20.70000076	48.20000076	19.38333321	-6.300000191	19.38333321	-14.69999981	317	55	12	42.66239548	127	47	127	57	NA	NA	NA	NA	NA	NA	NA	NA	NA	NA	NA	NA	NA	12808.08301	0.291900009	NA
9643	5015.740243	52.1	79.31	2.941666842	10.91666698	23.03094292	1390.985352	27.10000038	-20.29999924	47.40000153	19.45000076	-5.916666508	19.45000076	-14.23333359	303	53	11	44.48936081	125	43	125	53	NA	NA	NA	NA	NA	NA	NA	NA	NA	NA	NA	NA	NA	12696.75	0.278200001	NA
9644	5366.189872	45.07	18.72	11.3125	10.6916666	34.48924637	780.5683594	27.79999924	-3.200000048	31	19.23333359	3.199999809	20.70000076	1.466666579	725	94	43	23.05225945	232	134	232	146	0.103070073	0.992081106	NA	NA	29.05935097	NA	11.82239628	NA	NA	NA	NA	10.15332794	60.787323	12907	0.673699975	63
9645	5501.899778	45.17	18.7	11.14166641	10.64999962	34.46601868	780.9604492	27.5	-3.400000095	30.89999962	19.04999924	2.966666698	20.48333359	1.233333349	704	90	41	22.70409393	224	130	224	142	0.102487758	0.962766647	NA	NA	31.295187	NA	8.414331436	NA	NA	NA	NA	4.681213379	64.02359772	12922.41699	0.659699976	61
9647	4034.304832	40.37	16.77	16.35833359	9.033333778	35.01292038	629.9200439	30.70000076	4.900000095	25.80000114	13.44999981	24.38333321	24.38333321	9.216667175	624	86	18	44.00718307	248	69	69	203	0.126056746	1.323348522	84.97186279	22.13888359	42.44099045	9.007637978	9.678587914	360.9514771	1.416650534	20.93284035	8.037552834	16.65468597	40.90432358	15062	0.450500011	46
9649	4808.875455	39.13	16.17	14.40833282	6.650000095	30.930233	552.8062134	26.39999962	4.900000095	21.5	12.41666698	21.13333321	21.39999962	8.050000191	1000	138	20	51.71456909	400	77	110	366	0.105675638	1.038351893	6.123775959	15.18348694	22.88102913	12.79978561	23.76228142	187.7505341	2.244834185	14.60251617	6.538780212	39.271698	37.84727478	14893.75	0.763000011	34
9651	4729.850144	40.68	14.87	15.41250038	9.691666603	39.719944	552.1368408	28.60000038	4.199999809	24.40000153	10.21666718	22.29999924	22.29999924	9.016666412	1075	159	29	48.31209183	425	104	104	372	0.104990982	1.024015307	60.87799454	17.50970268	24.35951233	10.28966331	12.39078045	427.3645935	2.114833355	32.69270706	6.89658165	37.82473755	37.81575012	14840.41699	0.81370002	43
9653	5062.324763	38.44	16.13	15.38749981	6.474999905	30.68720436	544.4100952	26.89999962	5.800000191	21.09999847	10.73333359	22.03333282	22.23333359	9.149999619	910	127	19	52.89656448	365	69	111	342	0.108729556	1.420349956	5.188281059	14.26922226	14.32843399	11.96164036	15.96349335	505.4452515	2.503139019	26.28516769	5.999832153	56.46512604	29.20643616	15386.83301	0.657599986	44
9656	3731.440564	40.64	17.31	13.72916698	8.091666222	32.62768555	615.8012695	27.70000076	2.900000095	24.80000114	11.08333302	21.66666603	21.66666603	6.916666508	585	70	21	36.56589127	210	77	77	187	0.113181971	0.963522911	102.4801865	21.03968048	21.76561546	12.49071026	14.94049644	840.2749023	2.467388153	12.37214756	6.979567528	32.4931488	45.74123383	15062.25	0.454400003	41
9660	4870.374304	40.84	14.57	15.85416698	9.908333778	39.00918579	580.3778687	29.60000038	4.199999809	25.40000153	13.13333321	23.18333435	23.18333435	9.166666985	998	149	26	46.68795395	392	94	94	321	0.102496497	1.210469842	87.89892578	20.93755531	21.59539795	11.0101738	18.42346573	310.6832581	2.059093237	15.65581036	7.259771347	45.02701187	33.37759399	14735.66699	0.774999976	40
9663	4652.318668	41.33	14.09	14.32499981	9.366666794	35.47979736	625.1272583	28.79999924	2.400000095	26.39999962	11.30000019	19.88333321	22.18333435	7.083333492	875	128	27	40.51016235	333	110	110	263	0.121083193	1.304108024	26.40018845	19.35174561	32.30990219	9.465558052	6.821534157	607.6574707	1.432756662	28.40925407	6.8952384	27.86808777	39.82201004	14750.41699	0.690599978	48
9664	5498.419458	46.36	11.28	11.15000057	9.800000191	32.77592087	762.0814819	27	-2.900000095	29.89999962	20.51666641	1.800000072	20.51666641	1.800000072	799	97	33	31.32765388	257	119	257	119	0.102624528	1.157588363	37.44922638	26.3205471	20.26763725	12.31131077	17.01468468	165.5933075	2.948513031	26.36223602	6.74727726	40.57906342	39.15329742	12412.25	0.859000027	52
9665	4849.813235	46.36	11.28	11.15000057	9.800000191	32.77592087	762.0814819	27	-2.900000095	29.89999962	20.51666641	1.800000072	20.51666641	1.800000072	799	97	33	31.32765388	257	119	257	119	0.102624528	1.157588363	37.44922638	26.3205471	20.26763725	12.31131077	17.01468468	165.5933075	2.948513031	26.36223602	6.74727726	40.57906342	39.15329742	12412.25	0.859000027	52
9666	5129.999691	46.36	11.28	11.15000057	9.800000191	32.77592087	762.0814819	27	-2.900000095	29.89999962	20.51666641	1.800000072	20.51666641	1.800000072	799	97	33	31.32765388	257	119	257	119	0.102624528	1.157588363	37.44922638	26.3205471	20.26763725	12.31131077	17.01468468	165.5933075	2.948513031	26.36223602	6.74727726	40.57906342	39.15329742	12412.25	0.859000027	52
9667	4492.490113	46.36	11.28	11.15000057	9.800000191	32.77592087	762.0814819	27	-2.900000095	29.89999962	20.51666641	1.800000072	20.51666641	1.800000072	799	97	33	31.32765388	257	119	257	119	0.102624528	1.157588363	37.44922638	26.3205471	20.26763725	12.31131077	17.01468468	165.5933075	2.948513031	26.36223602	6.74727726	40.57906342	39.15329742	12412.25	0.859000027	52
9668	4793.577014	46.37	11.28	10.8708334	9.858333588	33.08165359	754.6445923	26.70000076	-3.099999905	29.80000114	20.18333435	3.5	20.18333435	1.666666627	770	92	31	32.76743698	255	112	255	112	0.112557448	1.100145459	15.20370865	30.53141785	24.39643097	14.08211803	30.96445847	151.5265198	2.971410513	28.02788544	6.350336075	35.08943176	40.51413727	12462.16699	0.832000017	52
9669	5129.457706	46.37	11.28	10.8708334	9.858333588	33.08165359	754.6445923	26.70000076	-3.099999905	29.80000114	20.18333435	3.5	20.18333435	1.666666627	770	92	31	32.76743698	255	112	255	112	0.112557448	1.100145459	15.20370865	30.53141785	24.39643097	14.08211803	30.96445847	151.5265198	2.971410513	28.02788544	6.350336075	35.08943176	40.51413727	12462.16699	0.832000017	52
9670	5054.295272	46.37	11.28	10.8708334	9.858333588	33.08165359	754.6445923	26.70000076	-3.099999905	29.80000114	20.18333435	3.5	20.18333435	1.666666627	770	92	31	32.76743698	255	112	255	112	0.112557448	1.100145459	15.20370865	30.53141785	24.39643097	14.08211803	30.96445847	151.5265198	2.971410513	28.02788544	6.350336075	35.08943176	40.51413727	12462.16699	0.832000017	52
9671	6243.926109	46.37	11.28	10.8708334	9.858333588	33.08165359	754.6445923	26.70000076	-3.099999905	29.80000114	20.18333435	3.5	20.18333435	1.666666627	770	92	31	32.76743698	255	112	255	112	0.112557448	1.100145459	15.20370865	30.53141785	24.39643097	14.08211803	30.96445847	151.5265198	2.971410513	28.02788544	6.350336075	35.08943176	40.51413727	12462.16699	0.832000017	52
9672	5443.781119	46.37	11.28	10.8708334	9.858333588	33.08165359	754.6445923	26.70000076	-3.099999905	29.80000114	20.18333435	3.5	20.18333435	1.666666627	770	92	31	32.76743698	255	112	255	112	0.112557448	1.100145459	15.20370865	30.53141785	24.39643097	14.08211803	30.96445847	151.5265198	2.971410513	28.02788544	6.350336075	35.08943176	40.51413727	12462.16699	0.832000017	52
9673	5040.544051	46.37	11.28	10.8708334	9.858333588	33.08165359	754.6445923	26.70000076	-3.099999905	29.80000114	20.18333435	3.5	20.18333435	1.666666627	770	92	31	32.76743698	255	112	255	112	0.112557448	1.100145459	15.20370865	30.53141785	24.39643097	14.08211803	30.96445847	151.5265198	2.971410513	28.02788544	6.350336075	35.08943176	40.51413727	12462.16699	0.832000017	52
9676	4906.595779	46.37	11.29	11.23333359	9.899999619	33	763.2595825	27.10000038	-2.900000095	30	20.61666679	1.883333325	20.61666679	1.883333325	802	98	33	31.75423431	258	118	258	118	0.102525838	1.174772382	86.19148254	25.01951599	35.32917023	12.89474392	28.23237419	173.5480347	2.147694588	17.36922836	6.79183197	23.22737122	41.44345856	12422.25	0.866599977	53
9677	5275.645254	46.37	11.29	11.23333359	9.899999619	33	763.2595825	27.10000038	-2.900000095	30	20.61666679	1.883333325	20.61666679	1.883333325	802	98	33	31.75423431	258	118	258	118	0.102525838	1.174772382	86.19148254	25.01951599	35.32917023	12.89474392	28.23237419	173.5480347	2.147694588	17.36922836	6.79183197	23.22737122	41.44345856	12422.25	0.866599977	53
9678	4802.592337	46.37	11.29	11.23333359	9.899999619	33	763.2595825	27.10000038	-2.900000095	30	20.61666679	1.883333325	20.61666679	1.883333325	802	98	33	31.75423431	258	118	258	118	0.102525838	1.174772382	86.19148254	25.01951599	35.32917023	12.89474392	28.23237419	173.5480347	2.147694588	17.36922836	6.79183197	23.22737122	41.44345856	12422.25	0.866599977	53
9679	5563.663374	46.34	11.29	11.25	9.366666794	31.53759766	767.673584	27	-2.700000048	29.70000076	16.60000038	1.733333349	20.61666679	1.733333349	828	101	35	30.11419296	261	126	260	126	0.099276863	1.12125814	105.2798996	18.19266319	17.42496681	12.37959957	31.13807106	168.2213898	1.97694838	30.12436295	6.782782078	42.32978058	40.24525452	12410.33301	0.888899982	52
9680	5668.127799	46.34	11.29	11.25	9.366666794	31.53759766	767.673584	27	-2.700000048	29.70000076	16.60000038	1.733333349	20.61666679	1.733333349	828	101	35	30.11419296	261	126	260	126	0.099276863	1.12125814	105.2798996	18.19266319	17.42496681	12.37959957	31.13807106	168.2213898	1.97694838	30.12436295	6.782782078	42.32978058	40.24525452	12410.33301	0.888899982	52
9681	6030.619348	46.34	11.29	11.25	9.366666794	31.53759766	767.673584	27	-2.700000048	29.70000076	16.60000038	1.733333349	20.61666679	1.733333349	828	101	35	30.11419296	261	126	260	126	0.099276863	1.12125814	105.2798996	18.19266319	17.42496681	12.37959957	31.13807106	168.2213898	1.97694838	30.12436295	6.782782078	42.32978058	40.24525452	12410.33301	0.888899982	52
9682	5079.733887	46.34	11.29	11.25	9.366666794	31.53759766	767.673584	27	-2.700000048	29.70000076	16.60000038	1.733333349	20.61666679	1.733333349	828	101	35	30.11419296	261	126	260	126	0.099276863	1.12125814	105.2798996	18.19266319	17.42496681	12.37959957	31.13807106	168.2213898	1.97694838	30.12436295	6.782782078	42.32978058	40.24525452	12410.33301	0.888899982	52
9683	5992.188947	46.34	11.29	11.25	9.366666794	31.53759766	767.673584	27	-2.700000048	29.70000076	16.60000038	1.733333349	20.61666679	1.733333349	828	101	35	30.11419296	261	126	260	126	0.099276863	1.12125814	105.2798996	18.19266319	17.42496681	12.37959957	31.13807106	168.2213898	1.97694838	30.12436295	6.782782078	42.32978058	40.24525452	12410.33301	0.888899982	52
9684	4976.910656	46.34	11.29	11.25	9.366666794	31.53759766	767.673584	27	-2.700000048	29.70000076	16.60000038	1.733333349	20.61666679	1.733333349	828	101	35	30.11419296	261	126	260	126	0.099276863	1.12125814	105.2798996	18.19266319	17.42496681	12.37959957	31.13807106	168.2213898	1.97694838	30.12436295	6.782782078	42.32978058	40.24525452	12410.33301	0.888899982	52
9685	5327.593618	46.34	11.29	11.25	9.366666794	31.53759766	767.673584	27	-2.700000048	29.70000076	16.60000038	1.733333349	20.61666679	1.733333349	828	101	35	30.11419296	261	126	260	126	0.099276863	1.12125814	105.2798996	18.19266319	17.42496681	12.37959957	31.13807106	168.2213898	1.97694838	30.12436295	6.782782078	42.32978058	40.24525452	12410.33301	0.888899982	52
9686	4532.983963	46.34	11.29	11.25	9.366666794	31.53759766	767.673584	27	-2.700000048	29.70000076	16.60000038	1.733333349	20.61666679	1.733333349	828	101	35	30.11419296	261	126	260	126	0.099276863	1.12125814	105.2798996	18.19266319	17.42496681	12.37959957	31.13807106	168.2213898	1.97694838	30.12436295	6.782782078	42.32978058	40.24525452	12410.33301	0.888899982	52
9687	4741.144749	46.34	11.29	11.25	9.366666794	31.53759766	767.673584	27	-2.700000048	29.70000076	16.60000038	1.733333349	20.61666679	1.733333349	828	101	35	30.11419296	261	126	260	126	0.099276863	1.12125814	105.2798996	18.19266319	17.42496681	12.37959957	31.13807106	168.2213898	1.97694838	30.12436295	6.782782078	42.32978058	40.24525452	12410.33301	0.888899982	52
9689	5040.584593	46.34	11.29	11.25	9.366666794	31.53759766	767.673584	27	-2.700000048	29.70000076	16.60000038	1.733333349	20.61666679	1.733333349	828	101	35	30.11419296	261	126	260	126	0.099276863	1.12125814	105.2798996	18.19266319	17.42496681	12.37959957	31.13807106	168.2213898	1.97694838	30.12436295	6.782782078	42.32978058	40.24525452	12410.33301	0.888899982	52
9690	4964.642923	46.34	11.29	11.25	9.366666794	31.53759766	767.673584	27	-2.700000048	29.70000076	16.60000038	1.733333349	20.61666679	1.733333349	828	101	35	30.11419296	261	126	260	126	0.099276863	1.12125814	105.2798996	18.19266319	17.42496681	12.37959957	31.13807106	168.2213898	1.97694838	30.12436295	6.782782078	42.32978058	40.24525452	12410.33301	0.888899982	52
9692	5347.603193	46.34	11.29	11.25	9.366666794	31.53759766	767.673584	27	-2.700000048	29.70000076	16.60000038	1.733333349	20.61666679	1.733333349	828	101	35	30.11419296	261	126	260	126	0.099276863	1.12125814	105.2798996	18.19266319	17.42496681	12.37959957	31.13807106	168.2213898	1.97694838	30.12436295	6.782782078	42.32978058	40.24525452	12410.33301	0.888899982	52
9693	5637.445107	46.34	11.29	11.25	9.366666794	31.53759766	767.673584	27	-2.700000048	29.70000076	16.60000038	1.733333349	20.61666679	1.733333349	828	101	35	30.11419296	261	126	260	126	0.099276863	1.12125814	105.2798996	18.19266319	17.42496681	12.37959957	31.13807106	168.2213898	1.97694838	30.12436295	6.782782078	42.32978058	40.24525452	12410.33301	0.888899982	52
9694	4200.348444	46.34	11.29	11.25	9.366666794	31.53759766	767.673584	27	-2.700000048	29.70000076	16.60000038	1.733333349	20.61666679	1.733333349	828	101	35	30.11419296	261	126	260	126	0.099276863	1.12125814	105.2798996	18.19266319	17.42496681	12.37959957	31.13807106	168.2213898	1.97694838	30.12436295	6.782782078	42.32978058	40.24525452	12410.33301	0.888899982	52
9695	4939.267168	46.34	11.29	11.25	9.366666794	31.53759766	767.673584	27	-2.700000048	29.70000076	16.60000038	1.733333349	20.61666679	1.733333349	828	101	35	30.11419296	261	126	260	126	0.099276863	1.12125814	105.2798996	18.19266319	17.42496681	12.37959957	31.13807106	168.2213898	1.97694838	30.12436295	6.782782078	42.32978058	40.24525452	12410.33301	0.888899982	52
9696	5293.751641	46.34	11.29	11.25	9.366666794	31.53759766	767.673584	27	-2.700000048	29.70000076	16.60000038	1.733333349	20.61666679	1.733333349	828	101	35	30.11419296	261	126	260	126	0.099276863	1.12125814	105.2798996	18.19266319	17.42496681	12.37959957	31.13807106	168.2213898	1.97694838	30.12436295	6.782782078	42.32978058	40.24525452	12410.33301	0.888899982	52
9698	4745.244262	41.57	23.85	11.21666718	11.01666641	35.30982971	767.5176392	28.20000076	-3	31.20000076	15.08333302	16.81666756	20.66666603	1.800000072	537	56	30	19.68592644	159	103	130	135	0.093269907	1.414595008	96.75649261	24.90639305	20.56036949	13.43437004	17.98662567	210.3191986	0.799159884	17.77034378	6.747467518	46.95302582	32.48660278	13748.5	0.444799989	47
9699	4716.495556	41.37	23.14	12.57499981	10.46666718	33.12236404	789.8029175	29.60000038	-2	31.60000038	7.849999905	21.51666641	22.28333473	2.766666651	473	53	28	19.97457314	141	92	109	114	0.092010953	1.25628531	100.2463303	15.4783268	20.70471382	10.97512627	14.86912918	96.99023438	0.771268666	19.57012367	7.318182945	54.16287994	25.13240814	14051.66699	0.380100012	44
9700	5036.653672	42.32	23.1	10.23750019	12.35833263	37.56332397	776.34375	28	-4.900000095	32.90000153	17.83333397	2.066666603	19.66666603	0.599999964	573	66	32	21.44501877	186	110	166	115	0.092359677	1.378889203	57.61463928	24.40913582	22.08394814	13.48923683	22.06676102	161.4938202	1.225836992	11.06802654	6.931129932	42.90061951	35.01543427	13154.08301	0.49939999	55
9701	4077.392941	43.7	25.91	11.49166679	11.10000038	32.2674408	885.9607544	29.5	-4.900000095	34.40000153	20.29999924	2.049999952	22.13333321	0.233333275	580	71	33	24.8760128	199	107	182	111	0.098139882	1.352402806	7.080965996	35.48502731	31.25530624	11.75581455	9.067153931	154.5833893	1.219629288	21.89093971	6.611559391	23.12386322	45.62083054	13451	0.490099996	50
9703	4739.380887	41.53	23.39	12.07499981	10.86666679	34.38818359	777.7692261	29.20000076	-2.400000095	31.60000038	15.96666718	21	21.68333435	2.516666651	506	54	30	19.04777718	148	102	123	120	0.09703242	1.398598671	87.66894531	25.81601715	20.00220871	13.09198475	19.71159554	161.1278839	1.021446347	10.28084946	6.862112045	47.34571457	32.65207672	13799.41699	0.412800014	39
9705	4822.545488	41.5	23.33	13.52083302	11.625	34.5982132	813.4842529	31.70000076	-1.899999976	33.60000229	8.533333778	22.81666756	23.61666679	3.516666651	474	53	27	19.87894821	142	93	110	116	0.099249423	1.353246927	31.73867798	32.25463104	23.73674202	12.77838326	18.03937149	235.3082428	1.325624943	15.55850506	6.922632694	49.30268097	26.96057892	13919.33301	0.373299986	40
9706	4952.84525	41.64	24.18	7.620833397	9.941666603	34.63995361	708.8513794	23.20000076	-5.5	28.70000076	11.05000019	13.01666737	16.21666718	-1.083333254	648	72	36	19.27303886	202	123	169	160	0.125677884	0.99814713	23.66535568	12.86406231	30.9749794	16.70872498	20.39842987	111.5221329	1.141028881	12.06680679	5.67092514	27.34721375	41.67780685	13489.5	0.582300007	44
9708	4374.509101	41.62	25.35	12.0041666	10.72500038	33.93987274	775.4308472	29	-2.599999905	31.60000038	7.699999809	20.95000076	21.54999924	2.566666603	591	73	29	25.05947495	188	97	120	171	0.096471362	1.083086729	72.67344666	27.50164032	19.7761898	12.81492901	25.55399513	249.2770844	1.338049889	19.88705444	6.902145863	49.88579559	30.3380127	13969.5	0.471100003	40
9710	5174.666755	41.85	23.13	11.97500038	11.38333321	34.81141663	800.1548462	29.60000038	-3.099999905	32.70000076	19.86666679	3.599999905	21.78333282	2.033333302	502	53	32	18.16143608	149	103	130	112	0.116523914	1.215839744	65.02407837	29.82481575	26.48843765	11.08449745	11.15725231	371.1991272	1.1917907	18.78630447	7.266077518	44.69113922	28.82041931	13639.66699	0.418799996	44
9711	4571.735393	42.32	23.1	10.23750019	12.35833263	37.56332397	776.34375	28	-4.900000095	32.90000153	17.83333397	2.066666603	19.66666603	0.599999964	573	66	32	21.44501877	186	110	166	115	0.092359677	1.378889203	57.61463928	24.40913582	22.08394814	13.48923683	22.06676102	161.4938202	1.225836992	11.06802654	6.931129932	42.90061951	35.01543427	13154.08301	0.49939999	55
9712	4747.993711	42.32	23.1	10.23750019	12.35833263	37.56332397	776.34375	28	-4.900000095	32.90000153	17.83333397	2.066666603	19.66666603	0.599999964	573	66	32	21.44501877	186	110	166	115	0.092359677	1.378889203	57.61463928	24.40913582	22.08394814	13.48923683	22.06676102	161.4938202	1.225836992	11.06802654	6.931129932	42.90061951	35.01543427	13154.08301	0.49939999	55
9713	4912.545066	42.49	25.61	11.11250019	10.77499962	33.88364792	784.416748	27.79999924	-4	31.79999924	15.28333282	16.66666603	20.76666641	1.416666627	602	68	39	19.30862236	191	124	164	135	0.117265224	1.271248221	36.44540024	38.0429039	23.43975449	11.23225117	18.67262459	345.4237671	1.873268485	14.46594524	6.628948212	42.49168777	34.06855774	13444.16699	0.502499998	47
9717	5382.657914	41.66	25.47	12.07916641	10.77499962	33.88364792	779.0654297	29.29999924	-2.5	31.79999924	7.766666412	21.08333397	21.70000076	2.616666555	591	72	30	24.4927578	188	98	120	169	0.097574539	1.250656486	52.63471603	24.70240593	25.96649933	14.11210346	22.46629715	260.4057922	1.549562812	12.41407108	6.341565132	42.24277496	31.79072571	14022.83301	0.475899994	44
9718	4873.86111	41.55	24.75	8.837499619	9.625	34.01060104	708.4237671	24.10000038	-4.199999809	28.29999924	12.21666622	14.21666718	17.48333359	0.200000048	655	70	35	20.83256721	200	119	158	173	0.118365407	1.003206372	121.2680511	28.92823792	26.90770531	12.97600269	19.27113152	198.062851	1.639979839	9.403409958	6.586732864	32.58029938	40.51199341	13666.75	0.563199997	33
9719	4453.137398	41.83	25.69	12.53333378	11.44999981	34.69697189	801.8624268	30.39999962	-2.599999905	33	8.016666412	21.71666718	22.41666603	2.683333397	573	65	32	21.39143944	177	102	120	157	0.098146811	1.044869065	5.818966389	37.08761597	28.89740181	11.50882626	17.95267487	426.2503052	1.245253801	25.6478405	6.742918015	36.62462616	34.47797394	13991.5	0.461699992	46
9720	5164.103486	41.77	25.68	12.0583334	10.94999981	34.43396378	780.0548706	29.10000038	-2.700000048	31.80000114	7.733333111	21	21.63333321	2.466666698	583	68	31	22.93811226	182	100	119	162	0.097325027	1.110877275	8.956834793	36.98034668	23.13390923	11.31642532	18.52409172	408.8473511	1.099174142	17.80145836	6.666927814	37.59230042	39.27378845	14068.41699	0.466399997	47
9721	3581.456407	42.72	25.33	9.324999809	10.5	34.09090805	756.4345093	25.60000038	-5.199999809	30.79999924	16.80000114	1.033333421	18.56666756	0.03333338	652	80	40	24.18930626	220	132	198	135	0.108954161	1.133185625	28.83735847	24.16003799	21.45929909	14.94177055	34.61170959	163.2594452	1.593242288	17.47214508	6.008860111	50.21757126	28.32312775	13190.25	0.568199992	41
9722	4900.362145	41.71	24.41	9.225000381	9.550000191	32.9310379	735.1669312	24.79999924	-4.199999809	29	12.96666718	14.6833334	18.13333321	0.133333325	606	67	33	21.1981411	190	111	152	153	0.107905634	1.032899857	44.16308212	22.82843781	18.19013405	14.50029469	33.16470337	215.0189972	2.267879963	16.75974464	6.659183025	49.96365356	31.84621429	13577.25	0.527999997	41
9725	5052.461695	37.6	23.08	15.5583334	9.850000381	35.8181839	668.6989746	31.29999924	3.799999952	27.5	9.483333588	24.14999962	24.14999962	8.016666412	577	97	10	64.72156525	259	35	35	245	0.126109108	0.956219614	153.2904968	29.38248825	30.31582642	11.25884151	19.31506729	341.7832031	1.738295197	9.264162064	7.790647507	25.72827148	43.9559021	15187.41699	0.373100013	53
9726	4689.592169	37.07	22.04	17.17499924	10.73333359	40.65656281	601.348877	31.70000076	5.300000191	26.40000153	11.6833334	24.81666756	24.81666756	10.39999962	738	136	6	77.50134277	371	24	24	333	0.087456219	1.42130518	64.524086	20.4624424	10.68411255	11.73251534	15.89355373	250.2307892	1.631105185	37.1964798	7.155015469	60.84474945	28.471138	15794.08301	0.470899999	45
9728	4937.390902	48.46	18.9	7.016666889	9.833333969	32.77777863	764.3278198	23.20000076	-6.800000191	30	14.88333321	-1.116666675	16.29999924	-2.5	787	92	44	22.31744194	249	140	248	154	0.105371535	1.001705408	24.77887344	14.34271431	25.34930992	10.89831924	12.05775738	152.5056915	2.714808464	20.88054085	5.494209766	30.15323639	44.49745178	11368.41699	0.894900024	56
9730	5852.259873	48.47	18.94	7.541666985	10.1833334	33.27886581	774.5316162	24.10000038	-6.5	30.60000038	15.53333378	-0.666666746	16.93333435	-2.150000095	740	87	41	22.46785927	235	130	232	144	0.099446937	0.989718795	4.608356476	21.73267746	27.32918358	11.49201202	15.66406631	190.1334686	2.178308725	27.06161308	5.918442726	17.75417328	54.91664124	11384.33301	0.832099974	56
9731	4878.204108	48.46	18.9	7.016666889	9.833333969	32.77777863	764.3278198	23.20000076	-6.800000191	30	14.88333321	-1.116666675	16.29999924	-2.5	787	92	44	22.31744194	249	140	248	154	0.105371535	1.001705408	24.77887344	14.34271431	25.34930992	10.89831924	12.05775738	152.5056915	2.714808464	20.88054085	5.494209766	30.15323639	44.49745178	11368.41699	0.894900024	56
9732	4716.087692	48.47	18.96	7.079166889	9.708333015	32.57830048	762.5390015	23.10000038	-6.699999809	29.79999924	14.91666698	-1.016666651	16.35000038	-2.416666746	774	92	44	22.48052979	246	137	245	152	0.105357245	1.04134953	0	18.88407898	23.73465729	11.74905872	10.13943958	141.7242889	2.150746107	19.61401558	5.483541012	27.66325378	48.60208893	11381.58301	0.883400023	57
9733	4229.80165	48.47	18.94	7.541666985	10.1833334	33.27886581	774.5316162	24.10000038	-6.5	30.60000038	15.53333378	-0.666666746	16.93333435	-2.150000095	740	87	41	22.46785927	235	130	232	144	0.099446937	0.989718795	4.608356476	21.73267746	27.32918358	11.49201202	15.66406631	190.1334686	2.178308725	27.06161308	5.918442726	17.75417328	54.91664124	11384.33301	0.832099974	56
9736	4911.887229	44.69	25.17	10.1833334	11.0666666	32.93650818	864.5054932	27.70000076	-5.900000095	33.60000229	18.88333321	0.883333385	20.48333359	-0.683333337	565	75	29	36.09228134	218	90	205	92	0.089253537	1.387800097	0	24.06231499	19.67393684	10.55769253	14.95914173	228.7176056	1.744078517	24.68062019	5.720969677	30.43921661	49.88684845	13285.33301	0.518100023	NA
9738	5205.865875	45.57	25.42	6.708333492	10.96666718	34.70463943	805.8276978	23	-8.600000381	31.60000038	14.80000019	-3.583333254	16.26666641	-3.583333254	620	94	26	48.58637238	263	84	259	84	0.093653813	1.316959381	11.71040535	23.5725441	17.33493805	9.721984863	22.85056305	149.7834473	2.842266083	20.73421669	6.238529205	40.53201675	42.1330452	12980.75	0.685100019	NA
9743	4783.114219	45.14	25	8.675000191	10.4333334	33.76483154	790.3408203	24.5	-6.400000095	30.89999962	16.61666679	0.133333281	18.14999962	-1.200000048	628	88	29	42.48161316	254	89	240	92	0.107983045	1.016709924	2.275763512	32.76567841	25.31522369	10.06187725	21.48294449	195.9079895	1.630087018	18.2720108	6.682027817	28.05900574	46.62577057	13109.58301	0.644900024	NA
9744	4766.394615	47.16	27.59	9.899999619	9.683333397	29.43262291	882.8672485	27.10000038	-5.800000191	32.90000153	19.06666565	0.249999925	20.53333282	-1.100000143	578	92	25	45.12099457	238	83	230	84	0.073581487	1.437252164	16.71857071	26.32748032	16.48664284	10.8343544	5.757004738	515.3942871	2.331098795	21.11471939	7.194439888	42.83604431	40.67731476	12894.41699	0.530600011	NA
9745	5274.425341	41.45	70.05	2.245833397	11.59166622	31.75799179	903.8037109	22.29999924	-14.19999981	36.5	0.399999946	12.96666622	13.03333282	-8.533333778	688	102	17	44.81253433	267	68	92	188	NA	NA	NA	NA	NA	NA	NA	NA	NA	NA	NA	NA	NA	15165.83301	0.590900004	NA
9748	4738.317906	44.23	21.71	9.875	10.55000019	33.81410217	786.2410278	26.70000076	-4.5	31.20000076	14.51666641	1.516666651	19.38333321	0	671	82	42	20.70007324	216	132	195	139	0.113043822	0.963183105	NA	NA	27.14577866	NA	13.93329525	NA	NA	NA	NA	28.29592133	44.55830002	13140.75	0.630599976	60
9749	4403.574359	43.54	22.29	10.3166666	10.86666679	35.16720581	765.2727661	26.89999962	-4	30.89999962	14.75	2.183333158	19.58333397	0.74999994	630	74	39	18.93637466	197	127	176	130	0.12236993	1.098391652	NA	NA	35.40194702	NA	15.17583466	NA	NA	NA	NA	19.57037354	45.02767944	13199.41699	0.568700016	53
9754	5515.360935	44.66	21.37	10.73333359	9.783333778	32.07650375	791.2025757	26.89999962	-3.599999905	30.5	18.68333435	2.366666555	20.25	0.766666591	675	88	41	23.01830101	222	128	215	137	0.082383387	1.013458014	NA	NA	31.95613098	NA	8.896834373	NA	NA	NA	NA	15.35549927	52.68836975	13182.25	0.604600012	59
9755	5601.821196	44.56	22.56	11.57499981	10.35000038	31.74846649	846.1020508	29.10000038	-3.5	32.59999847	16.5	2.666666746	21.85000038	1.066666722	610	68	37	18.97130966	191	122	166	130	0.106403731	1.440678239	NA	NA	27.25321388	NA	4.872210503	NA	NA	NA	NA	32.97100067	39.77578735	13184.83301	0.548200011	63
9756	5084.322711	44.3	21.08	11.1291666	10.75833321	34.5927124	775.4572144	27.79999924	-3.299999952	31.09999847	19.10000038	2.966666698	20.54999924	1.450000048	652	87	39	23.90532112	217	125	206	128	0.117100425	1.269461393	NA	NA	31.31312561	NA	9.054899216	NA	NA	NA	NA	18.99354553	49.69332886	13180	0.588500023	61
9757	5171.629916	44.3	21.08	11.1291666	10.75833321	34.5927124	775.4572144	27.79999924	-3.299999952	31.09999847	19.10000038	2.966666698	20.54999924	1.450000048	652	87	39	23.90532112	217	125	206	128	0.117100425	1.269461393	NA	NA	31.31312561	NA	9.054899216	NA	NA	NA	NA	18.99354553	49.69332886	13180	0.588500023	61
9758	5057.552554	47.75	88.4	3.833333254	12.55000019	24.90079308	1412.112061	28.79999924	-21.60000038	50.40000153	20.33333397	-11.9333334	20.33333397	-14.05000019	172	27	6	38.16327667	62	20	62	29	NA	NA	NA	NA	NA	NA	NA	NA	NA	NA	NA	NA	NA	14569.08301	0.138400003	NA
9759	4525.602068	37.47	49.47	13.55000019	8.233333588	26.47373962	833.6038818	29.39999962	-1.700000048	31.10000038	10.25	21.10000038	23.58333397	3.25	1069	181	25	57.93636703	479	97	111	326	NA	NA	NA	NA	NA	NA	NA	NA	NA	NA	NA	NA	NA	14023.41699	1.110499978	NA
9764	4032.227199	34.1	35.84	14.70833302	11.3166666	39.43089294	672.6806641	30.20000076	1.5	28.70000076	6.483333588	22.55000114	22.55000114	6.483333588	1239	270	1	99.57313538	729	4	4	729	NA	NA	NA	NA	NA	NA	NA	NA	NA	NA	NA	NA	NA	17519.83398	0.691600025	NA
9766	4937.000211	42.26	74.16	-1.929166675	14.52500057	30.38702965	1238.69519	21.60000038	-26.20000076	47.80000305	4.433333397	-17.93333435	11.36666679	-17.93333435	425	64	17	44.43946457	175	59	135	59	NA	NA	NA	NA	NA	NA	NA	NA	NA	NA	NA	NA	NA	14976	0.423200011	NA
9768	5457.689262	48.57	9.16	8.691666603	8.699999809	33.59073257	659.0483398	23	-2.900000095	25.89999962	15.28333282	1.849999905	16.88333321	0.700000048	737	96	39	27.7284317	257	127	245	134	0.092594229	1.332685471	58.10069275	21.66745377	24.7071991	10.71782494	9.585259438	204.1165924	1.997296929	30.45933533	6.621622562	23.43391418	51.85888672	11066	0.852299988	44
9769	4912.399374	48.55	8.99	8.470833778	8.708333015	33.49359131	656.6148071	22.89999962	-3.099999905	26	15.03333282	1.650000095	16.66666603	0.566666663	792	99	45	24.32590294	269	146	253	154	0.096514076	1.142877936	84.86004639	27.25580025	22.72421455	11.28221416	13.40803814	206.1333618	2.696891308	24.21369934	6.613173485	30.15614319	47.11964417	11062.41699	0.910000026	47
9770	5481.569148	48.53	9.01	8.858333588	8.966667175	33.96464539	662.8308105	23.5	-2.900000095	26.39999962	15.51666641	2	17.11666679	0.849999964	751	95	41	26.13224983	259	133	244	140	0.097016148	1.136260152	106.1933746	21.25416946	19.99827385	11.43886662	15.7059927	199.7657623	2.331668615	25.59152031	6.623040676	37.84233856	42.15938568	11040.66699	0.857299984	46
9771	4146.398027	48.56	9.11	8.433333397	8.516666412	33.13877869	655.1937256	22.60000038	-3.099999905	25.70000076	14.98333359	1.616666675	16.58333397	0.516666651	765	97	42	25.96102715	262	135	250	144	0.104593866	1.301820874	44.49957275	24.21553802	27.52723885	10.48014164	14.36542225	269.8179932	2.408252239	33.96374512	6.723097801	14.13397217	58.33879089	11093.75	0.90079999	45
9772	4174.877083	48.41	8.85	8.412500381	9.308333397	34.99373627	660.3687744	23.29999924	-3.299999952	26.59999847	15.01666641	1.51666677	16.64999962	0.466666698	795	94	50	21.03994942	261	154	246	166	0.10695456	1.261379004	29.38163567	19.20066071	30.55625343	10.29329395	9.374940872	279.4292297	1.700058341	29.10998726	6.489147663	10.27741241	59.16633606	11127.25	0.931699991	46
9774	5456.195782	48.59	9.22	8.845832825	8.925000191	33.93535995	661.8481445	23.39999962	-2.900000095	26.29999924	15.46666622	1.999999881	17.08333206	0.816666603	736	97	39	28.33169556	258	126	248	133	0.108826339	1.066290617	67.83243561	18.15254974	30.58831024	10.70064068	19.46684837	188.4843292	3.243762255	45.51261139	6.643900871	32.31036377	37.10132599	11034.16699	0.837400019	43
9775	4861.924479	48.41	8.79	8.120833397	9.091666222	34.43813324	654.628479	22.89999962	-3.5	26.39999962	14.65000057	1.283333302	16.31666565	0.283333272	831	92	55	16.45708466	258	175	242	192	0.100122131	1.24330008	34.50896454	19.10128403	24.12460709	9.858499527	9.592664719	311.2502747	1.807251096	34.87966537	7.107656479	15.43589783	60.43949509	11156.91699	0.989600003	46
9776	4547.030723	48.43	8.79	8.125	9.033333778	34.47837067	654.4237671	22.79999924	-3.400000095	26.19999886	14.64999962	1.283333302	16.31666565	0.299999923	834	92	56	16.34705925	259	177	241	193	0.096134856	1.104388356	0	24.20576668	24.6961956	10.52765751	8.383262634	240.7074127	2.115067482	42.57012939	7.043262482	12.90983582	62.39396667	11166.41699	0.992399991	46
9777	3540.858247	48.57	9.17	8.729166985	8.774999619	33.75	659.6123657	23.10000038	-2.900000095	26	15.33333302	1.899999976	16.93333435	0.733333349	737	96	39	27.86275482	257	127	246	134	0.0982759	1.214917183	21.19652367	15.18383312	24.36936951	9.338274002	8.756502151	253.7264709	2.628324509	47.17752838	7.098047733	31.50137329	44.1292572	11071.83301	0.850899994	44
9778	5018.903053	48.41	8.84	8.333333015	9.25	34.77443695	658.2875366	23.20000076	-3.400000095	26.60000038	14.90000057	1.466666698	16.56666756	0.433333367	804	94	52	20.00707626	261	159	246	172	0.106588453	1.284552693	53.86722183	21.27011871	29.76908112	9.639297485	14.459198	386.436615	2.38571763	42.46553802	6.951375961	11.09796143	59.13295746	11129.16699	0.948199987	46
9779	3956.418224	48.5	8.78	8.333333015	9.433333397	35.19900513	657.2612915	23.5	-3.299999952	26.79999924	14.85000038	1.5	16.56666565	0.466666698	858	93	59	15.48830414	263	183	244	199	0.103344165	1.340318203	15.02491474	15.75138378	25.70285225	9.128858566	10.55141735	337.7504578	1.751911879	47.301754	6.948334694	11.06613159	63.23101807	11074	1.003399968	46
9780	4320.045339	48.43	8.79	8.125	9.033333778	34.47837067	654.4237671	22.79999924	-3.400000095	26.19999886	14.64999962	1.283333302	16.31666565	0.299999923	834	92	56	16.34705925	259	177	241	193	0.096134856	1.104388356	0	24.20576668	24.6961956	10.52765751	8.383262634	240.7074127	2.115067482	42.57012939	7.043262482	12.90983582	62.39396667	11166.41699	0.992399991	46
9781	4999.644591	48.52	9.11	8.662500381	8.941666603	33.74213791	667.6115112	23.39999962	-3.099999905	26.5	15.36666679	1.75	17	0.583333313	744	96	39	28.10261536	261	127	248	135	0.087837458	1.273627043	52.47262192	22.03748703	16.46105385	9.460085869	11.79788017	243.2665253	2.1294384	49.3164711	7.141572475	39.58519745	43.95375061	11095.58301	0.853799999	45
9782	3811.170913	48.53	9.09	9.050000191	9.066666603	34.08521271	668.7267456	23.89999962	-2.700000048	26.60000038	15.80000019	2.150000095	17.38333321	0.933333278	715	93	37	28.8264637	253	121	239	128	0.111806758	1.098994732	70.66129303	20.60403252	32.04742432	11.59716415	15.0275631	166.0233917	2.379331589	39.54592133	6.895209789	28.07701111	39.87556458	11036.66699	0.819599986	45
9783	4885.86045	48.52	9.05	9.166666985	9.116666794	34.01741409	669.5769653	24.10000038	-2.700000048	26.80000114	15.94999981	2.266666651	17.51666641	1.049999952	721	94	38	28.445261	255	123	240	131	0.09359391	1.155719042	58.42584229	15.63632298	25.15609932	12.58615971	11.03279209	184.3079681	2.620706797	29.54454231	6.657365799	31.17321777	43.67068481	11013.08301	0.818199992	46
9784	5337.618433	48.5	8.8	8.375	9.399999619	35.07462692	659.8536377	23.5	-3.299999952	26.79999924	14.91666698	1.516666651	16.63333321	0.466666698	841	93	57	16.48755074	262	176	244	190	0.100829631	1.345254421	0	12.1138916	23.79310608	9.122652054	8.812267303	220.5219727	2.160906076	40.40345383	6.42813158	17.60671234	58.60018158	11074.33301	0.979799986	46
9785	4432.164793	48.54	9.02	8.829166412	8.875	33.74524689	661.8206787	23.39999962	-2.900000095	26.29999924	15.48333359	1.983333349	17.08333397	0.849999964	748	96	41	26.74765205	260	132	245	140	0.10846293	1.055772543	19.51634026	24.43142509	20.51738358	10.79319	12.95934963	213.6283569	2.853489161	25.35666656	6.777113438	34.57653046	44.90608597	11058.91699	0.858799994	46
9786	4445.060133	48.54	9.01	8.699999809	8.800000191	33.58778381	660.9841309	23.20000076	-3	26.20000076	15.33333302	1.849999905	16.95000076	0.733333349	764	97	42	25.76944733	262	136	247	144	0.104813471	1.039407372	65.79836273	22.46076965	31.24195862	11.16721916	16.1647892	204.2048035	3.325395823	39.17090607	6.621992588	19.67552948	49.0825119	11061.58301	0.870999992	46
9787	4684.526093	48.5	9	9.066666603	9.083333015	34.27672958	663.9117432	23.79999924	-2.700000048	26.5	15.76666641	2.200000048	17.33333397	1.016666651	723	93	39	27.26734924	252	125	238	134	0.104216017	1.184646845	46.28759766	11.88301182	21.91628265	9.209072113	17.7544384	261.1331177	1.947024822	36.56230545	7.051809311	38.03312683	40.05059052	11036.25	0.834699988	48
9788	5458.15619	48.53	9.01	8.858333588	8.966667175	33.96464539	662.8308105	23.5	-2.900000095	26.39999962	15.51666641	2	17.11666679	0.849999964	751	95	41	26.13224983	259	133	244	140	0.097016148	1.136260152	106.1933746	21.25416946	19.99827385	11.43886662	15.7059927	199.7657623	2.331668615	25.59152031	6.623040676	37.84233856	42.15938568	11040.66699	0.857299984	46
9789	5005.552525	48.39	8.96	8.125	9.116666794	34.14481735	664.2648315	23	-3.700000048	26.70000076	14.8166666	1.23333323	16.41666603	0.149999976	814	105	43	28.00545311	287	141	271	148	0.106098942	1.30116272	25.7878437	24.94586754	24.44412422	10.26223755	7.668649197	271.284729	3.018294334	33.68328094	6.75468874	18.07938385	57.47649384	11137.58301	0.961799979	45
9791	4873.443573	48.6	9.2	8.658332825	8.733333588	33.58974457	659.0759277	23	-3	26	15.23333359	1.833333254	16.86666679	0.683333397	753	98	40	27.6761837	263	130	250	138	0.103569455	1.186220527	108.500351	21.39642334	24.02970314	10.11677742	13.33141518	287.3706665	1.872169256	34.80764389	7.261836529	12.86577606	63.10452271	11025.91699	0.863399982	44
9792	4455.997284	48.54	9.09	8.766666412	8.866666794	33.71356201	665.5903931	23.39999962	-2.900000095	26.29999924	15.44999981	1.883333325	17.06666565	0.716666698	742	96	40	27.4723587	259	129	246	136	0.106553465	1.126954436	55.8779068	23.28340721	28.82821846	11.09160042	8.965768814	235.3909607	2.742160082	33.52114487	6.701809406	30.61359406	40.55818939	11057.91699	0.8495	45
9793	4413.094495	48.57	9.16	8.691666603	8.699999809	33.59073257	659.0483398	23	-2.900000095	25.89999962	15.28333282	1.849999905	16.88333321	0.700000048	737	96	39	27.7284317	257	127	245	134	0.092594229	1.332685471	58.10069275	21.66745377	24.7071991	10.71782494	9.585259438	204.1165924	1.997296929	30.45933533	6.621622562	23.43391418	51.85888672	11066	0.852299988	44
9794	5409.087509	48.52	9.08	9.091667175	9.116666794	34.14481735	669.0150146	24	-2.700000048	26.70000076	15.85000038	2.183333397	17.43333435	0.98333329	713	93	37	28.85424232	252	120	239	128	0.099568881	1.141018271	76.23693085	23.48080063	25.2279911	11.81010628	11.79561424	167.9712524	2.873250484	31.15080261	6.91998291	32.63804626	42.13396454	11042.08301	0.817099988	45
9795	5101.250512	48.5	9.11	8.691666603	9.033333778	33.9598999	666.6361694	23.5	-3.099999905	26.60000038	15.39999962	1.800000072	17	0.616666675	737	96	38	28.49214172	260	126	247	133	0.106931448	1.322521925	39.9860878	19.02604103	26.04022408	9.628358841	10.29164982	264.8216553	2.185379744	38.23335266	7.125310421	22.314888	51.64488983	11096.66699	0.849799991	44
9796	4184.723309	48.41	8.84	8.333333015	9.25	34.77443695	658.2875366	23.20000076	-3.400000095	26.60000038	14.90000057	1.466666698	16.56666756	0.433333367	804	94	52	20.00707626	261	159	246	172	0.106588453	1.284552693	53.86722183	21.27011871	29.76908112	9.639297485	14.459198	386.436615	2.38571763	42.46553802	6.951375961	11.09796143	59.13295746	11129.16699	0.948199987	46
9797	5550.404561	48.54	9.02	8.829166412	8.875	33.74524689	661.8206787	23.39999962	-2.900000095	26.29999924	15.48333359	1.983333349	17.08333397	0.849999964	748	96	41	26.74765205	260	132	245	140	0.10846293	1.055772543	19.51634026	24.43142509	20.51738358	10.79319	12.95934963	213.6283569	2.853489161	25.35666656	6.777113438	34.57653046	44.90608597	11058.91699	0.858799994	46
9798	5550.078826	48.54	9.01	8.699999809	8.800000191	33.58778381	660.9841309	23.20000076	-3	26.20000076	15.33333302	1.849999905	16.95000076	0.733333349	764	97	42	25.76944733	262	136	247	144	0.104813471	1.039407372	65.79836273	22.46076965	31.24195862	11.16721916	16.1647892	204.2048035	3.325395823	39.17090607	6.621992588	19.67552948	49.0825119	11061.58301	0.870999992	46
9799	3936.817317	48.39	8.85	8.362500191	9.391666412	35.1747818	661.3110962	23.29999924	-3.400000095	26.69999886	14.96666622	1.466666698	16.61666679	0.416666657	795	95	50	21.12575912	261	154	247	166	0.112337798	1.19122684	28.45934105	20.15894508	27.26257896	9.598286629	10.02545738	307.980896	1.765519261	40.07578659	6.970684528	13.58052826	59.15689087	11140.75	0.932500005	46
9800	3333.689763	48.54	9.01	8.699999809	8.800000191	33.58778381	660.9841309	23.20000076	-3	26.20000076	15.33333302	1.849999905	16.95000076	0.733333349	764	97	42	25.76944733	262	136	247	144	0.104813471	1.039407372	65.79836273	22.46076965	31.24195862	11.16721916	16.1647892	204.2048035	3.325395823	39.17090607	6.621992588	19.67552948	49.0825119	11061.58301	0.870999992	46
9801	5789.333956	48.54	9.01	8.699999809	8.800000191	33.58778381	660.9841309	23.20000076	-3	26.20000076	15.33333302	1.849999905	16.95000076	0.733333349	764	97	42	25.76944733	262	136	247	144	0.104813471	1.039407372	65.79836273	22.46076965	31.24195862	11.16721916	16.1647892	204.2048035	3.325395823	39.17090607	6.621992588	19.67552948	49.0825119	11061.58301	0.870999992	46
9802	5323.612379	48.51	9.11	8.662500381	8.958333015	33.80503082	667.3458862	23.39999962	-3.099999905	26.5	15.36666679	1.75	16.98333359	0.583333313	744	96	39	27.90632057	260	127	248	135	0.102750145	1.301919103	31.14164925	22.39148331	27.43349457	9.925815582	9.680731773	299.6335144	1.658857822	47.83444977	7.138066769	15.40205383	57.1644516	11103.33301	0.852699995	44
9803	4187.67099	48.42	8.76	8.583333015	9.366666794	35.08114624	658.4946289	23.60000038	-3.099999905	26.70000076	15.19999981	1.716666698	16.81666565	0.650000036	812	91	54	16.77010345	253	170	237	186	0.10045284	1.166089058	165.6564789	25.29785347	20.53916931	13.90635395	20.72486115	141.1655579	4.00635767	17.1858654	6.818900585	30.01928711	49.44154358	11130.33301	0.962700009	46
9804	4387.537978	48.45	8.87	8.800000191	9.266666412	34.83709335	659.1523438	23.70000076	-2.900000095	26.60000038	15.40000057	1.933333278	17.01666641	0.849999964	770	93	47	22.24542809	256	146	239	158	0.111493111	1.180222392	158.6684723	25.22350502	20.54134941	14.46258831	16.81923485	100.6520386	3.451297283	18.66448212	6.917168617	35.29721832	44.16143036	11085.58301	0.900399983	47
9805	4230.252759	48.54	9.09	8.766666412	8.866666794	33.71356201	665.5903931	23.39999962	-2.900000095	26.29999924	15.44999981	1.883333325	17.06666565	0.716666698	742	96	40	27.4723587	259	129	246	136	0.106553465	1.126954436	55.8779068	23.28340721	28.82821846	11.09160042	8.965768814	235.3909607	2.742160082	33.52114487	6.701809406	30.61359406	40.55818939	11057.91699	0.8495	45
9806	5247.557572	48.56	9.16	8.887499809	8.875	33.87404633	661.7783203	23.39999962	-2.799999952	26.19999886	15.51666641	2.033333302	17.11666679	0.849999964	719	95	37	28.81362915	253	121	242	129	0.095097549	1.311320901	25.37044334	21.08841133	20.36334038	14.22077942	15.87437916	177.0998077	1.627157092	13.00157261	6.058087826	43.07833099	36.55832672	11062.16699	0.828199983	44
9807	4530.140182	48.6	9.22	8.833333015	8.883333206	33.90585327	661.0952759	23.29999924	-2.900000095	26.19999886	15.44999981	1.999999881	17.06666565	0.816666603	739	97	39	28.54665565	260	126	248	133	0.11235933	1.070735812	116.8805923	19.92513466	27.68370056	9.163992882	19.71954727	283.7087097	1.648877382	45.41870117	7.36342907	24.34227753	47.97402191	11010.16699	0.842199981	43
9808	4866.550092	48.52	9.08	9.091667175	9.116666794	34.14481735	669.0150146	24	-2.700000048	26.70000076	15.85000038	2.183333397	17.43333435	0.98333329	713	93	37	28.85424232	252	120	239	128	0.099568881	1.141018271	76.23693085	23.48080063	25.2279911	11.81010628	11.79561424	167.9712524	2.873250484	31.15080261	6.91998291	32.63804626	42.13396454	11042.08301	0.817099988	45
9809	5014.356041	48.52	9.05	9.166666985	9.116666794	34.01741409	669.5769653	24.10000038	-2.700000048	26.80000114	15.94999981	2.266666651	17.51666641	1.049999952	721	94	38	28.445261	255	123	240	131	0.09359391	1.155719042	58.42584229	15.63632298	25.15609932	12.58615971	11.03279209	184.3079681	2.620706797	29.54454231	6.657365799	31.17321777	43.67068481	11013.08301	0.818199992	46
9810	5008.341515	48.53	9.07	9.100000381	9.083333015	34.01997375	668.8864746	24	-2.700000048	26.70000076	15.86666679	2.200000048	17.45000076	1.016666651	719	94	38	28.70288658	255	123	241	131	0.108143382	1.112890005	94.70339203	24.02116776	29.42862129	12.18497849	9.334794998	313.8448181	2.785238266	31.80973816	6.765795708	35.76662445	34.80475616	11033.33301	0.818700016	46
9811	3845.371882	48.52	9.05	9.166666985	9.116666794	34.01741409	669.5769653	24.10000038	-2.700000048	26.80000114	15.94999981	2.266666651	17.51666641	1.049999952	721	94	38	28.445261	255	123	240	131	0.09359391	1.155719042	58.42584229	15.63632298	25.15609932	12.58615971	11.03279209	184.3079681	2.620706797	29.54454231	6.657365799	31.17321777	43.67068481	11013.08301	0.818199992	46
9812	4619.073236	48.52	9.03	9.129166603	9.091667175	34.05118561	666.2700195	24	-2.700000048	26.70000076	15.86666679	2.266666651	17.43333435	1.049999952	723	92	39	27.16941833	252	125	237	134	0.103210695	1.166844368	26.26242065	14.52971554	26.84267807	11.52937031	9.730694771	252.6255035	3.107254982	36.66651535	5.703296661	25.010849	48.14647293	11043.83301	0.824999988	46
9813	4918.70951	48.4	8.77	8.158332825	9.199999809	34.71697998	656.3980103	23	-3.5	26.5	14.73333359	1.283333302	16.36666679	0.283333302	824	91	55	16.48399353	256	174	240	191	0.099848598	1.270270467	54.43242264	27.91738319	23.86663055	11.4851017	9.97759819	238.4143829	2.9456954	20.59581566	6.650390625	26.16520691	49.96816254	11153.25	0.978500009	46
9814	3940.546769	48.42	8.79	8.120833397	9.058333397	34.31187057	655.1768188	22.89999962	-3.5	26.39999962	14.65000057	1.266666651	16.31666565	0.283333272	831	92	55	16.52410889	258	175	242	192	0.116252601	1.175788522	13.29171658	15.60369873	27.73550797	10.80768108	10.10004139	337.3516541	1.719209194	31.05168152	6.501857758	10.04071808	62.22377396	11165.91699	0.989499986	46
9815	4717.131299	48.54	9.02	8.829166412	8.875	33.74524689	661.8206787	23.39999962	-2.900000095	26.29999924	15.48333359	1.983333349	17.08333397	0.849999964	748	96	41	26.74765205	260	132	245	140	0.10846293	1.055772543	19.51634026	24.43142509	20.51738358	10.79319	12.95934963	213.6283569	2.853489161	25.35666656	6.777113438	34.57653046	44.90608597	11058.91699	0.858799994	46
9817	3682.046142	39.84	-6.6	15.98333359	10.53333378	37.75388336	622.6166992	32.20000076	4.300000191	27.90000153	9.75	24.04999924	24.06666756	8.966667175	606	90	7	54.20793152	253	41	45	230	0.061654359	1.478641748	0	7.373148441	11.02129555	10.16669655	20.68169022	294.6719971	1.684340954	8.073870659	6.111709595	51.52639008	37.45231628	16543.75	0.362599999	34
9819	4453.441129	42.35	-3.03	9.920833588	10.45833397	40.07024384	567.6765137	25.10000038	-1	26.10000038	11.30000019	17.23333359	17.23333359	3.483333349	567	65	27	25.24641228	176	97	97	155	0.115901001	1.093054652	198.7926178	20.26805687	21.4462204	11.63901806	13.09157562	182.9393768	1.645618677	17.19379234	6.969629288	49.9618721	28.59190369	14065.25	0.482800007	42
9820	4370.275743	41	-4.71	11.63333321	11.89999962	40.20270157	632.4279785	29	-0.600000024	29.60000038	7.883333206	19.63333321	19.81666565	4.433333397	376	46	13	32.6333847	120	59	63	102	0.06267076	1.19730413	35.76622391	6.780015469	7.215022564	13.51988411	24.45393181	154.9284668	0.961916268	13.74158001	6.918813705	71.42651367	21.3584671	15586.66699	0.271499991	55
9821	5159.081125	41.81	2.49	12.77499962	9.149999619	37.04453278	560.2089844	26.10000038	1.399999976	24.70000076	13.69999981	7.083333492	20.01666641	6.466666698	787	86	39	21.60785675	241	162	190	170	0.112994693	0.995443344	61.06845474	14.48812962	25.0011673	13.15734386	16.92326355	235.9846649	2.917622805	10.17033577	6.407374382	33.07231903	41.92651367	14796.66699	0.638700008	46
9822	4287.491868	40.52	-4.02	13.30416679	10.875	36.73986435	676.3654785	30.5	0.899999976	29.60000038	9.316666603	22.03333282	22.18333435	5.75	392	49	13	35.24378204	132	55	58	107	0.079749644	1.10085845	41.36661911	10.43415356	17.44845009	10.6662674	26.60750008	310.9012146	1.620899796	30.38826942	6.977073669	46.99058533	35.56096649	15868.08301	0.258399993	60
9823	4620.393112	43.34	-5.84	12.8708334	8.491666794	42.67169189	426.1426086	23.5	3.599999905	19.89999962	11.44999981	18.16666603	18.41666603	8.016666412	952	105	48	26.33346939	284	153	153	272	0.110564202	1.015591502	13.15999603	12.85555744	22.42698669	11.5885601	22.48641205	89.61006165	3.700107336	35.29666901	5.485313892	42.69104004	34.88197327	12387.75	0.92930001	41
9824	5760.592086	42.91	-4.91	7.875	8.833333015	35.47523499	578.5817261	22.39999962	-2.5	24.89999962	2.199999809	15.35000038	15.35000038	1.283333302	876	105	37	30.28847313	295	134	134	278	0.122595683	1.017213106	13.02560616	11.78458214	24.46279335	15.36550331	20.99396515	160.3279419	2.685372353	16.36591148	5.701063156	37.54242706	37.99478149	14169.08301	0.847199976	33
9825	4389.948314	40.4	-3.88	14.28750038	11.35833359	37.24043655	687.7734985	31.89999962	1.399999976	30.5	10.16666698	23.13333321	23.31666756	6.566666603	394	48	11	38.09845352	137	51	52	114	0.08573211	1.371361017	98.12315369	18.65744781	23.13617516	10.29811573	13.23375607	389.5068665	1.281458616	4.819803238	7.372151852	38.77928925	38.08453369	15912	0.255600005	63
9826	4156.223096	42.49	-6.71	12.02916718	10.50833321	39.06443787	582.1217651	27.60000038	0.699999988	26.89999962	8.550000191	19.5	19.5	5.233333588	1010	136	27	44.60950089	393	106	106	351	0.109365366	0.982380271	53.86323929	8.885010719	20.0255661	11.64346886	22.69556427	154.449295	1.650326967	32.41306305	6.309834957	46.83781433	33.13661957	14174.66699	0.827600002	27
9827	5907.462127	42.78	0.69	10.4958334	9.725000381	37.69379807	577.1381836	24.70000076	-1.100000024	25.80000114	11.88333321	4.433333397	17.86666679	3.799999952	1089	110	65	13.97419548	305	244	244	250	0.110528179	1.064891219	NA	NA	18.72663879	NA	26.28838158	NA	NA	NA	NA	47.68734741	33.58601379	14162.25	0.917500019	44
9828	4179.9376	42.5	-6.15	10.1875	10.92500019	38.87900162	611.0465088	26.60000038	-1.5	28.10000038	4.099999905	18.14999962	18.14999962	3.299999952	932	118	36	35.58634186	333	125	125	311	0.091002718	1.075720429	0	9.692530632	10.36124992	10.92053986	17.8862896	149.1888275	2.213686705	15.76731777	6.002712727	54.02399445	35.61475372	14468.33301	0.776799977	15
9830	4196.720713	36.97	-3.28	11.2541666	12.82499981	40.078125	672.882019	30.10000038	-1.899999976	32	4.783333302	20	20.10000038	3.75	567	75	6	51.90853119	215	37	38	210	0.103554189	1.385651112	18.42601585	16.41854095	23.03044319	12.31761074	32.35456467	231.8235321	2.647086143	26.99714661	6.422787666	43.3361969	33.63336182	17171.16602	0.389800012	48
9831	4243.375412	38.54	-3.39	14.39583302	13.79166698	39.74543762	742.1297607	34.79999924	0.100000001	34.70000076	9.899999619	23.94999886	24.18333244	6.116666794	439	60	6	46.53669357	161	36	41	149	0.089661352	1.432553649	44.28878021	13.864007	27.57509041	9.038566589	28.38238525	336.2760315	1.368996859	16.20935822	7.196231842	42.07902527	30.34588623	16583.33398	0.261700004	46
9832	3550.484709	40.54	-3.69	13.75	11.5	37.58169937	681.5123291	31.39999962	0.800000012	30.60000038	9.666666985	22.66666603	22.66666603	6.066666603	409	53	11	39.52295685	148	51	51	121	0.100234784	1.312351704	27.82368279	14.42742348	10.7371912	11.67926788	22.88833809	267.326416	1.284525156	15.73633385	6.941494942	45.237957	44.02485275	15808.33301	0.266900003	62
9833	4235.741852	40.38	-4.21	14.01249981	11.1916666	37.05849838	679.4152832	31.5	1.299999952	30.20000076	9.966666222	22.76666641	22.93333435	6.400000095	358	44	12	34.42988968	119	51	55	96	0.092373818	1.037867427	58.40919876	12.3915329	20.64060211	10.36663437	19.28795242	397.9784851	1.194872618	20.68923759	7.134763241	53.15117645	26.20822144	15944.91699	0.231999993	49
9834	3958.431989	40.51	-3.9	13.77916622	11.24166679	37.34772873	679.6003418	31.20000076	1.100000024	30.10000038	9.699999809	22.53333282	22.70000076	6.166666508	392	47	12	36.75873184	136	53	54	113	0.088458031	1.379724503	103.991272	13.26262474	20.10092545	10.96978951	18.20256615	250.8756104	1.36842823	15.46139145	7.303292751	45.50051498	34.39855957	15888.33301	0.256300002	63
9835	3757.876077	40.61	-6.57	13.14999962	10.1833334	38.86768341	573.038147	28.39999962	2.200000048	26.19999886	7.550000191	20.68333244	20.68333244	6.75	948	143	15	55.33472443	398	73	73	398	0.074891023	1.480674386	0	5.988349438	14.06470585	8.945461273	25.56731415	193.8396454	1.732010961	19.84189796	6.177970409	45.07885742	40.85643768	15919.75	0.64380002	20
9836	5894.870805	41.25	-1.32	11.125	12.85000038	41.58575821	641.307251	29.20000076	-1.700000048	30.90000153	12.8166666	4.833333492	19.43333435	3.933333397	442	68	23	36.39582062	166	74	113	84	0.112403244	1.380310893	93.15161896	12.65084171	22.79676819	13.31560326	20.14114952	197.1804352	2.150300741	22.77295494	6.172123432	34.28567505	42.91755676	15470.66699	0.307399988	22
9837	4185.568639	37.94	-5.6	14.20416641	11.82499981	39.54849243	629.0305176	31.70000076	1.799999952	29.90000153	8.050000191	22.29999924	22.46666718	7.116666794	694	111	4	61.88476944	305	33	35	282	0.100450695	1.401506066	62.10458755	10.9311533	12.8404808	14.83488178	20.19217682	412.5666504	1.078280687	1.448345304	5.699280739	53.14083862	34.01867676	17152.58398	0.415600002	30
9838	4312.192662	41.83	-5.38	12.14166641	11.10000038	39.08450699	618.2484131	28.70000076	0.300000012	28.40000153	5.783333302	20.14999962	20.14999962	5.083333492	516	65	17	35.36861801	179	67	67	169	0.08476916	1.381738186	35.16442108	9.874387741	16.78561783	7.807253361	16.00237274	129.5604858	1.069547057	10.12922859	7.024517536	48.73073196	34.48365021	15199.66699	0.377799988	47
9839	4079.817003	40.44	-4.27	12.32083321	9.758333206	34.48174286	666.5257568	28.79999924	0.5	28.29999924	8.449999809	20.98333359	21.11666679	4.949999809	396	48	15	34.64192581	133	56	62	105	0.092971288	1.07000494	34.38658142	9.551438332	16.62024498	14.26265335	25.97919655	257.5552673	1.74914372	32.76140976	6.589025497	40.21788788	43.16186523	16060.41699	0.268999994	45
9840	5403.784815	41.13	-1.43	11.97083378	13.45833302	42.45531082	650.2358398	30.29999924	-1.399999976	31.69999886	13.80000019	5.633333206	20.41666603	4.633333206	412	64	20	38.24485016	157	66	107	75	0.092909507	1.430434465	236.770813	20.27677536	15.94883919	18.15929222	21.54866791	237.6643982	1.463430166	18.8415184	7.005953312	47.13873291	36.91242981	15442	0.274899989	26
9841	3930.067708	40.59	-4.15	11.60833359	9.533333778	34.54106522	657.5188599	27.5	-0.100000001	27.60000038	7.816666603	20.13333321	20.21666718	4.233333111	429	54	17	33.53026962	140	63	68	112	0.103403926	1.064902306	NA	NA	18.31735611	NA	27.47527122	NA	NA	NA	NA	53.85911942	27.82352448	15838.33301	0.314700007	55
9843	3459.287979	40.53	-3.92	14.02916622	11.32500076	37.6245842	676.4998779	31.39999962	1.299999952	30.10000038	9.983333588	22.73333359	22.88333321	6.416666508	375	45	11	37.39967728	131	50	51	107	0.0872209	1.208194256	24.09516716	12.65626144	17.99907494	11.37923145	30.4726162	208.9618835	1.310740948	18.55384827	6.927465916	49.84376526	32.1571579	15883.08301	0.244599998	63
9844	5003.402516	42.27	0.19	13.70416641	10.125	35.40209579	651.2207642	30.20000076	1.600000024	28.60000038	15	21.86666679	22.20000076	6.183333397	612	65	27	22.47166634	186	125	131	145	0.107849069	1.395348668	233.7490997	16.58775902	21.33889008	13.89922905	8.111288071	169.0771027	1.790411472	17.94112778	7.980584621	28.64022064	50.02088928	15010	0.406300008	54
9845	3526.134612	40.48	-3.96	14.20416641	11.54166698	37.84152985	680.4058228	31.79999924	1.299999952	30.5	10.13333321	22.95000076	23.10000038	6.533333302	369	44	11	36.51185226	127	50	51	105	0.087323293	1.316257715	95.79671478	14.37022018	23.8037796	10.36814213	22.10127831	323.4242859	1.386117816	16.57635307	7.239855766	45.61972809	30.57649231	15885.91699	0.239999995	62
9846	4377.189691	42.31	-3.02	10.25	10.58333302	40.24081039	571.8908081	25.5	-0.800000012	26.29999924	11.73333359	17.56666756	17.56666756	3.716666698	526	61	25	24.97984314	164	90	90	142	0.1115079	1.036241651	96.92533875	16.74253082	19.13352585	12.10433197	17.01357651	204.2754364	1.674246788	32.96327591	6.512991428	53.28369141	27.58277893	14084	0.445800006	38
9847	4148.445615	43.31	-5.7	13.08749962	8.341666222	42.34348679	428.2104797	23.39999962	3.700000048	19.69999886	10.96666622	18.36666679	18.60000038	8.116666794	920	97	48	25.60041809	281	148	151	263	0.116251871	0.947040498	NA	NA	32.78952408	NA	14.70536613	NA	NA	NA	NA	24.1816864	43.02878952	12389.66699	0.903199971	42
9848	4212.928591	40.11	-5.77	13.44999981	10.30000019	38.28996277	594.7612305	28.60000038	1.700000048	26.89999962	7.449999809	21.18333244	21.18333244	6.699999809	598	81	9	47.61995697	228	49	49	221	0.082813941	1.101839304	19.14647293	11.74942589	16.57375717	12.63050556	28.63875198	290.1921387	1.434956908	26.95700455	6.62293005	52.35018921	31.0760498	16323.5	0.409799993	28
9849	5549.301188	40.65	-4.11	11.28750038	9.175000191	33.73161697	653.7692261	27	-0.200000003	27.20000076	7.550000191	19.76666641	19.85000038	3.966666698	447	56	18	33.09070206	146	66	71	118	0.09290722	1.08184886	50.51881409	7.585775375	13.35032558	14.30889416	23.60866547	218.9632416	1.273730755	21.24690628	6.273086071	52.89876938	33.7509079	15801.58301	0.331699997	57
9850	4401.588014	42.86	-0.7	7.362500191	9.708333015	36.77399063	595.3460693	23	-3.400000095	26.39999962	1.683333278	15.13333321	15.13333321	0.666666687	1088	113	55	20.34710121	320	193	193	301	0.123462692	0.954210162	88.54613495	23.37784767	29.4112587	13.039505	34.84467697	187.5271301	3.730706215	29.89797211	6.41650629	38.08755875	32.50118256	13868.58301	0.999199986	38
9851	4479.527389	42.96	-6.1	8.329166412	10.125	38.06391144	595.2366333	23.89999962	-2.700000048	26.60000038	2.516666651	15.94999981	16.04999924	1.549999952	1120	133	47	32.16730118	387	160	165	361	0.118983001	1.006061792	94.75348663	22.03905869	22.10856819	12.25136089	17.05617905	136.6121979	1.960728765	13.39742374	6.886994839	45.82086945	32.07056427	13867	1.046700001	36
9852	3614.899633	40.46	-3.75	14.36250019	11.24166679	37.10121155	677.8982544	31.79999924	1.5	30.29999924	10.28333378	23.21666718	23.21666718	6.683333397	389	49	10	40.17841339	140	48	48	117	0.078708313	1.428425908	83.92946625	15.94382572	18.21173096	9.27571106	14.32874012	408.0654907	1.499947071	18.75202179	7.302886009	45.63800049	36.15026855	15897.66699	0.254000008	63
9853	4247.232636	43.33	-5.91	13.1875	8.441666603	43.51374817	408.618103	23.39999962	4	19.39999962	11.25	18.21666718	18.48333359	8.483333588	948	103	47	27.85412407	294	145	149	274	0.106589332	1.032327771	82.84268951	18.39689064	22.55953026	11.92529011	29.51172256	105.8262711	3.048531294	21.53924561	6.342046261	39.79289246	37.64757538	12348.5	0.953499973	40
9854	4870.006594	43.36	-5.88	13.1208334	8.625	43.125	423.7948608	23.79999924	3.799999952	20	11.08333302	18.38333321	18.64999962	8.300000191	961	105	49	26.38567543	290	153	155	275	0.119189106	1.009036183	138.7619476	18.37091827	32.72473907	12.07217884	12.8276186	211.9438629	2.736145973	10.21580029	6.706737518	21.48323822	45.79202271	12317.83301	0.925000012	40
9855	3129.336517	40.57	-3.89	13.64166641	10.94999981	36.86868668	673.6158447	30.79999924	1.100000024	29.69999886	9.633333206	22.46666718	22.46666718	6.066666603	391	47	12	36.6333046	136	54	54	110	0.092432395	1.083553672	68.83222198	12.9357996	20.45459747	11.29728889	19.23631477	234.5593719	1.203041553	32.05075073	7.039581776	46.9984169	32.54698181	15827.75	0.256700009	63
9866	3788.23963	41.89	-2.79	9.350000381	10.53333378	38.58363724	602.0344238	25.20000076	-2.099999905	27.30000114	10.8166666	17.14999962	17.14999962	2.583333254	495	59	22	26.04772568	154	81	81	136	0.105305411	1.163641095	2.226088047	11.05226326	19.08428574	13.33772564	16.70148659	146.8557434	1.953778744	12.62514019	6.022379398	54.73969269	26.17602539	14787.66699	0.404000014	17
9867	4945.510398	40.94	-3.22	11.3791666	10.85833359	36.93310547	662.1228027	28.5	-0.899999976	29.39999962	7.633333206	19.98333359	20.04999924	4	398	48	13	33.41374588	132	57	60	105	0.092564955	1.444594026	93.86116028	11.08548164	11.48822594	13.17739391	27.00692177	209.0466003	1.492318869	14.23747063	6.249949932	54.39258575	34.1191864	15442.83301	0.290600002	52
9868	4627.254812	41.78	2.37	11.63749981	9.058333397	36.23333359	572.133667	25.39999962	0.400000006	25	16.58333397	5.816666603	19.06666756	5.25	820	93	45	21.85926437	244	156	208	166	0.105431855	1.054765344	69.66291809	15.36201286	18.18168831	13.70571709	28.46786308	209.7235565	2.179033995	32.88808441	6.443839073	32.30989075	49.50842285	14851.25	0.677299976	43
9869	4128.425571	36.76	-5.28	14.13333321	10.78333282	39.64460754	572.2734985	29.89999962	2.700000048	27.19999886	8.783333778	21.46666718	21.73333359	7.733333111	765	122	2	70.63574982	351	21	26	340	0.111178294	0.988147736	110.2943573	10.17955971	21.03237152	13.87295532	15.04422855	302.3635559	0.846886098	10.98988056	6.013814449	43.22566223	35.74196625	17553	0.467900008	60
9870	4688.394562	41.91	0.17	15.10833359	11.25	37.62541962	676.1617432	31.79999924	1.899999976	29.89999962	16.16666603	23.54999924	23.66666603	7.099999905	453	54	17	27.60040283	140	88	95	97	0.100908086	1.349834204	230.6149445	17.85265923	23.73696518	12.15804672	12.04724789	205.6539001	1.510860562	26.8203392	7.88760519	27.81231689	48.45071793	15194.41699	0.294800013	44
9871	3502.853616	40.75	-3.99	9.137499809	8.541666985	32.35479736	653.8457031	24.5	-1.899999976	26.39999962	5.616666794	17.73333359	17.73333359	1.933333397	664	80	21	38.27779007	230	81	81	191	0.105171882	1.073648334	55.32180786	14.23381519	17.52090073	11.86009598	32.69484711	107.6102448	1.747499824	25.26044464	6.584812641	50.45188904	32.02720642	15637.58301	0.523199975	61
9873	4180.20468	37.94	-5.45	15.88333321	12.59999943	41.31147766	624.6647339	33.59999847	3.099999905	30.49999809	9.683333397	23.88333321	24.04999924	8.800000191	602	99	3	63.54774857	269	26	30	242	0.093745038	1.409758329	20.46889687	15.36794853	20.43177795	9.015005112	12.86613274	188.0808868	1.787338972	11.3855629	6.426585674	35.89416504	43.67405701	17079.25	0.341600001	34
9874	3809.852232	42.34	-3	10.16250038	10.50833321	40.10814285	569.8649292	25.39999962	-0.800000012	26.19999886	11.60000038	17.46666718	17.46666718	3.666666746	543	62	25	25.41847038	169	91	91	148	0.112587273	1.143812656	115.2263107	14.42027664	27.81241608	10.34522629	16.82024384	225.4801331	1.919373512	22.50727463	7.022621632	37.79415894	34.39342499	14069	0.460999995	42
9875	5446.615664	43.38	-5.87	12.42083359	8.574999809	42.0343132	438.8230896	23.5	3.099999905	20.39999962	10.88333321	18.16666603	18.16666603	7.5	993	115	51	25.98153114	302	162	162	280	0.112255663	0.973620117	11.26728821	19.82894516	19.72555161	12.1346674	22.86042023	107.8286667	5.390283108	32.0370636	5.506839752	38.71715927	41.55728912	12331.16699	0.9551	38
9876	4311.020216	41.34	0.99	10.97916698	10.65833378	37.79550934	628.4557495	27.10000038	-1.100000024	28.20000076	11.94999981	19.03333282	19.14999962	3.900000095	679	78	28	25.37702179	208	135	138	149	0.134032324	1.1223737	72.37692261	18.69761467	24.88498688	13.91128635	20.26702499	167.9068909	1.266549706	14.05279446	6.565777779	36.8857193	38.22929382	15525.33301	0.516900003	45
9877	5080.469921	43.02	-5.6	7.466666698	8.333333015	34.15300369	584.9993286	21.89999962	-2.5	24.39999962	1.866666675	15.03333282	15.03333282	0.883333325	1079	125	46	29.69737053	358	163	163	337	0.125705868	0.986530721	28.30217361	11.88184166	27.40399933	14.67058277	31.56855011	194.4377289	4.962140083	21.23386765	5.818583965	28.22543335	44.37056732	13726.91699	1.075999975	43
9878	4465.356267	40.78	-3.62	12.3791666	11.42500019	37.58223724	679.8276978	30.10000038	-0.300000012	30.39999962	8.416666985	21.18333244	21.26666641	4.733333111	404	48	14	34.40348816	138	57	58	110	0.084968559	1.372998357	172.2491608	15.33106232	17.75054359	12.36015797	19.5279274	265.0440674	1.335392118	14.90943527	7.237003803	46.87998199	35.36947632	15550.25	0.277700007	60
9879	4108.052688	37.6	-1.12	16.58749962	11.64166641	41.7264061	593.6486816	31.79999924	3.900000095	27.89999962	13.55000019	24.13333321	24.31666565	9.899999619	321	45	5	42.6141777	113	29	37	88	0.090625346	1.112276316	269.3788757	13.28285027	24.79557228	11.81749821	18.5625248	277.2275391	1.373660922	17.57530975	6.819512367	31.85167694	43.35275269	16749.66602	0.188099995	57
9880	4649.635991	42.72	-3.44	11.63749981	10.4416666	41.43518448	544.0175781	26.20000076	1	25.20000076	6.133333206	18.61666679	18.61666679	5.449999809	692	77	34	25.57678986	212	115	115	193	0.105944484	0.997532308	108.4611053	12.10185814	22.57256508	13.66636944	17.33826447	264.9773254	1.662648559	30.39282608	6.626627922	34.38019562	43.04724121	13569.58301	0.601800025	42
9881	4977.087448	40.46	-5.32	10.6291666	10.45833302	37.08628845	628.1591187	27.20000076	-1	28.20000076	7.099999905	18.76666641	18.76666641	3.533333302	558	70	14	38.56399918	194	63	73	181	0.081851393	1.341942668	49.82349777	17.06540871	14.05777836	10.57820702	26.62697411	142.3176727	1.780893922	36.73199463	6.357745171	57.49745178	28.44477081	16074.33301	0.415699989	24
9882	4873.80017	40.46	-4.26	12.66666698	10.08333302	35.38011551	663.9528198	29.20000076	0.699999988	28.5	8.800000191	21.26666641	21.38333321	5.266666889	375	47	13	34.98458481	125	53	59	99	0.089169726	1.037326932	45.46380997	11.49294472	14.91708279	12.95482254	29.18193054	244.5171509	2.131775856	31.52441788	6.695719719	49.01985931	36.06305695	16019.25	0.255800009	49
9883	4752.164323	42.1	-2.56	8.1875	10.70833302	39.22466278	592.5412598	24.39999962	-2.900000095	27.29999924	9.516666412	15.90000057	15.90000057	1.516666651	624	76	31	25.93286896	195	106	106	170	0.110290483	1.017126441	30.73621941	14.19921684	26.06513596	11.65791893	16.58253098	189.8012238	3.159473896	14.35327244	6.242807865	44.53852463	29.39633942	14431.25	0.539900005	22
9885	4557.406884	41.14	-3.68	10.04166698	9.900000572	35.48387146	652.9960327	26.39999962	-1.5	27.89999962	6.366666794	18.48333359	18.51666641	2.650000095	501	61	19	32.16809082	161	71	79	136	0.088644728	1.408289909	149.5713196	22.84046745	17.93911362	11.10986996	29.08416176	245.5705566	2.351918221	21.06246758	7.166785717	46.48643875	35.57444763	15155.33301	0.393000007	52
9886	4740.019708	42.38	1.73	9.004166603	10.64166641	39.2681427	598.5302124	24.10000038	-3	27.10000038	10.3166666	2.916666746	16.76666641	2.283333302	868	97	56	18.14976501	256	173	212	183	0.109055378	1.079071164	4.060800076	14.7019825	18.19570351	10.24560738	16.62255287	176.9321747	2.894837618	33.4577446	6.199666977	46.14918518	35.65511322	15160.41699	0.685800016	33
9887	3863.235727	40.4	-4.77	12.41249943	10.625	37.15034866	640.213501	28.79999924	0.200000003	28.59999847	8.649999619	20.58333206	20.73333359	5.116666794	372	45	13	33.04503632	119	53	59	101	0.071156949	1.117782712	130.2145081	10.01524067	9.939997673	11.38270855	21.83790398	211.6473999	1.494039774	26.14358902	6.80219698	73.00289917	17.05710602	16015.16699	0.264899999	32
9888	3792.588244	40.93	-3.31	12.13333321	11.66666698	38.25136566	671.583374	29.89999962	-0.600000024	30.5	8.216667175	20.83333397	20.91666603	4.599999905	383	47	12	34.23521423	129	54	56	102	0.087099083	1.403121829	116.1137619	10.43457222	15.60559177	10.47367764	33.75802612	214.9658966	1.119637489	11.86005974	6.936666489	47.77297211	36.62143707	15366.25	0.269199997	55
9890	4728.944058	43.16	-5.07	10.40416622	8.324999809	37.5	507.3570557	22.70000076	0.5	22.20000076	5.333333492	16.79999924	16.86666679	4.533333302	834	90	40	26.27683258	259	137	137	245	0.109903052	1.113434672	38.04457855	18.65380287	26.5356884	13.56707859	27.53602982	190.4742432	2.714692593	14.5086422	6.391118526	40.89548492	32.56882477	13218.75	0.836700022	34
9891	4887.846	41.93	2.92	13.64583302	9.475000381	37.90000153	559.2098999	27.10000038	2.099999905	25	14.55000019	20.79999924	20.85000038	7.366666794	718	86	30	24.13731003	226	141	160	163	0.101935051	1.023375988	91.22922516	10.88310146	19.42052269	14.89478111	22.88167953	316.392334	1.781437755	16.01044846	6.347954273	41.11367798	39.46579742	14590.16699	0.551900029	49
9892	4621.899823	42.68	-6.96	10.59166622	10.08333302	40.33333206	539.2749023	25	0	25	5.116666794	17.48333359	17.51666641	4.383333206	1248	164	36	42.57434464	469	133	154	434	0.099658087	1.067747712	0	8.146108627	12.36676407	16.03597641	28.27306938	98.41915131	2.677355766	20.51617622	5.280367374	41.00687027	46.62636566	13835.5	1.110399961	28
9894	4519.026434	42.59	0.76	6.620833397	9.941666603	36.0205307	632.9385376	22.5	-5.099999905	27.60000038	7.900000095	14.83333302	14.83333302	-0.566666663	1135	121	66	16.41796494	321	241	241	268	0.132249728	1.020392895	38.71939087	16.1066494	27.14228439	14.4869194	24.72604942	176.7316284	3.989998341	22.05485535	6.187412739	32.11192322	40.74579239	14545.16699	0.988799989	46
9895	4267.958009	41.78	2.57	13.97916698	9.925000191	38.76953125	563.4006348	27.60000038	2	25.60000038	14.90000057	21.14999962	21.23333359	7.599999905	808	94	37	22.64821053	256	155	185	184	0.093352608	0.988490105	183.7019196	11.69280243	19.73683548	13.84996891	26.25016594	279.6945801	3.17564559	14.00400639	6.486895561	43.81225204	36.45091248	14656.41699	0.627099991	47
9897	5010.575891	40.95	-5.63	12.35833359	11.85000038	40.03378296	624.2443848	29.79999924	0.200000003	29.59999847	5.866666794	20.31666756	20.41666603	5.233333588	504	63	14	37.98089981	178	61	66	170	0.091866426	1.394535661	NA	NA	14.60342216	NA	15.49969578	NA	NA	NA	NA	56.67120361	28.72537231	15738.16699	0.353899986	42
9898	5199.459481	41.14	-3.58	8.604166985	9.608333588	35.19535828	643.2850952	24.70000076	-2.599999905	27.30000114	5.133333206	17.08333397	17.08333397	1.549999952	666	79	22	35.37811279	222	85	85	192	0.1204997	1.077044845	108.9598007	16.00739861	20.88113213	11.61517715	18.61546707	159.9324188	2.218528509	34.31369019	6.536412716	39.73666382	39.38220215	15206.83301	0.539900005	51
9899	4244.007406	42.54	0.84	7.120833397	10.40833378	37.17261887	631.4609985	23.10000038	-4.900000095	28	8.399999619	0.516666651	15.3166666	-0.049999993	1094	118	66	16.67329788	309	238	239	253	0.128414422	1.090432763	45.62072754	17.32042313	25.8884449	14.5600605	23.96546936	200.3370209	2.074235916	26.48077393	6.209134579	32.96533203	41.14622498	14653.66699	0.944299996	42
9900	3895.068294	37.38	-6.01	18.59166718	11.5666666	41.01654816	587.0799561	34.40000153	6.199999809	28.20000076	12.59999943	26	26.13333321	11.76666641	528	93	2	67.36336517	250	22	27	222	0.090595007	1.3189044	98.49208069	18.18533897	29.26683235	11.06073856	11.85765362	605.0390015	1.25445354	22.72826195	7.32840538	42.35681152	28.37635803	17329.25	0.299499989	52
9901	4993.776026	42.27	-2.98	7.945833206	10.00833321	37.91035461	594.0288696	23.60000038	-2.799999952	26.39999962	9.316666603	15.63333321	15.63333321	1.25	683	81	31	26.88467598	209	111	111	191	0.123331226	1.047077298	41.37181091	16.19480896	19.18255997	14.26880264	29.99927902	169.9102478	4.032922268	23.15521431	6.115060329	46.82403564	33.9934082	14210.08301	0.612600029	35
9902	4478.928868	40.71	-3.24	12.80000019	12.30000019	38.8012619	688.1430664	31.29999924	-0.400000006	31.69999886	8.816666603	21.78333282	21.78333282	5.099999905	393	51	11	38.15681076	142	50	50	110	0.093189001	1.371154428	114.8050232	12.63164711	23.35718918	7.867514133	17.08220291	276.4210815	1.285706043	20.49381447	7.265861511	42.70745468	33.93535614	15433.75	0.264400005	53
9903	4041.549949	42.31	-3.1	8.887499809	10.10833359	38.58142471	580.2003174	24.29999924	-1.899999976	26.19999886	10.23333359	16.39999962	16.39999962	2.350000143	627	74	30	26.12133408	193	105	105	174	0.105940945	1.055776119	47.79167175	18.49976349	22.47304153	14.35415363	22.94498253	138.6894226	1.523268342	12.67268085	6.112135887	44.4569664	33.06999207	14131.16699	0.551400006	42
9904	3657.60241	40.95	-3.31	12.07916641	11.5583334	38.02083588	671.5668945	29.79999924	-0.600000024	30.39999962	8.166666985	20.76666641	20.86666679	4.550000191	386	46	13	33.22391891	128	56	58	102	0.08565063	1.390462995	90.18603516	10.85658932	9.144094467	11.0399437	23.04214478	210.4122162	1.547336459	22.45687103	6.875904083	64.18315125	26.67275238	15318	0.274599999	55
9906	4615.178615	40	4.25	16.95416641	7.091667175	33.60979462	522.9525146	28.70000076	7.599999905	21.10000038	15.19999981	23.43333435	23.86666679	11.35000038	542	81	3	51.32359314	220	39	75	152	NA	NA	NA	NA	24.87319183	NA	NA	NA	NA	NA	NA	47.75871277	27.3680954	15612.08301	0.362399995	NA
9918	4410.280148	47.43	5.21	10.39166641	8.349999428	32.74509811	645.7618408	24.79999924	-0.699999988	25.5	10.65000057	6.316666603	18.46666718	2.666666746	803	84	53	12.87371159	220	169	197	193	0.116099246	1.131607294	63.50163651	23.75378799	33.31824493	9.720931053	16.41376686	334.5342407	1.868719339	51.42193222	7.310060978	7.352981567	59.3287735	11745.66699	0.839600027	28
9925	5226.664196	48.91	4.52	10.49166679	9.449999809	36.9140625	595.8486328	25.29999924	-0.300000012	25.59999847	18.04999924	6.416666508	18.04999924	3.466666698	673	69	45	12.90479755	188	141	188	159	0.107227117	1.295578599	397.2551575	15.07520103	29.06602859	9.7474823	15.48530197	288.7822876	1.758133411	48.28524399	7.874984741	22.35477448	48.57919693	11090.41699	0.728699982	32
9933	5149.871903	43.74	3.89	14.07916641	9.141666412	35.29600906	605.116272	28.39999962	2.5	25.89999962	10.66666698	21.86666679	21.86666679	7.116666794	683	103	22	34.9028511	232	102	102	193	0.106816418	1.212353349	130.8096008	14.04249763	34.99074173	17.77209282	21.79871559	261.5599976	1.598960757	10.96712494	6.837937832	23.74388123	41.26537704	14307	0.468899995	44
9938	4967.209695	50.65	2.99	10.34583378	7.675000191	34.41704178	542.3201904	23.10000038	0.800000012	22.30000114	10.91666698	6.383333206	17.10000038	3.933333397	723	75	43	14.81909084	208	147	183	167	0.082032762	1.445147991	34.72662354	7.540390968	16.79201508	13.53502083	6.82348156	149.1066895	1.509960651	49.41786575	6.47159481	28.84693909	54.36104584	10262.66699	0.837599993	36
10020	5158.205468	49.17	16.5	8.854166985	8.458333015	29.99408913	755.6467896	24.20000076	-4	28.20000076	16.56666756	0.933333337	18.06666756	-0.516666651	503	79	23	43.68778992	205	72	203	75	0.102609813	1.3577739	13.40253258	21.95763206	23.87924957	9.555913925	9.075079918	341.4945984	1.553450465	40.08561325	7.549665928	16.89442444	59.22632599	11056.91699	0.538500011	53
10022	4467.362925	48.0333	7.7667	10.78333378	8.466667175	32.81653595	660.2662354	25.20000076	-0.600000024	25.80000114	17.45000076	4.066666603	19.08333397	2.849999905	893	97	56	19.78442001	287	169	267	187	0.105340116	1.019979477	38.3968811	18.44029617	22.85470963	11.77124405	9.125872612	208.2102356	2.711019993	36.57117462	6.66756916	22.35137939	54.79391098	11402.5	0.939199984	41
10023	4881.726906	68.8	15.45	NA	NA	NA	NA	NA	NA	NA	NA	NA	NA	NA	NA	NA	NA	NA	NA	NA	NA	NA	NA	NA	NA	NA	NA	NA	NA	NA	NA	NA	NA	NA	NA	NA	NA	NA